[22:56:23] [INFO   ] Logger inicializado — VousCommandez
[22:56:23] [INFO   ] Iniciando VousCommandez...
[22:56:23] [INFO   ] Grafo cargado: 0 nodos, 0 aristas
[22:56:23] [INFO   ] Simulator configurado. Iniciando render...
[22:56:25] [WARNING] RendererSFML: fuente no encontrada en assets/fonts/Roboto-Regular.ttf
[22:56:25] [INFO   ] RendererSFML inicializado — ventana 1280x720
[22:56:25] [INFO   ] Nueva orden ORD_00001 desde R17
[22:56:25] [INFO   ] Nueva orden ORD_00002 desde R04
[22:56:27] [INFO   ] Nueva orden ORD_00003 desde R04
[22:56:27] [INFO   ] Nueva orden ORD_00004 desde R19
[22:56:27] [INFO   ] Nueva orden ORD_00005 desde R24
[22:56:27] [INFO   ] Nueva orden ORD_00006 desde R09
[22:56:27] [INFO   ] Nueva orden ORD_00007 desde R17
[22:56:27] [INFO   ] Nueva orden ORD_00008 desde R23
[22:56:27] [INFO   ] Nueva orden ORD_00009 desde R02
[22:56:27] [INFO   ] Nueva orden ORD_00010 desde R18
[22:56:27] [INFO   ] Nueva orden ORD_00011 desde R03
[22:56:27] [INFO   ] Nueva orden ORD_00012 desde R17
[22:56:27] [INFO   ] Nueva orden ORD_00013 desde R12
[22:56:28] [INFO   ] Nueva orden ORD_00014 desde R23
[22:56:28] [INFO   ] Nueva orden ORD_00015 desde R09
[22:56:28] [INFO   ] Nueva orden ORD_00016 desde R21
[22:56:28] [INFO   ] Nueva orden ORD_00017 desde R14
[22:56:28] [INFO   ] Nueva orden ORD_00018 desde R24
[22:56:28] [INFO   ] Nueva orden ORD_00019 desde R25
[22:56:28] [INFO   ] Nueva orden ORD_00020 desde R06
[22:56:28] [INFO   ] Nueva orden ORD_00021 desde R16
[22:56:28] [INFO   ] Nueva orden ORD_00022 desde R17
[22:56:28] [INFO   ] Nueva orden ORD_00023 desde R13
[22:56:28] [INFO   ] Nueva orden ORD_00024 desde R14
[22:56:28] [INFO   ] Nueva orden ORD_00025 desde R20
[22:56:29] [INFO   ] Nueva orden ORD_00026 desde R10
[22:56:29] [INFO   ] Nueva orden ORD_00027 desde R13
[22:56:29] [INFO   ] Nueva orden ORD_00028 desde R06
[22:56:29] [INFO   ] Nueva orden ORD_00029 desde R23
[22:56:29] [INFO   ] Nueva orden ORD_00030 desde R21
[22:56:29] [INFO   ] Nueva orden ORD_00031 desde R13
[22:56:30] [INFO   ] Nueva orden ORD_00032 desde R24
[22:56:30] [INFO   ] Nueva orden ORD_00033 desde R21
[22:56:30] [INFO   ] Nueva orden ORD_00034 desde R06
[22:56:30] [INFO   ] Nueva orden ORD_00035 desde R04
[22:56:30] [INFO   ] Nueva orden ORD_00036 desde R18
[22:56:30] [INFO   ] Nueva orden ORD_00037 desde R14
[22:56:30] [INFO   ] Nueva orden ORD_00038 desde R15
[22:56:30] [INFO   ] Nueva orden ORD_00039 desde R22
[22:56:30] [INFO   ] Nueva orden ORD_00040 desde R15
[22:56:30] [INFO   ] Nueva orden ORD_00041 desde R01
[22:56:30] [INFO   ] Nueva orden ORD_00042 desde R09
[22:56:30] [INFO   ] Nueva orden ORD_00043 desde R01
[22:56:30] [INFO   ] Nueva orden ORD_00044 desde R19
[22:56:30] [INFO   ] Nueva orden ORD_00045 desde R21
[22:56:31] [INFO   ] Nueva orden ORD_00046 desde R01
[22:56:31] [INFO   ] Nueva orden ORD_00047 desde R25
[22:56:31] [INFO   ] Nueva orden ORD_00048 desde R02
[22:56:31] [INFO   ] Nueva orden ORD_00049 desde R06
[22:56:31] [INFO   ] Nueva orden ORD_00050 desde R13
[22:56:31] [INFO   ] Nueva orden ORD_00051 desde R10
[22:56:31] [INFO   ] Nueva orden ORD_00052 desde R01
[22:56:31] [INFO   ] Nueva orden ORD_00053 desde R17
[22:56:31] [INFO   ] Nueva orden ORD_00054 desde R11
[22:56:31] [INFO   ] Nueva orden ORD_00055 desde R08
[22:56:31] [INFO   ] Nueva orden ORD_00056 desde R11
[22:56:31] [INFO   ] Nueva orden ORD_00057 desde R05
[22:56:31] [INFO   ] Nueva orden ORD_00058 desde R25
[22:56:31] [INFO   ] Nueva orden ORD_00059 desde R13
[22:56:31] [INFO   ] Nueva orden ORD_00060 desde R11
[22:56:31] [INFO   ] Nueva orden ORD_00061 desde R25
[22:56:31] [INFO   ] Nueva orden ORD_00062 desde R07
[22:56:31] [INFO   ] Nueva orden ORD_00063 desde R17
[22:56:31] [INFO   ] Nueva orden ORD_00064 desde R17
[22:56:31] [INFO   ] Nueva orden ORD_00065 desde R11
[22:56:31] [INFO   ] Nueva orden ORD_00066 desde R04
[22:56:31] [INFO   ] Nueva orden ORD_00067 desde R20
[22:56:31] [INFO   ] Nueva orden ORD_00068 desde R10
[22:56:31] [INFO   ] Nueva orden ORD_00069 desde R13
[22:56:31] [INFO   ] Nueva orden ORD_00070 desde R18
[22:56:31] [INFO   ] Nueva orden ORD_00071 desde R17
[22:56:31] [INFO   ] Nueva orden ORD_00072 desde R21
[22:56:31] [INFO   ] Nueva orden ORD_00073 desde R03
[22:56:31] [INFO   ] Nueva orden ORD_00074 desde R14
[22:56:31] [INFO   ] Nueva orden ORD_00075 desde R22
[22:56:32] [INFO   ] Nueva orden ORD_00076 desde R22
[22:56:32] [INFO   ] Nueva orden ORD_00077 desde R06
[22:56:32] [INFO   ] Nueva orden ORD_00078 desde R01
[22:56:32] [INFO   ] Nueva orden ORD_00079 desde R07
[22:56:32] [INFO   ] Nueva orden ORD_00080 desde R09
[22:56:32] [INFO   ] Nueva orden ORD_00081 desde R11
[22:56:32] [INFO   ] Nueva orden ORD_00082 desde R06
[22:56:32] [INFO   ] Nueva orden ORD_00083 desde R09
[22:56:32] [INFO   ] Nueva orden ORD_00084 desde R12
[22:56:32] [INFO   ] Nueva orden ORD_00085 desde R25
[22:56:32] [INFO   ] Nueva orden ORD_00086 desde R07
[22:56:32] [INFO   ] Nueva orden ORD_00087 desde R07
[22:56:32] [INFO   ] Nueva orden ORD_00088 desde R22
[22:56:32] [INFO   ] Nueva orden ORD_00089 desde R12
[22:56:32] [INFO   ] Nueva orden ORD_00090 desde R07
[22:56:32] [INFO   ] Nueva orden ORD_00091 desde R16
[22:56:32] [INFO   ] Nueva orden ORD_00092 desde R01
[22:56:32] [INFO   ] Nueva orden ORD_00093 desde R19
[22:56:32] [INFO   ] Nueva orden ORD_00094 desde R15
[22:56:32] [INFO   ] Nueva orden ORD_00095 desde R07
[22:56:32] [INFO   ] Nueva orden ORD_00096 desde R10
[22:56:32] [INFO   ] Nueva orden ORD_00097 desde R06
[22:56:32] [INFO   ] Nueva orden ORD_00098 desde R08
[22:56:32] [INFO   ] Nueva orden ORD_00099 desde R20
[22:56:32] [INFO   ] Nueva orden ORD_00100 desde R07
[22:56:32] [INFO   ] Nueva orden ORD_00101 desde R14
[22:56:32] [INFO   ] Nueva orden ORD_00102 desde R16
[22:56:32] [INFO   ] Nueva orden ORD_00103 desde R22
[22:56:32] [INFO   ] Nueva orden ORD_00104 desde R23
[22:56:32] [INFO   ] Nueva orden ORD_00105 desde R07
[22:56:33] [INFO   ] Nueva orden ORD_00106 desde R16
[22:56:33] [INFO   ] Nueva orden ORD_00107 desde R07
[22:56:33] [INFO   ] Nueva orden ORD_00108 desde R25
[22:56:33] [INFO   ] Nueva orden ORD_00109 desde R16
[22:56:33] [INFO   ] Nueva orden ORD_00110 desde R24
[22:56:33] [INFO   ] Nueva orden ORD_00111 desde R08
[22:56:33] [INFO   ] Nueva orden ORD_00112 desde R18
[22:56:33] [INFO   ] Nueva orden ORD_00113 desde R20
[22:56:33] [INFO   ] Nueva orden ORD_00114 desde R23
[22:56:33] [INFO   ] Nueva orden ORD_00115 desde R02
[22:56:33] [INFO   ] Nueva orden ORD_00116 desde R03
[22:56:33] [INFO   ] Nueva orden ORD_00117 desde R11
[22:56:33] [INFO   ] Nueva orden ORD_00118 desde R07
[22:56:33] [INFO   ] Nueva orden ORD_00119 desde R19
[22:56:33] [INFO   ] Nueva orden ORD_00120 desde R15
[22:56:33] [INFO   ] Nueva orden ORD_00121 desde R09
[22:56:33] [INFO   ] Nueva orden ORD_00122 desde R08
[22:56:33] [INFO   ] Nueva orden ORD_00123 desde R08
[22:56:33] [INFO   ] Nueva orden ORD_00124 desde R19
[22:56:33] [INFO   ] Nueva orden ORD_00125 desde R12
[22:56:33] [INFO   ] Nueva orden ORD_00126 desde R11
[22:56:33] [INFO   ] Nueva orden ORD_00127 desde R05
[22:56:33] [INFO   ] Nueva orden ORD_00128 desde R20
[22:56:33] [INFO   ] Nueva orden ORD_00129 desde R14
[22:56:33] [INFO   ] Nueva orden ORD_00130 desde R17
[22:56:33] [INFO   ] Nueva orden ORD_00131 desde R21
[22:56:33] [INFO   ] Nueva orden ORD_00132 desde R20
[22:56:33] [INFO   ] Nueva orden ORD_00133 desde R07
[22:56:33] [INFO   ] Nueva orden ORD_00134 desde R03
[22:56:34] [INFO   ] Nueva orden ORD_00135 desde R10
[22:56:34] [INFO   ] Nueva orden ORD_00136 desde R17
[22:56:34] [INFO   ] Nueva orden ORD_00137 desde R23
[22:56:34] [INFO   ] Nueva orden ORD_00138 desde R22
[22:56:34] [INFO   ] Nueva orden ORD_00139 desde R23
[22:56:34] [INFO   ] Nueva orden ORD_00140 desde R15
[22:56:34] [INFO   ] Nueva orden ORD_00141 desde R18
[22:56:34] [INFO   ] Nueva orden ORD_00142 desde R12
[22:56:34] [INFO   ] Nueva orden ORD_00143 desde R14
[22:56:34] [INFO   ] Nueva orden ORD_00144 desde R11
[22:56:34] [INFO   ] Nueva orden ORD_00145 desde R24
[22:56:34] [INFO   ] Nueva orden ORD_00146 desde R13
[22:56:34] [INFO   ] Nueva orden ORD_00147 desde R09
[22:56:34] [INFO   ] Nueva orden ORD_00148 desde R18
[22:56:34] [INFO   ] Nueva orden ORD_00149 desde R01
[22:56:34] [INFO   ] Nueva orden ORD_00150 desde R11
[22:56:34] [INFO   ] Nueva orden ORD_00151 desde R19
[22:56:34] [INFO   ] Nueva orden ORD_00152 desde R23
[22:56:34] [INFO   ] Nueva orden ORD_00153 desde R11
[22:56:34] [INFO   ] Nueva orden ORD_00154 desde R14
[22:56:34] [INFO   ] Nueva orden ORD_00155 desde R03
[22:56:34] [INFO   ] Nueva orden ORD_00156 desde R16
[22:56:34] [INFO   ] Nueva orden ORD_00157 desde R06
[22:56:34] [INFO   ] Nueva orden ORD_00158 desde R08
[22:56:35] [INFO   ] Nueva orden ORD_00159 desde R22
[22:56:35] [INFO   ] Nueva orden ORD_00160 desde R15
[22:56:35] [INFO   ] Nueva orden ORD_00161 desde R11
[22:56:35] [INFO   ] Nueva orden ORD_00162 desde R23
[22:56:35] [INFO   ] Nueva orden ORD_00163 desde R17
[22:56:35] [INFO   ] Nueva orden ORD_00164 desde R21
[22:56:35] [INFO   ] Nueva orden ORD_00165 desde R13
[22:56:35] [INFO   ] Nueva orden ORD_00166 desde R18
[22:56:35] [INFO   ] Nueva orden ORD_00167 desde R01
[22:56:35] [INFO   ] Nueva orden ORD_00168 desde R25
[22:56:35] [INFO   ] Nueva orden ORD_00169 desde R19
[22:56:35] [INFO   ] Nueva orden ORD_00170 desde R23
[22:56:35] [INFO   ] Nueva orden ORD_00171 desde R13
[22:56:35] [INFO   ] Nueva orden ORD_00172 desde R16
[22:56:35] [INFO   ] Nueva orden ORD_00173 desde R11
[22:56:35] [INFO   ] Nueva orden ORD_00174 desde R22
[22:56:35] [INFO   ] Nueva orden ORD_00175 desde R16
[22:56:35] [INFO   ] Nueva orden ORD_00176 desde R06
[22:56:35] [INFO   ] Nueva orden ORD_00177 desde R22
[22:56:35] [INFO   ] Nueva orden ORD_00178 desde R14
[22:56:35] [INFO   ] Nueva orden ORD_00179 desde R25
[22:56:35] [INFO   ] Nueva orden ORD_00180 desde R12
[22:56:35] [INFO   ] Nueva orden ORD_00181 desde R10
[22:56:35] [INFO   ] Nueva orden ORD_00182 desde R10
[22:56:35] [INFO   ] Nueva orden ORD_00183 desde R24
[22:56:36] [INFO   ] Nueva orden ORD_00184 desde R03
[22:56:36] [INFO   ] Nueva orden ORD_00185 desde R20
[22:56:36] [INFO   ] Nueva orden ORD_00186 desde R08
[22:56:36] [INFO   ] Nueva orden ORD_00187 desde R01
[22:56:36] [INFO   ] Nueva orden ORD_00188 desde R16
[22:56:36] [INFO   ] Nueva orden ORD_00189 desde R21
[22:56:36] [INFO   ] Nueva orden ORD_00190 desde R23
[22:56:36] [INFO   ] Nueva orden ORD_00191 desde R15
[22:56:36] [INFO   ] Nueva orden ORD_00192 desde R25
[22:56:36] [INFO   ] Nueva orden ORD_00193 desde R06
[22:56:36] [INFO   ] Nueva orden ORD_00194 desde R02
[22:56:36] [INFO   ] Nueva orden ORD_00195 desde R24
[22:56:36] [INFO   ] Nueva orden ORD_00196 desde R25
[22:56:36] [INFO   ] Nueva orden ORD_00197 desde R14
[22:56:36] [INFO   ] Nueva orden ORD_00198 desde R14
[22:56:36] [INFO   ] Nueva orden ORD_00199 desde R01
[22:56:36] [INFO   ] Nueva orden ORD_00200 desde R23
[22:56:36] [INFO   ] Nueva orden ORD_00201 desde R07
[22:56:36] [INFO   ] Nueva orden ORD_00202 desde R24
[22:56:36] [INFO   ] Nueva orden ORD_00203 desde R16
[22:56:36] [INFO   ] Nueva orden ORD_00204 desde R08
[22:56:36] [INFO   ] Nueva orden ORD_00205 desde R19
[22:56:36] [INFO   ] Nueva orden ORD_00206 desde R15
[22:56:36] [INFO   ] Nueva orden ORD_00207 desde R16
[22:56:36] [INFO   ] Nueva orden ORD_00208 desde R06
[22:56:36] [INFO   ] Nueva orden ORD_00209 desde R13
[22:56:36] [INFO   ] Nueva orden ORD_00210 desde R11
[22:56:36] [INFO   ] Nueva orden ORD_00211 desde R09
[22:56:36] [INFO   ] Nueva orden ORD_00212 desde R05
[22:56:36] [INFO   ] Nueva orden ORD_00213 desde R21
[22:56:36] [INFO   ] Nueva orden ORD_00214 desde R07
[22:56:36] [INFO   ] Nueva orden ORD_00215 desde R16
[22:56:36] [INFO   ] Nueva orden ORD_00216 desde R19
[22:56:36] [INFO   ] Nueva orden ORD_00217 desde R02
[22:56:36] [INFO   ] Nueva orden ORD_00218 desde R17
[22:56:36] [INFO   ] Nueva orden ORD_00219 desde R04
[22:56:36] [INFO   ] Nueva orden ORD_00220 desde R14
[22:56:37] [INFO   ] Nueva orden ORD_00221 desde R13
[22:56:37] [INFO   ] Nueva orden ORD_00222 desde R15
[22:56:37] [INFO   ] Nueva orden ORD_00223 desde R21
[22:56:37] [INFO   ] Nueva orden ORD_00224 desde R09
[22:56:37] [INFO   ] Nueva orden ORD_00225 desde R08
[22:56:37] [INFO   ] Nueva orden ORD_00226 desde R25
[22:56:37] [INFO   ] Nueva orden ORD_00227 desde R07
[22:56:37] [INFO   ] Nueva orden ORD_00228 desde R25
[22:56:37] [INFO   ] Nueva orden ORD_00229 desde R23
[22:56:37] [INFO   ] Nueva orden ORD_00230 desde R05
[22:56:37] [INFO   ] Nueva orden ORD_00231 desde R07
[22:56:37] [INFO   ] Nueva orden ORD_00232 desde R23
[22:56:37] [INFO   ] Nueva orden ORD_00233 desde R25
[22:56:37] [INFO   ] Nueva orden ORD_00234 desde R19
[22:56:37] [INFO   ] Nueva orden ORD_00235 desde R24
[22:56:37] [INFO   ] Nueva orden ORD_00236 desde R03
[22:56:37] [INFO   ] Nueva orden ORD_00237 desde R01
[22:56:37] [INFO   ] Nueva orden ORD_00238 desde R13
[22:56:37] [INFO   ] Nueva orden ORD_00239 desde R16
[22:56:37] [INFO   ] Nueva orden ORD_00240 desde R25
[22:56:37] [INFO   ] Nueva orden ORD_00241 desde R11
[22:56:37] [INFO   ] Nueva orden ORD_00242 desde R23
[22:56:37] [INFO   ] Nueva orden ORD_00243 desde R18
[22:56:37] [INFO   ] Nueva orden ORD_00244 desde R24
[22:56:37] [INFO   ] Nueva orden ORD_00245 desde R17
[22:56:37] [INFO   ] Nueva orden ORD_00246 desde R15
[22:56:37] [INFO   ] Nueva orden ORD_00247 desde R02
[22:56:37] [INFO   ] Nueva orden ORD_00248 desde R02
[22:56:37] [INFO   ] Nueva orden ORD_00249 desde R15
[22:56:37] [INFO   ] Nueva orden ORD_00250 desde R02
[22:56:37] [INFO   ] Nueva orden ORD_00251 desde R22
[22:56:37] [INFO   ] Nueva orden ORD_00252 desde R20
[22:56:37] [INFO   ] Nueva orden ORD_00253 desde R02
[22:56:37] [INFO   ] Nueva orden ORD_00254 desde R25
[22:56:37] [INFO   ] Nueva orden ORD_00255 desde R09
[22:56:37] [INFO   ] Nueva orden ORD_00256 desde R13
[22:56:37] [INFO   ] Nueva orden ORD_00257 desde R19
[22:56:37] [INFO   ] Nueva orden ORD_00258 desde R24
[22:56:37] [INFO   ] Nueva orden ORD_00259 desde R09
[22:56:37] [INFO   ] Nueva orden ORD_00260 desde R11
[22:56:37] [INFO   ] Nueva orden ORD_00261 desde R07
[22:56:37] [INFO   ] Nueva orden ORD_00262 desde R04
[22:56:37] [INFO   ] Nueva orden ORD_00263 desde R12
[22:56:37] [INFO   ] Nueva orden ORD_00264 desde R21
[22:56:37] [INFO   ] Nueva orden ORD_00265 desde R01
[22:56:37] [INFO   ] Nueva orden ORD_00266 desde R02
[22:56:37] [INFO   ] Nueva orden ORD_00267 desde R21
[22:56:37] [INFO   ] Nueva orden ORD_00268 desde R02
[22:56:37] [INFO   ] Nueva orden ORD_00269 desde R25
[22:56:37] [INFO   ] Nueva orden ORD_00270 desde R10
[22:56:37] [INFO   ] Nueva orden ORD_00271 desde R01
[22:56:37] [INFO   ] Nueva orden ORD_00272 desde R17
[22:56:37] [INFO   ] Nueva orden ORD_00273 desde R05
[22:56:37] [INFO   ] Nueva orden ORD_00274 desde R22
[22:56:37] [INFO   ] Nueva orden ORD_00275 desde R16
[22:56:37] [INFO   ] Nueva orden ORD_00276 desde R01
[22:56:37] [INFO   ] Nueva orden ORD_00277 desde R12
[22:56:37] [INFO   ] Nueva orden ORD_00278 desde R01
[22:56:37] [INFO   ] Nueva orden ORD_00279 desde R02
[22:56:37] [INFO   ] Nueva orden ORD_00280 desde R20
[22:56:38] [INFO   ] Nueva orden ORD_00281 desde R17
[22:56:38] [INFO   ] Nueva orden ORD_00282 desde R16
[22:56:38] [INFO   ] Nueva orden ORD_00283 desde R11
[22:56:38] [INFO   ] Nueva orden ORD_00284 desde R11
[22:56:38] [INFO   ] Nueva orden ORD_00285 desde R16
[22:56:38] [INFO   ] Nueva orden ORD_00286 desde R23
[22:56:38] [INFO   ] Nueva orden ORD_00287 desde R12
[22:56:38] [INFO   ] Nueva orden ORD_00288 desde R15
[22:56:38] [INFO   ] Nueva orden ORD_00289 desde R24
[22:56:38] [INFO   ] Nueva orden ORD_00290 desde R09
[22:56:38] [INFO   ] Nueva orden ORD_00291 desde R05
[22:56:38] [INFO   ] Nueva orden ORD_00292 desde R03
[22:56:38] [INFO   ] Nueva orden ORD_00293 desde R05
[22:56:38] [INFO   ] Nueva orden ORD_00294 desde R06
[22:56:38] [INFO   ] Nueva orden ORD_00295 desde R13
[22:56:38] [INFO   ] Nueva orden ORD_00296 desde R12
[22:56:38] [INFO   ] Nueva orden ORD_00297 desde R21
[22:56:38] [INFO   ] Nueva orden ORD_00298 desde R11
[22:56:38] [INFO   ] Nueva orden ORD_00299 desde R23
[22:56:38] [INFO   ] Nueva orden ORD_00300 desde R11
[22:56:38] [INFO   ] Nueva orden ORD_00301 desde R14
[22:56:38] [INFO   ] Nueva orden ORD_00302 desde R19
[22:56:38] [INFO   ] Nueva orden ORD_00303 desde R09
[22:56:38] [INFO   ] Nueva orden ORD_00304 desde R02
[22:56:38] [INFO   ] Nueva orden ORD_00305 desde R15
[22:56:38] [INFO   ] Nueva orden ORD_00306 desde R20
[22:56:38] [INFO   ] Nueva orden ORD_00307 desde R08
[22:56:38] [INFO   ] Nueva orden ORD_00308 desde R03
[22:56:38] [INFO   ] Nueva orden ORD_00309 desde R20
[22:56:38] [INFO   ] Nueva orden ORD_00310 desde R20
[22:56:38] [INFO   ] Nueva orden ORD_00311 desde R05
[22:56:38] [INFO   ] Nueva orden ORD_00312 desde R07
[22:56:38] [INFO   ] Nueva orden ORD_00313 desde R20
[22:56:38] [INFO   ] Nueva orden ORD_00314 desde R17
[22:56:38] [INFO   ] Nueva orden ORD_00315 desde R12
[22:56:38] [INFO   ] Nueva orden ORD_00316 desde R19
[22:56:38] [INFO   ] Nueva orden ORD_00317 desde R06
[22:56:38] [INFO   ] Nueva orden ORD_00318 desde R18
[22:56:38] [INFO   ] Nueva orden ORD_00319 desde R07
[22:56:38] [INFO   ] Nueva orden ORD_00320 desde R15
[22:56:38] [INFO   ] Nueva orden ORD_00321 desde R05
[22:56:38] [INFO   ] Nueva orden ORD_00322 desde R21
[22:56:38] [INFO   ] Nueva orden ORD_00323 desde R11
[22:56:38] [INFO   ] Nueva orden ORD_00324 desde R04
[22:56:38] [INFO   ] Nueva orden ORD_00325 desde R04
[22:56:38] [INFO   ] Nueva orden ORD_00326 desde R23
[22:56:38] [INFO   ] Nueva orden ORD_00327 desde R15
[22:56:38] [INFO   ] Nueva orden ORD_00328 desde R25
[22:56:38] [INFO   ] Nueva orden ORD_00329 desde R25
[22:56:38] [INFO   ] Nueva orden ORD_00330 desde R24
[22:56:38] [INFO   ] Nueva orden ORD_00331 desde R06
[22:56:38] [INFO   ] Nueva orden ORD_00332 desde R15
[22:56:39] [INFO   ] Nueva orden ORD_00333 desde R09
[22:56:39] [INFO   ] Nueva orden ORD_00334 desde R23
[22:56:39] [INFO   ] Nueva orden ORD_00335 desde R21
[22:56:39] [INFO   ] Nueva orden ORD_00336 desde R17
[22:56:39] [INFO   ] Nueva orden ORD_00337 desde R17
[22:56:39] [INFO   ] Nueva orden ORD_00338 desde R11
[22:56:39] [INFO   ] Nueva orden ORD_00339 desde R05
[22:56:39] [INFO   ] Nueva orden ORD_00340 desde R12
[22:56:39] [INFO   ] Nueva orden ORD_00341 desde R11
[22:56:39] [INFO   ] Nueva orden ORD_00342 desde R01
[22:56:39] [INFO   ] Nueva orden ORD_00343 desde R06
[22:56:39] [INFO   ] Nueva orden ORD_00344 desde R22
[22:56:39] [INFO   ] Nueva orden ORD_00345 desde R24
[22:56:39] [INFO   ] Nueva orden ORD_00346 desde R15
[22:56:39] [INFO   ] Nueva orden ORD_00347 desde R10
[22:56:39] [INFO   ] Nueva orden ORD_00348 desde R14
[22:56:39] [INFO   ] Nueva orden ORD_00349 desde R21
[22:56:39] [INFO   ] Nueva orden ORD_00350 desde R12
[22:56:39] [INFO   ] Nueva orden ORD_00351 desde R14
[22:56:39] [INFO   ] Nueva orden ORD_00352 desde R11
[22:56:39] [INFO   ] Nueva orden ORD_00353 desde R25
[22:56:40] [INFO   ] Nueva orden ORD_00354 desde R02
[22:56:40] [INFO   ] Nueva orden ORD_00355 desde R13
[22:56:40] [INFO   ] Nueva orden ORD_00356 desde R05
[22:56:40] [INFO   ] Nueva orden ORD_00357 desde R01
[22:56:40] [INFO   ] Nueva orden ORD_00358 desde R05
[22:56:40] [INFO   ] Nueva orden ORD_00359 desde R24
[22:56:40] [INFO   ] Nueva orden ORD_00360 desde R18
[22:56:40] [INFO   ] Nueva orden ORD_00361 desde R11
[22:56:40] [INFO   ] Nueva orden ORD_00362 desde R15
[22:56:40] [INFO   ] Nueva orden ORD_00363 desde R08
[22:56:40] [INFO   ] Nueva orden ORD_00364 desde R18
[22:56:40] [INFO   ] Nueva orden ORD_00365 desde R17
[22:56:40] [INFO   ] Nueva orden ORD_00366 desde R09
[22:56:40] [INFO   ] Nueva orden ORD_00367 desde R09
[22:56:40] [INFO   ] Nueva orden ORD_00368 desde R05
[22:56:40] [INFO   ] Nueva orden ORD_00369 desde R18
[22:56:40] [INFO   ] Nueva orden ORD_00370 desde R06
[22:56:40] [INFO   ] Nueva orden ORD_00371 desde R08
[22:56:40] [INFO   ] Nueva orden ORD_00372 desde R23
[22:56:40] [INFO   ] Nueva orden ORD_00373 desde R06
[22:56:40] [INFO   ] Nueva orden ORD_00374 desde R19
[22:56:41] [INFO   ] Nueva orden ORD_00375 desde R17
[22:56:41] [INFO   ] Nueva orden ORD_00376 desde R15
[22:56:41] [INFO   ] Nueva orden ORD_00377 desde R04
[22:56:41] [INFO   ] Nueva orden ORD_00378 desde R13
[22:56:41] [INFO   ] Nueva orden ORD_00379 desde R17
[22:56:41] [INFO   ] Nueva orden ORD_00380 desde R08
[22:56:41] [INFO   ] Nueva orden ORD_00381 desde R13
[22:56:41] [INFO   ] Nueva orden ORD_00382 desde R12
[22:56:41] [INFO   ] Nueva orden ORD_00383 desde R05
[22:56:41] [INFO   ] Nueva orden ORD_00384 desde R24
[22:56:41] [INFO   ] Nueva orden ORD_00385 desde R03
[22:56:41] [INFO   ] Nueva orden ORD_00386 desde R21
[22:56:41] [INFO   ] Nueva orden ORD_00387 desde R08
[22:56:41] [INFO   ] Nueva orden ORD_00388 desde R10
[22:56:41] [INFO   ] Nueva orden ORD_00389 desde R01
[22:56:41] [INFO   ] Nueva orden ORD_00390 desde R25
[22:56:41] [INFO   ] Nueva orden ORD_00391 desde R21
[22:56:41] [INFO   ] Nueva orden ORD_00392 desde R03
[22:56:41] [INFO   ] Nueva orden ORD_00393 desde R09
[22:56:41] [INFO   ] Nueva orden ORD_00394 desde R10
[22:56:41] [INFO   ] Nueva orden ORD_00395 desde R19
[22:56:42] [INFO   ] Nueva orden ORD_00396 desde R09
[22:56:42] [INFO   ] Nueva orden ORD_00397 desde R14
[22:56:42] [INFO   ] Nueva orden ORD_00398 desde R04
[22:56:42] [INFO   ] Nueva orden ORD_00399 desde R22
[22:56:42] [INFO   ] Nueva orden ORD_00400 desde R19
[22:56:42] [INFO   ] Nueva orden ORD_00401 desde R21
[22:56:42] [INFO   ] Nueva orden ORD_00402 desde R14
[22:56:42] [INFO   ] Nueva orden ORD_00403 desde R19
[22:56:42] [INFO   ] Nueva orden ORD_00404 desde R05
[22:56:42] [INFO   ] Nueva orden ORD_00405 desde R04
[22:56:42] [INFO   ] Nueva orden ORD_00406 desde R19
[22:56:42] [INFO   ] Nueva orden ORD_00407 desde R10
[22:56:42] [INFO   ] Nueva orden ORD_00408 desde R04
[22:56:42] [INFO   ] Nueva orden ORD_00409 desde R23
[22:56:42] [INFO   ] Nueva orden ORD_00410 desde R20
[22:56:42] [INFO   ] Nueva orden ORD_00411 desde R23
[22:56:42] [INFO   ] Nueva orden ORD_00412 desde R12
[22:56:42] [INFO   ] Nueva orden ORD_00413 desde R22
[22:56:42] [INFO   ] Nueva orden ORD_00414 desde R17
[22:56:42] [INFO   ] Nueva orden ORD_00415 desde R09
[22:56:42] [INFO   ] Nueva orden ORD_00416 desde R02
[22:56:42] [INFO   ] Nueva orden ORD_00417 desde R16
[22:56:42] [INFO   ] Nueva orden ORD_00418 desde R01
[22:56:43] [INFO   ] Nueva orden ORD_00419 desde R04
[22:56:43] [INFO   ] Nueva orden ORD_00420 desde R17
[22:56:43] [INFO   ] Nueva orden ORD_00421 desde R21
[22:56:43] [INFO   ] Nueva orden ORD_00422 desde R15
[22:56:43] [INFO   ] Nueva orden ORD_00423 desde R19
[22:56:43] [INFO   ] Nueva orden ORD_00424 desde R18
[22:56:43] [INFO   ] Nueva orden ORD_00425 desde R18
[22:56:43] [INFO   ] Nueva orden ORD_00426 desde R01
[22:56:43] [INFO   ] Nueva orden ORD_00427 desde R04
[22:56:43] [INFO   ] Nueva orden ORD_00428 desde R18
[22:56:43] [INFO   ] Nueva orden ORD_00429 desde R04
[22:56:43] [INFO   ] Nueva orden ORD_00430 desde R22
[22:56:43] [INFO   ] Nueva orden ORD_00431 desde R05
[22:56:43] [INFO   ] Nueva orden ORD_00432 desde R25
[22:56:43] [INFO   ] Nueva orden ORD_00433 desde R05
[22:56:43] [INFO   ] Nueva orden ORD_00434 desde R12
[22:56:43] [INFO   ] Nueva orden ORD_00435 desde R20
[22:56:43] [INFO   ] Nueva orden ORD_00436 desde R07
[22:56:43] [INFO   ] Nueva orden ORD_00437 desde R09
[22:56:43] [INFO   ] Nueva orden ORD_00438 desde R15
[22:56:43] [INFO   ] Nueva orden ORD_00439 desde R24
[22:56:43] [INFO   ] Nueva orden ORD_00440 desde R22
[22:56:43] [INFO   ] Nueva orden ORD_00441 desde R03
[22:56:43] [INFO   ] Nueva orden ORD_00442 desde R08
[22:56:43] [INFO   ] Nueva orden ORD_00443 desde R10
[22:56:43] [INFO   ] Nueva orden ORD_00444 desde R04
[22:56:43] [INFO   ] Nueva orden ORD_00445 desde R21
[22:56:43] [INFO   ] Nueva orden ORD_00446 desde R12
[22:56:43] [INFO   ] Nueva orden ORD_00447 desde R04
[22:56:43] [INFO   ] Nueva orden ORD_00448 desde R25
[22:56:43] [INFO   ] Nueva orden ORD_00449 desde R09
[22:56:43] [INFO   ] Nueva orden ORD_00450 desde R21
[22:56:43] [INFO   ] Nueva orden ORD_00451 desde R05
[22:56:43] [INFO   ] Nueva orden ORD_00452 desde R25
[22:56:43] [INFO   ] Nueva orden ORD_00453 desde R03
[22:56:44] [INFO   ] Nueva orden ORD_00454 desde R19
[22:56:44] [INFO   ] Nueva orden ORD_00455 desde R16
[22:56:44] [INFO   ] Nueva orden ORD_00456 desde R03
[22:56:44] [INFO   ] Nueva orden ORD_00457 desde R20
[22:56:44] [INFO   ] Nueva orden ORD_00458 desde R25
[22:56:44] [INFO   ] Nueva orden ORD_00459 desde R06
[22:56:44] [INFO   ] Nueva orden ORD_00460 desde R01
[22:56:44] [INFO   ] Nueva orden ORD_00461 desde R05
[22:56:44] [INFO   ] Nueva orden ORD_00462 desde R05
[22:56:44] [INFO   ] Nueva orden ORD_00463 desde R24
[22:56:44] [INFO   ] Nueva orden ORD_00464 desde R09
[22:56:44] [INFO   ] Nueva orden ORD_00465 desde R18
[22:56:44] [INFO   ] Nueva orden ORD_00466 desde R22
[22:56:44] [INFO   ] Nueva orden ORD_00467 desde R11
[22:56:44] [INFO   ] Nueva orden ORD_00468 desde R05
[22:56:44] [INFO   ] Nueva orden ORD_00469 desde R06
[22:56:44] [INFO   ] Nueva orden ORD_00470 desde R09
[22:56:44] [INFO   ] Nueva orden ORD_00471 desde R16
[22:56:44] [INFO   ] Nueva orden ORD_00472 desde R16
[22:56:44] [INFO   ] Nueva orden ORD_00473 desde R09
[22:56:44] [INFO   ] Nueva orden ORD_00474 desde R07
[22:56:44] [INFO   ] Nueva orden ORD_00475 desde R19
[22:56:44] [INFO   ] Nueva orden ORD_00476 desde R08
[22:56:44] [INFO   ] Nueva orden ORD_00477 desde R17
[22:56:44] [INFO   ] Nueva orden ORD_00478 desde R25
[22:56:44] [INFO   ] Nueva orden ORD_00479 desde R06
[22:56:44] [INFO   ] Nueva orden ORD_00480 desde R13
[22:56:44] [INFO   ] Nueva orden ORD_00481 desde R04
[22:56:44] [INFO   ] Nueva orden ORD_00482 desde R15
[22:56:44] [INFO   ] Nueva orden ORD_00483 desde R04
[22:56:44] [INFO   ] Nueva orden ORD_00484 desde R09
[22:56:44] [INFO   ] Nueva orden ORD_00485 desde R06
[22:56:44] [INFO   ] Nueva orden ORD_00486 desde R21
[22:56:44] [INFO   ] Nueva orden ORD_00487 desde R14
[22:56:44] [INFO   ] Nueva orden ORD_00488 desde R09
[22:56:44] [INFO   ] Nueva orden ORD_00489 desde R04
[22:56:44] [INFO   ] Nueva orden ORD_00490 desde R06
[22:56:44] [INFO   ] Nueva orden ORD_00491 desde R04
[22:56:44] [INFO   ] Nueva orden ORD_00492 desde R18
[22:56:44] [INFO   ] Nueva orden ORD_00493 desde R14
[22:56:44] [INFO   ] Nueva orden ORD_00494 desde R01
[22:56:44] [INFO   ] Nueva orden ORD_00495 desde R11
[22:56:44] [INFO   ] Nueva orden ORD_00496 desde R14
[22:56:44] [INFO   ] Nueva orden ORD_00497 desde R04
[22:56:44] [INFO   ] Nueva orden ORD_00498 desde R19
[22:56:44] [INFO   ] Nueva orden ORD_00499 desde R13
[22:56:44] [INFO   ] Nueva orden ORD_00500 desde R13
[22:56:44] [INFO   ] Nueva orden ORD_00501 desde R22
[22:56:44] [INFO   ] Nueva orden ORD_00502 desde R13
[22:56:44] [INFO   ] Nueva orden ORD_00503 desde R17
[22:56:44] [INFO   ] Nueva orden ORD_00504 desde R25
[22:56:44] [INFO   ] Nueva orden ORD_00505 desde R09
[22:56:44] [INFO   ] Nueva orden ORD_00506 desde R20
[22:56:44] [INFO   ] Nueva orden ORD_00507 desde R02
[22:56:45] [INFO   ] Nueva orden ORD_00508 desde R03
[22:56:45] [INFO   ] Nueva orden ORD_00509 desde R23
[22:56:45] [INFO   ] Nueva orden ORD_00510 desde R01
[22:56:45] [INFO   ] Nueva orden ORD_00511 desde R23
[22:56:45] [INFO   ] Nueva orden ORD_00512 desde R02
[22:56:45] [INFO   ] Nueva orden ORD_00513 desde R07
[22:56:45] [INFO   ] Nueva orden ORD_00514 desde R17
[22:56:45] [INFO   ] Nueva orden ORD_00515 desde R15
[22:56:45] [INFO   ] Nueva orden ORD_00516 desde R21
[22:56:45] [INFO   ] Nueva orden ORD_00517 desde R06
[22:56:45] [INFO   ] Nueva orden ORD_00518 desde R07
[22:56:45] [INFO   ] Nueva orden ORD_00519 desde R14
[22:56:45] [INFO   ] Nueva orden ORD_00520 desde R17
[22:56:45] [INFO   ] Nueva orden ORD_00521 desde R13
[22:56:45] [INFO   ] Nueva orden ORD_00522 desde R02
[22:56:45] [INFO   ] Nueva orden ORD_00523 desde R02
[22:56:45] [INFO   ] Nueva orden ORD_00524 desde R07
[22:56:45] [INFO   ] Nueva orden ORD_00525 desde R03
[22:56:45] [INFO   ] Nueva orden ORD_00526 desde R22
[22:56:45] [INFO   ] Nueva orden ORD_00527 desde R14
[22:56:45] [INFO   ] Nueva orden ORD_00528 desde R22
[22:56:45] [INFO   ] Nueva orden ORD_00529 desde R09
[22:56:45] [INFO   ] Nueva orden ORD_00530 desde R05
[22:56:45] [INFO   ] Nueva orden ORD_00531 desde R25
[22:56:45] [INFO   ] Nueva orden ORD_00532 desde R19
[22:56:45] [INFO   ] Nueva orden ORD_00533 desde R01
[22:56:45] [INFO   ] Nueva orden ORD_00534 desde R07
[22:56:45] [INFO   ] Nueva orden ORD_00535 desde R16
[22:56:45] [INFO   ] Nueva orden ORD_00536 desde R03
[22:56:45] [INFO   ] Nueva orden ORD_00537 desde R24
[22:56:45] [INFO   ] Nueva orden ORD_00538 desde R17
[22:56:45] [INFO   ] Nueva orden ORD_00539 desde R23
[22:56:45] [INFO   ] Nueva orden ORD_00540 desde R21
[22:56:45] [INFO   ] Nueva orden ORD_00541 desde R19
[22:56:45] [INFO   ] Nueva orden ORD_00542 desde R13
[22:56:45] [INFO   ] Nueva orden ORD_00543 desde R01
[22:56:45] [INFO   ] Nueva orden ORD_00544 desde R01
[22:56:45] [INFO   ] Nueva orden ORD_00545 desde R25
[22:56:45] [INFO   ] Nueva orden ORD_00546 desde R08
[22:56:45] [INFO   ] Nueva orden ORD_00547 desde R08
[22:56:45] [INFO   ] Nueva orden ORD_00548 desde R25
[22:56:45] [INFO   ] Nueva orden ORD_00549 desde R04
[22:56:45] [INFO   ] Nueva orden ORD_00550 desde R02
[22:56:45] [INFO   ] Nueva orden ORD_00551 desde R22
[22:56:45] [INFO   ] Nueva orden ORD_00552 desde R06
[22:56:45] [INFO   ] Nueva orden ORD_00553 desde R19
[22:56:45] [INFO   ] Nueva orden ORD_00554 desde R03
[22:56:45] [INFO   ] Nueva orden ORD_00555 desde R20
[22:56:45] [INFO   ] Nueva orden ORD_00556 desde R09
[22:56:45] [INFO   ] Nueva orden ORD_00557 desde R18
[22:56:45] [INFO   ] Nueva orden ORD_00558 desde R19
[22:56:45] [INFO   ] Nueva orden ORD_00559 desde R17
[22:56:45] [INFO   ] Nueva orden ORD_00560 desde R18
[22:56:45] [INFO   ] Nueva orden ORD_00561 desde R06
[22:56:46] [INFO   ] Nueva orden ORD_00562 desde R05
[22:56:46] [INFO   ] Nueva orden ORD_00563 desde R11
[22:56:46] [INFO   ] Nueva orden ORD_00564 desde R15
[22:56:46] [INFO   ] Nueva orden ORD_00565 desde R22
[22:56:46] [INFO   ] Nueva orden ORD_00566 desde R02
[22:56:46] [INFO   ] Nueva orden ORD_00567 desde R17
[22:56:46] [INFO   ] Nueva orden ORD_00568 desde R04
[22:56:46] [INFO   ] Nueva orden ORD_00569 desde R23
[22:56:46] [INFO   ] Nueva orden ORD_00570 desde R09
[22:56:46] [INFO   ] Nueva orden ORD_00571 desde R01
[22:56:46] [INFO   ] Nueva orden ORD_00572 desde R11
[22:56:46] [INFO   ] Nueva orden ORD_00573 desde R07
[22:56:46] [INFO   ] Nueva orden ORD_00574 desde R06
[22:56:46] [INFO   ] Nueva orden ORD_00575 desde R17
[22:56:46] [INFO   ] Nueva orden ORD_00576 desde R16
[22:56:46] [INFO   ] Nueva orden ORD_00577 desde R22
[22:56:46] [INFO   ] Nueva orden ORD_00578 desde R25
[22:56:46] [INFO   ] Nueva orden ORD_00579 desde R04
[22:56:46] [INFO   ] Nueva orden ORD_00580 desde R06
[22:56:46] [INFO   ] Nueva orden ORD_00581 desde R13
[22:56:46] [INFO   ] Nueva orden ORD_00582 desde R09
[22:56:46] [INFO   ] Nueva orden ORD_00583 desde R16
[22:56:46] [INFO   ] Nueva orden ORD_00584 desde R23
[22:56:46] [INFO   ] Nueva orden ORD_00585 desde R21
[22:56:46] [INFO   ] Nueva orden ORD_00586 desde R25
[22:56:46] [INFO   ] Nueva orden ORD_00587 desde R18
[22:56:46] [INFO   ] Nueva orden ORD_00588 desde R18
[22:56:46] [INFO   ] Nueva orden ORD_00589 desde R19
[22:56:46] [INFO   ] Nueva orden ORD_00590 desde R08
[22:56:46] [INFO   ] Nueva orden ORD_00591 desde R19
[22:56:46] [INFO   ] Nueva orden ORD_00592 desde R13
[22:56:46] [INFO   ] Nueva orden ORD_00593 desde R10
[22:56:46] [INFO   ] Nueva orden ORD_00594 desde R06
[22:56:46] [INFO   ] Nueva orden ORD_00595 desde R20
[22:56:46] [INFO   ] Nueva orden ORD_00596 desde R25
[22:56:46] [INFO   ] Nueva orden ORD_00597 desde R13
[22:56:46] [INFO   ] Nueva orden ORD_00598 desde R17
[22:56:46] [INFO   ] Nueva orden ORD_00599 desde R18
[22:56:46] [INFO   ] Nueva orden ORD_00600 desde R13
[22:56:46] [INFO   ] Nueva orden ORD_00601 desde R16
[22:56:46] [INFO   ] Nueva orden ORD_00602 desde R20
[22:56:46] [INFO   ] Nueva orden ORD_00603 desde R20
[22:56:46] [INFO   ] Nueva orden ORD_00604 desde R18
[22:56:46] [INFO   ] Nueva orden ORD_00605 desde R21
[22:56:46] [INFO   ] Nueva orden ORD_00606 desde R12
[22:56:46] [INFO   ] Nueva orden ORD_00607 desde R20
[22:56:47] [INFO   ] Nueva orden ORD_00608 desde R16
[22:56:47] [INFO   ] Nueva orden ORD_00609 desde R04
[22:56:47] [INFO   ] Nueva orden ORD_00610 desde R15
[22:56:47] [INFO   ] Nueva orden ORD_00611 desde R06
[22:56:47] [INFO   ] Nueva orden ORD_00612 desde R25
[22:56:47] [INFO   ] Nueva orden ORD_00613 desde R09
[22:56:47] [INFO   ] Nueva orden ORD_00614 desde R02
[22:56:47] [INFO   ] Nueva orden ORD_00615 desde R22
[22:56:47] [INFO   ] Nueva orden ORD_00616 desde R18
[22:56:47] [INFO   ] Nueva orden ORD_00617 desde R24
[22:56:47] [INFO   ] Nueva orden ORD_00618 desde R17
[22:56:47] [INFO   ] Nueva orden ORD_00619 desde R19
[22:56:47] [INFO   ] Nueva orden ORD_00620 desde R12
[22:56:47] [INFO   ] Nueva orden ORD_00621 desde R21
[22:56:47] [INFO   ] Nueva orden ORD_00622 desde R07
[22:56:48] [INFO   ] Nueva orden ORD_00623 desde R01
[22:56:48] [INFO   ] Nueva orden ORD_00624 desde R01
[22:56:48] [INFO   ] Nueva orden ORD_00625 desde R14
[22:56:48] [INFO   ] Nueva orden ORD_00626 desde R25
[22:56:48] [INFO   ] Nueva orden ORD_00627 desde R25
[22:56:48] [INFO   ] Nueva orden ORD_00628 desde R16
[22:56:48] [INFO   ] Nueva orden ORD_00629 desde R22
[22:56:48] [INFO   ] Nueva orden ORD_00630 desde R04
[22:56:48] [INFO   ] Nueva orden ORD_00631 desde R18
[22:56:48] [INFO   ] Nueva orden ORD_00632 desde R02
[22:56:48] [INFO   ] Nueva orden ORD_00633 desde R17
[22:56:48] [INFO   ] Nueva orden ORD_00634 desde R02
[22:56:48] [INFO   ] Nueva orden ORD_00635 desde R22
[22:56:49] [INFO   ] Nueva orden ORD_00636 desde R05
[22:56:49] [INFO   ] Nueva orden ORD_00637 desde R10
[22:56:49] [INFO   ] Nueva orden ORD_00638 desde R01
[22:56:49] [INFO   ] Nueva orden ORD_00639 desde R22
[22:56:49] [INFO   ] Nueva orden ORD_00640 desde R25
[22:56:49] [INFO   ] Nueva orden ORD_00641 desde R02
[22:56:50] [INFO   ] Nueva orden ORD_00642 desde R08
[22:56:50] [INFO   ] Nueva orden ORD_00643 desde R11
[22:56:50] [INFO   ] Nueva orden ORD_00644 desde R19
[22:56:50] [INFO   ] Nueva orden ORD_00645 desde R07
[22:56:50] [INFO   ] Nueva orden ORD_00646 desde R07
[22:56:50] [INFO   ] Nueva orden ORD_00647 desde R10
[22:56:51] [INFO   ] Nueva orden ORD_00648 desde R11
[22:56:51] [INFO   ] Nueva orden ORD_00649 desde R21
[22:56:51] [INFO   ] Nueva orden ORD_00650 desde R05
[22:56:51] [INFO   ] Nueva orden ORD_00651 desde R14
[22:56:51] [INFO   ] Nueva orden ORD_00652 desde R09
[22:56:51] [INFO   ] Nueva orden ORD_00653 desde R08
[22:56:52] [INFO   ] Nueva orden ORD_00654 desde R04
[22:56:52] [INFO   ] Nueva orden ORD_00655 desde R10
[22:56:52] [INFO   ] Nueva orden ORD_00656 desde R24
[22:56:52] [INFO   ] Nueva orden ORD_00657 desde R23
[22:56:52] [INFO   ] Nueva orden ORD_00658 desde R06
[22:56:52] [INFO   ] Nueva orden ORD_00659 desde R14
[22:56:53] [INFO   ] Nueva orden ORD_00660 desde R02
[22:56:53] [INFO   ] Nueva orden ORD_00661 desde R04
[22:56:53] [INFO   ] Nueva orden ORD_00662 desde R14
[22:56:53] [INFO   ] Nueva orden ORD_00663 desde R11
[22:56:53] [INFO   ] Nueva orden ORD_00664 desde R01
[22:56:53] [INFO   ] Nueva orden ORD_00665 desde R09
[22:56:54] [INFO   ] Nueva orden ORD_00666 desde R10
[22:56:54] [INFO   ] Nueva orden ORD_00667 desde R11
[22:56:54] [INFO   ] Nueva orden ORD_00668 desde R23
[22:56:54] [INFO   ] Nueva orden ORD_00669 desde R12
[22:56:54] [INFO   ] Nueva orden ORD_00670 desde R16
[22:56:54] [INFO   ] Nueva orden ORD_00671 desde R14
[22:56:54] [INFO   ] Nueva orden ORD_00672 desde R18
[22:56:54] [INFO   ] Nueva orden ORD_00673 desde R13
[22:56:54] [INFO   ] Nueva orden ORD_00674 desde R22
[22:56:54] [INFO   ] Nueva orden ORD_00675 desde R14
[22:56:54] [INFO   ] Nueva orden ORD_00676 desde R12
[22:56:54] [INFO   ] Nueva orden ORD_00677 desde R07
[22:56:54] [INFO   ] Nueva orden ORD_00678 desde R22
[22:56:54] [INFO   ] Nueva orden ORD_00679 desde R17
[22:56:54] [INFO   ] Nueva orden ORD_00680 desde R07
[22:56:55] [INFO   ] Nueva orden ORD_00681 desde R22
[22:56:55] [INFO   ] Nueva orden ORD_00682 desde R20
[22:56:55] [INFO   ] Nueva orden ORD_00683 desde R18
[22:56:55] [INFO   ] Nueva orden ORD_00684 desde R24
[22:56:55] [INFO   ] Nueva orden ORD_00685 desde R06
[22:56:55] [INFO   ] Nueva orden ORD_00686 desde R10
[22:56:55] [INFO   ] Nueva orden ORD_00687 desde R09
[22:56:55] [INFO   ] Nueva orden ORD_00688 desde R11
[22:56:55] [INFO   ] Nueva orden ORD_00689 desde R15
[22:56:55] [INFO   ] Nueva orden ORD_00690 desde R02
[22:56:55] [INFO   ] Nueva orden ORD_00691 desde R09
[22:56:55] [INFO   ] Nueva orden ORD_00692 desde R08
[22:56:55] [INFO   ] Nueva orden ORD_00693 desde R11
[22:56:55] [INFO   ] Nueva orden ORD_00694 desde R05
[22:56:55] [INFO   ] Nueva orden ORD_00695 desde R19
[22:56:55] [INFO   ] Nueva orden ORD_00696 desde R23
[22:56:55] [INFO   ] Nueva orden ORD_00697 desde R25
[22:56:55] [INFO   ] Nueva orden ORD_00698 desde R16
[22:56:55] [INFO   ] Nueva orden ORD_00699 desde R12
[22:56:55] [INFO   ] Nueva orden ORD_00700 desde R06
[22:56:55] [INFO   ] Nueva orden ORD_00701 desde R20
[22:56:55] [INFO   ] Nueva orden ORD_00702 desde R15
[22:56:55] [INFO   ] Nueva orden ORD_00703 desde R07
[22:56:55] [INFO   ] Nueva orden ORD_00704 desde R18
[22:56:55] [INFO   ] Nueva orden ORD_00705 desde R02
[22:56:55] [INFO   ] Nueva orden ORD_00706 desde R12
[22:56:55] [INFO   ] Nueva orden ORD_00707 desde R07
[22:56:55] [INFO   ] Nueva orden ORD_00708 desde R25
[22:56:55] [INFO   ] Nueva orden ORD_00709 desde R07
[22:56:55] [INFO   ] Nueva orden ORD_00710 desde R16
[22:56:56] [INFO   ] Nueva orden ORD_00711 desde R06
[22:56:56] [INFO   ] Nueva orden ORD_00712 desde R22
[22:56:56] [INFO   ] Nueva orden ORD_00713 desde R05
[22:56:56] [INFO   ] Nueva orden ORD_00714 desde R11
[22:56:56] [INFO   ] Nueva orden ORD_00715 desde R08
[22:56:56] [INFO   ] Nueva orden ORD_00716 desde R16
[22:56:56] [INFO   ] Nueva orden ORD_00717 desde R20
[22:56:56] [INFO   ] Nueva orden ORD_00718 desde R24
[22:56:56] [INFO   ] Nueva orden ORD_00719 desde R09
[22:56:56] [INFO   ] Nueva orden ORD_00720 desde R25
[22:56:56] [INFO   ] Nueva orden ORD_00721 desde R03
[22:56:56] [INFO   ] Nueva orden ORD_00722 desde R05
[22:56:56] [INFO   ] Nueva orden ORD_00723 desde R17
[22:56:56] [INFO   ] Nueva orden ORD_00724 desde R11
[22:56:56] [INFO   ] Nueva orden ORD_00725 desde R07
[22:56:56] [INFO   ] Nueva orden ORD_00726 desde R21
[22:56:56] [INFO   ] Nueva orden ORD_00727 desde R02
[22:56:56] [INFO   ] Nueva orden ORD_00728 desde R12
[22:56:56] [INFO   ] Nueva orden ORD_00729 desde R18
[22:56:56] [INFO   ] Nueva orden ORD_00730 desde R16
[22:56:56] [INFO   ] Nueva orden ORD_00731 desde R01
[22:56:56] [INFO   ] Nueva orden ORD_00732 desde R18
[22:56:56] [INFO   ] Nueva orden ORD_00733 desde R15
[22:56:56] [INFO   ] Nueva orden ORD_00734 desde R16
[22:56:56] [INFO   ] Nueva orden ORD_00735 desde R03
[22:56:56] [INFO   ] Nueva orden ORD_00736 desde R07
[22:56:56] [INFO   ] Nueva orden ORD_00737 desde R16
[22:56:56] [INFO   ] Nueva orden ORD_00738 desde R16
[22:56:56] [INFO   ] Nueva orden ORD_00739 desde R20
[22:56:56] [INFO   ] Nueva orden ORD_00740 desde R02
[22:56:57] [INFO   ] Nueva orden ORD_00741 desde R22
[22:56:57] [INFO   ] Nueva orden ORD_00742 desde R11
[22:56:57] [INFO   ] Nueva orden ORD_00743 desde R02
[22:56:57] [INFO   ] Nueva orden ORD_00744 desde R01
[22:56:57] [INFO   ] Nueva orden ORD_00745 desde R09
[22:56:57] [INFO   ] Nueva orden ORD_00746 desde R17
[22:56:57] [INFO   ] Nueva orden ORD_00747 desde R22
[22:56:57] [INFO   ] Nueva orden ORD_00748 desde R23
[22:56:57] [INFO   ] Nueva orden ORD_00749 desde R10
[22:56:57] [INFO   ] Nueva orden ORD_00750 desde R19
[22:56:57] [INFO   ] Nueva orden ORD_00751 desde R16
[22:56:57] [INFO   ] Nueva orden ORD_00752 desde R18
[22:56:57] [INFO   ] Nueva orden ORD_00753 desde R12
[22:56:57] [INFO   ] Nueva orden ORD_00754 desde R22
[22:56:57] [INFO   ] Nueva orden ORD_00755 desde R05
[22:56:57] [INFO   ] Nueva orden ORD_00756 desde R03
[22:56:57] [INFO   ] Nueva orden ORD_00757 desde R17
[22:56:57] [INFO   ] Nueva orden ORD_00758 desde R06
[22:56:57] [INFO   ] Nueva orden ORD_00759 desde R16
[22:56:57] [INFO   ] Nueva orden ORD_00760 desde R04
[22:56:57] [INFO   ] Nueva orden ORD_00761 desde R04
[22:56:57] [INFO   ] Nueva orden ORD_00762 desde R15
[22:56:57] [INFO   ] Nueva orden ORD_00763 desde R09
[22:56:57] [INFO   ] Nueva orden ORD_00764 desde R22
[22:56:57] [INFO   ] Nueva orden ORD_00765 desde R05
[22:56:57] [INFO   ] Nueva orden ORD_00766 desde R03
[22:56:57] [INFO   ] Nueva orden ORD_00767 desde R17
[22:56:57] [INFO   ] Nueva orden ORD_00768 desde R17
[22:56:57] [INFO   ] Nueva orden ORD_00769 desde R03
[22:56:58] [INFO   ] Nueva orden ORD_00770 desde R25
[22:56:58] [INFO   ] Nueva orden ORD_00771 desde R17
[22:56:58] [INFO   ] Nueva orden ORD_00772 desde R24
[22:56:58] [INFO   ] Nueva orden ORD_00773 desde R03
[22:56:58] [INFO   ] Nueva orden ORD_00774 desde R10
[22:56:58] [INFO   ] Nueva orden ORD_00775 desde R10
[22:56:58] [INFO   ] Nueva orden ORD_00776 desde R22
[22:56:58] [INFO   ] Nueva orden ORD_00777 desde R03
[22:56:58] [INFO   ] Nueva orden ORD_00778 desde R22
[22:56:58] [INFO   ] Nueva orden ORD_00779 desde R09
[22:56:58] [INFO   ] Nueva orden ORD_00780 desde R04
[22:56:58] [INFO   ] Nueva orden ORD_00781 desde R12
[22:56:58] [INFO   ] Nueva orden ORD_00782 desde R20
[22:56:58] [INFO   ] Nueva orden ORD_00783 desde R17
[22:56:58] [INFO   ] Nueva orden ORD_00784 desde R17
[22:56:58] [INFO   ] Nueva orden ORD_00785 desde R16
[22:56:58] [INFO   ] Nueva orden ORD_00786 desde R08
[22:56:58] [INFO   ] Nueva orden ORD_00787 desde R20
[22:56:58] [INFO   ] Nueva orden ORD_00788 desde R23
[22:56:58] [INFO   ] Nueva orden ORD_00789 desde R09
[22:56:58] [INFO   ] Nueva orden ORD_00790 desde R12
[22:56:58] [INFO   ] Nueva orden ORD_00791 desde R20
[22:56:58] [INFO   ] Nueva orden ORD_00792 desde R21
[22:56:58] [INFO   ] Nueva orden ORD_00793 desde R19
[22:56:59] [INFO   ] Nueva orden ORD_00794 desde R19
[22:56:59] [INFO   ] Nueva orden ORD_00795 desde R01
[22:56:59] [INFO   ] Nueva orden ORD_00796 desde R09
[22:56:59] [INFO   ] Nueva orden ORD_00797 desde R14
[22:56:59] [INFO   ] Nueva orden ORD_00798 desde R16
[22:56:59] [INFO   ] Nueva orden ORD_00799 desde R20
[22:56:59] [INFO   ] Nueva orden ORD_00800 desde R01
[22:56:59] [INFO   ] Nueva orden ORD_00801 desde R03
[22:56:59] [INFO   ] Nueva orden ORD_00802 desde R20
[22:56:59] [INFO   ] Nueva orden ORD_00803 desde R22
[22:56:59] [INFO   ] Nueva orden ORD_00804 desde R09
[22:56:59] [INFO   ] Nueva orden ORD_00805 desde R09
[22:56:59] [INFO   ] Nueva orden ORD_00806 desde R01
[22:56:59] [INFO   ] Nueva orden ORD_00807 desde R03
[22:56:59] [INFO   ] Nueva orden ORD_00808 desde R17
[22:56:59] [INFO   ] Nueva orden ORD_00809 desde R08
[22:56:59] [INFO   ] Nueva orden ORD_00810 desde R22
[22:56:59] [INFO   ] Nueva orden ORD_00811 desde R20
[22:56:59] [INFO   ] Nueva orden ORD_00812 desde R19
[22:56:59] [INFO   ] Nueva orden ORD_00813 desde R02
[22:56:59] [INFO   ] Nueva orden ORD_00814 desde R08
[22:56:59] [INFO   ] Nueva orden ORD_00815 desde R10
[22:56:59] [INFO   ] Nueva orden ORD_00816 desde R23
[22:56:59] [INFO   ] Nueva orden ORD_00817 desde R02
[22:56:59] [INFO   ] Nueva orden ORD_00818 desde R14
[22:57:00] [INFO   ] Nueva orden ORD_00819 desde R01
[22:57:00] [INFO   ] Nueva orden ORD_00820 desde R12
[22:57:00] [INFO   ] Nueva orden ORD_00821 desde R08
[22:57:00] [INFO   ] Nueva orden ORD_00822 desde R01
[22:57:00] [INFO   ] Nueva orden ORD_00823 desde R22
[22:57:00] [INFO   ] Nueva orden ORD_00824 desde R16
[22:57:00] [INFO   ] Nueva orden ORD_00825 desde R23
[22:57:00] [INFO   ] Nueva orden ORD_00826 desde R10
[22:57:00] [INFO   ] Nueva orden ORD_00827 desde R18
[22:57:00] [INFO   ] Nueva orden ORD_00828 desde R18
[22:57:00] [INFO   ] Nueva orden ORD_00829 desde R22
[22:57:00] [INFO   ] Nueva orden ORD_00830 desde R23
[22:57:00] [INFO   ] Nueva orden ORD_00831 desde R16
[22:57:00] [INFO   ] Nueva orden ORD_00832 desde R02
[22:57:00] [INFO   ] Nueva orden ORD_00833 desde R23
[22:57:00] [INFO   ] Nueva orden ORD_00834 desde R12
[22:57:00] [INFO   ] Nueva orden ORD_00835 desde R21
[22:57:00] [INFO   ] Nueva orden ORD_00836 desde R01
[22:57:00] [INFO   ] Nueva orden ORD_00837 desde R13
[22:57:00] [INFO   ] Nueva orden ORD_00838 desde R03
[22:57:00] [INFO   ] Nueva orden ORD_00839 desde R06
[22:57:00] [INFO   ] Nueva orden ORD_00840 desde R04
[22:57:00] [INFO   ] Nueva orden ORD_00841 desde R25
[22:57:00] [INFO   ] Nueva orden ORD_00842 desde R09
[22:57:00] [INFO   ] Nueva orden ORD_00843 desde R12
[22:57:00] [INFO   ] Nueva orden ORD_00844 desde R10
[22:57:00] [INFO   ] Nueva orden ORD_00845 desde R21
[22:57:00] [INFO   ] Nueva orden ORD_00846 desde R09
[22:57:00] [INFO   ] Nueva orden ORD_00847 desde R09
[22:57:00] [INFO   ] Nueva orden ORD_00848 desde R24
[22:57:00] [INFO   ] Nueva orden ORD_00849 desde R04
[22:57:00] [INFO   ] Nueva orden ORD_00850 desde R23
[22:57:00] [INFO   ] Nueva orden ORD_00851 desde R07
[22:57:00] [INFO   ] Nueva orden ORD_00852 desde R04
[22:57:00] [INFO   ] Nueva orden ORD_00853 desde R19
[22:57:00] [INFO   ] Nueva orden ORD_00854 desde R15
[22:57:01] [INFO   ] Nueva orden ORD_00855 desde R14
[22:57:01] [INFO   ] Nueva orden ORD_00856 desde R23
[22:57:01] [INFO   ] Nueva orden ORD_00857 desde R06
[22:57:01] [INFO   ] Nueva orden ORD_00858 desde R16
[22:57:01] [INFO   ] Nueva orden ORD_00859 desde R05
[22:57:01] [INFO   ] Nueva orden ORD_00860 desde R08
[22:57:01] [INFO   ] Nueva orden ORD_00861 desde R17
[22:57:01] [INFO   ] Nueva orden ORD_00862 desde R03
[22:57:01] [INFO   ] Nueva orden ORD_00863 desde R19
[22:57:01] [INFO   ] Nueva orden ORD_00864 desde R11
[22:57:01] [INFO   ] Nueva orden ORD_00865 desde R16
[22:57:01] [INFO   ] Nueva orden ORD_00866 desde R18
[22:57:01] [INFO   ] Nueva orden ORD_00867 desde R22
[22:57:01] [INFO   ] Nueva orden ORD_00868 desde R17
[22:57:01] [INFO   ] Nueva orden ORD_00869 desde R13
[22:57:01] [INFO   ] Nueva orden ORD_00870 desde R14
[22:57:01] [INFO   ] Nueva orden ORD_00871 desde R16
[22:57:01] [INFO   ] Nueva orden ORD_00872 desde R12
[22:57:01] [INFO   ] Nueva orden ORD_00873 desde R20
[22:57:01] [INFO   ] Nueva orden ORD_00874 desde R14
[22:57:01] [INFO   ] Nueva orden ORD_00875 desde R11
[22:57:01] [INFO   ] Nueva orden ORD_00876 desde R24
[22:57:01] [INFO   ] Nueva orden ORD_00877 desde R07
[22:57:01] [INFO   ] Nueva orden ORD_00878 desde R19
[22:57:01] [INFO   ] Nueva orden ORD_00879 desde R02
[22:57:01] [INFO   ] Nueva orden ORD_00880 desde R07
[22:57:01] [INFO   ] Nueva orden ORD_00881 desde R03
[22:57:01] [INFO   ] Nueva orden ORD_00882 desde R17
[22:57:01] [INFO   ] Nueva orden ORD_00883 desde R07
[22:57:01] [INFO   ] Nueva orden ORD_00884 desde R08
[22:57:01] [INFO   ] Nueva orden ORD_00885 desde R16
[22:57:01] [INFO   ] Nueva orden ORD_00886 desde R21
[22:57:01] [INFO   ] Nueva orden ORD_00887 desde R19
[22:57:01] [INFO   ] Nueva orden ORD_00888 desde R03
[22:57:01] [INFO   ] Nueva orden ORD_00889 desde R06
[22:57:01] [INFO   ] Nueva orden ORD_00890 desde R07
[22:57:01] [INFO   ] Nueva orden ORD_00891 desde R14
[22:57:01] [INFO   ] Nueva orden ORD_00892 desde R12
[22:57:01] [INFO   ] Nueva orden ORD_00893 desde R02
[22:57:01] [INFO   ] Nueva orden ORD_00894 desde R13
[22:57:01] [INFO   ] Nueva orden ORD_00895 desde R23
[22:57:01] [INFO   ] Nueva orden ORD_00896 desde R01
[22:57:01] [INFO   ] Nueva orden ORD_00897 desde R08
[22:57:01] [INFO   ] Nueva orden ORD_00898 desde R18
[22:57:01] [INFO   ] Nueva orden ORD_00899 desde R17
[22:57:01] [INFO   ] Nueva orden ORD_00900 desde R02
[22:57:01] [INFO   ] Nueva orden ORD_00901 desde R17
[22:57:01] [INFO   ] Nueva orden ORD_00902 desde R24
[22:57:01] [INFO   ] Nueva orden ORD_00903 desde R19
[22:57:01] [INFO   ] Nueva orden ORD_00904 desde R19
[22:57:01] [INFO   ] Nueva orden ORD_00905 desde R04
[22:57:01] [INFO   ] Nueva orden ORD_00906 desde R16
[22:57:01] [INFO   ] Nueva orden ORD_00907 desde R19
[22:57:01] [INFO   ] Nueva orden ORD_00908 desde R10
[22:57:01] [INFO   ] Nueva orden ORD_00909 desde R09
[22:57:01] [INFO   ] Nueva orden ORD_00910 desde R25
[22:57:01] [INFO   ] Nueva orden ORD_00911 desde R13
[22:57:01] [INFO   ] Nueva orden ORD_00912 desde R02
[22:57:01] [INFO   ] Nueva orden ORD_00913 desde R23
[22:57:01] [INFO   ] Nueva orden ORD_00914 desde R09
[22:57:02] [INFO   ] Nueva orden ORD_00915 desde R08
[22:57:02] [INFO   ] Nueva orden ORD_00916 desde R09
[22:57:02] [INFO   ] Nueva orden ORD_00917 desde R21
[22:57:02] [INFO   ] Nueva orden ORD_00918 desde R12
[22:57:02] [INFO   ] Nueva orden ORD_00919 desde R19
[22:57:02] [INFO   ] Nueva orden ORD_00920 desde R06
[22:57:02] [INFO   ] Nueva orden ORD_00921 desde R24
[22:57:02] [INFO   ] Nueva orden ORD_00922 desde R05
[22:57:02] [INFO   ] Nueva orden ORD_00923 desde R12
[22:57:02] [INFO   ] Nueva orden ORD_00924 desde R04
[22:57:02] [INFO   ] Nueva orden ORD_00925 desde R25
[22:57:02] [INFO   ] Nueva orden ORD_00926 desde R19
[22:57:02] [INFO   ] Nueva orden ORD_00927 desde R10
[22:57:02] [INFO   ] Nueva orden ORD_00928 desde R12
[22:57:02] [INFO   ] Nueva orden ORD_00929 desde R06
[22:57:02] [INFO   ] Nueva orden ORD_00930 desde R02
[22:57:02] [INFO   ] Nueva orden ORD_00931 desde R25
[22:57:02] [INFO   ] Nueva orden ORD_00932 desde R25
[22:57:02] [INFO   ] Nueva orden ORD_00933 desde R17
[22:57:02] [INFO   ] Nueva orden ORD_00934 desde R12
[22:57:02] [INFO   ] Nueva orden ORD_00935 desde R08
[22:57:02] [INFO   ] Nueva orden ORD_00936 desde R04
[22:57:02] [INFO   ] Nueva orden ORD_00937 desde R04
[22:57:02] [INFO   ] Nueva orden ORD_00938 desde R12
[22:57:02] [INFO   ] Nueva orden ORD_00939 desde R11
[22:57:02] [INFO   ] Nueva orden ORD_00940 desde R16
[22:57:02] [INFO   ] Nueva orden ORD_00941 desde R23
[22:57:02] [INFO   ] Nueva orden ORD_00942 desde R12
[22:57:02] [INFO   ] Nueva orden ORD_00943 desde R25
[22:57:02] [INFO   ] Nueva orden ORD_00944 desde R03
[22:57:02] [INFO   ] Nueva orden ORD_00945 desde R04
[22:57:02] [INFO   ] Nueva orden ORD_00946 desde R03
[22:57:02] [INFO   ] Nueva orden ORD_00947 desde R23
[22:57:02] [INFO   ] Nueva orden ORD_00948 desde R24
[22:57:02] [INFO   ] Nueva orden ORD_00949 desde R20
[22:57:02] [INFO   ] Nueva orden ORD_00950 desde R12
[22:57:02] [INFO   ] Nueva orden ORD_00951 desde R10
[22:57:02] [INFO   ] Nueva orden ORD_00952 desde R12
[22:57:02] [INFO   ] Nueva orden ORD_00953 desde R17
[22:57:02] [INFO   ] Nueva orden ORD_00954 desde R07
[22:57:02] [INFO   ] Nueva orden ORD_00955 desde R19
[22:57:02] [INFO   ] Nueva orden ORD_00956 desde R23
[22:57:02] [INFO   ] Nueva orden ORD_00957 desde R02
[22:57:02] [INFO   ] Nueva orden ORD_00958 desde R05
[22:57:02] [INFO   ] Nueva orden ORD_00959 desde R20
[22:57:02] [INFO   ] Nueva orden ORD_00960 desde R10
[22:57:02] [INFO   ] Nueva orden ORD_00961 desde R22
[22:57:02] [INFO   ] Nueva orden ORD_00962 desde R14
[22:57:02] [INFO   ] Nueva orden ORD_00963 desde R17
[22:57:02] [INFO   ] Nueva orden ORD_00964 desde R14
[22:57:02] [INFO   ] Nueva orden ORD_00965 desde R02
[22:57:02] [INFO   ] Nueva orden ORD_00966 desde R11
[22:57:03] [INFO   ] Nueva orden ORD_00967 desde R22
[22:57:03] [INFO   ] Nueva orden ORD_00968 desde R01
[22:57:03] [INFO   ] Nueva orden ORD_00969 desde R01
[22:57:03] [INFO   ] Nueva orden ORD_00970 desde R21
[22:57:03] [INFO   ] Nueva orden ORD_00971 desde R13
[22:57:05] [INFO   ] Nueva orden ORD_00972 desde R06
[22:57:05] [INFO   ] Nueva orden ORD_00973 desde R04
[22:57:05] [INFO   ] Nueva orden ORD_00974 desde R14
[22:57:05] [INFO   ] Nueva orden ORD_00975 desde R15
[22:57:05] [INFO   ] Nueva orden ORD_00976 desde R23
[22:57:05] [INFO   ] Nueva orden ORD_00977 desde R20
[22:57:05] [INFO   ] Nueva orden ORD_00978 desde R08
[22:57:05] [INFO   ] Nueva orden ORD_00979 desde R15
[22:57:05] [INFO   ] Nueva orden ORD_00980 desde R08
[22:57:05] [INFO   ] Nueva orden ORD_00981 desde R18
[22:57:05] [INFO   ] Nueva orden ORD_00982 desde R02
[22:57:05] [INFO   ] Nueva orden ORD_00983 desde R11
[22:57:05] [INFO   ] Nueva orden ORD_00984 desde R11
[22:57:05] [INFO   ] Nueva orden ORD_00985 desde R23
[22:57:05] [INFO   ] Nueva orden ORD_00986 desde R22
[22:57:05] [INFO   ] Nueva orden ORD_00987 desde R15
[22:57:05] [INFO   ] Nueva orden ORD_00988 desde R25
[22:57:05] [INFO   ] Nueva orden ORD_00989 desde R19
[22:57:05] [INFO   ] Nueva orden ORD_00990 desde R09
[22:57:05] [INFO   ] Nueva orden ORD_00991 desde R11
[22:57:05] [INFO   ] Nueva orden ORD_00992 desde R08
[22:57:05] [INFO   ] Nueva orden ORD_00993 desde R12
[22:57:05] [INFO   ] Nueva orden ORD_00994 desde R10
[22:57:05] [INFO   ] Nueva orden ORD_00995 desde R17
[22:57:05] [INFO   ] Nueva orden ORD_00996 desde R22
[22:57:05] [INFO   ] Nueva orden ORD_00997 desde R23
[22:57:05] [INFO   ] Nueva orden ORD_00998 desde R07
[22:57:05] [INFO   ] Nueva orden ORD_00999 desde R13
[22:57:05] [INFO   ] Nueva orden ORD_01000 desde R16
[22:57:05] [INFO   ] Nueva orden ORD_01001 desde R24
[22:57:05] [INFO   ] Nueva orden ORD_01002 desde R24
[22:57:05] [INFO   ] Nueva orden ORD_01003 desde R20
[22:57:05] [INFO   ] Nueva orden ORD_01004 desde R08
[22:57:05] [INFO   ] Nueva orden ORD_01005 desde R24
[22:57:05] [INFO   ] Nueva orden ORD_01006 desde R06
[22:57:05] [INFO   ] Nueva orden ORD_01007 desde R10
[22:57:05] [INFO   ] Nueva orden ORD_01008 desde R05
[22:57:05] [INFO   ] Nueva orden ORD_01009 desde R11
[22:57:05] [INFO   ] Nueva orden ORD_01010 desde R25
[22:57:05] [INFO   ] Nueva orden ORD_01011 desde R01
[22:57:05] [INFO   ] Nueva orden ORD_01012 desde R03
[22:57:05] [INFO   ] Nueva orden ORD_01013 desde R12
[22:57:05] [INFO   ] Nueva orden ORD_01014 desde R21
[22:57:05] [INFO   ] Nueva orden ORD_01015 desde R19
[22:57:05] [INFO   ] Nueva orden ORD_01016 desde R10
[22:57:05] [INFO   ] Nueva orden ORD_01017 desde R24
[22:57:05] [INFO   ] Nueva orden ORD_01018 desde R16
[22:57:05] [INFO   ] Nueva orden ORD_01019 desde R08
[22:57:05] [INFO   ] Nueva orden ORD_01020 desde R02
[22:57:05] [INFO   ] Nueva orden ORD_01021 desde R02
[22:57:05] [INFO   ] Nueva orden ORD_01022 desde R18
[22:57:05] [INFO   ] Nueva orden ORD_01023 desde R01
[22:57:05] [INFO   ] Nueva orden ORD_01024 desde R02
[22:57:05] [INFO   ] Nueva orden ORD_01025 desde R15
[22:57:05] [INFO   ] Nueva orden ORD_01026 desde R23
[22:57:05] [INFO   ] Nueva orden ORD_01027 desde R15
[22:57:05] [INFO   ] Nueva orden ORD_01028 desde R06
[22:57:05] [INFO   ] Nueva orden ORD_01029 desde R25
[22:57:06] [INFO   ] Nueva orden ORD_01030 desde R16
[22:57:06] [INFO   ] Nueva orden ORD_01031 desde R11
[22:57:06] [INFO   ] Nueva orden ORD_01032 desde R07
[22:57:06] [INFO   ] Nueva orden ORD_01033 desde R04
[22:57:06] [INFO   ] Nueva orden ORD_01034 desde R16
[22:57:06] [INFO   ] Nueva orden ORD_01035 desde R20
[22:57:06] [INFO   ] Nueva orden ORD_01036 desde R16
[22:57:06] [INFO   ] Nueva orden ORD_01037 desde R11
[22:57:06] [INFO   ] Nueva orden ORD_01038 desde R06
[22:57:06] [INFO   ] Nueva orden ORD_01039 desde R20
[22:57:06] [INFO   ] Nueva orden ORD_01040 desde R07
[22:57:06] [INFO   ] Nueva orden ORD_01041 desde R09
[22:57:06] [INFO   ] Nueva orden ORD_01042 desde R24
[22:57:06] [INFO   ] Nueva orden ORD_01043 desde R01
[22:57:06] [INFO   ] Nueva orden ORD_01044 desde R06
[22:57:06] [INFO   ] Nueva orden ORD_01045 desde R23
[22:57:06] [INFO   ] Nueva orden ORD_01046 desde R15
[22:57:06] [INFO   ] Nueva orden ORD_01047 desde R24
[22:57:06] [INFO   ] Nueva orden ORD_01048 desde R09
[22:57:06] [INFO   ] Nueva orden ORD_01049 desde R22
[22:57:06] [INFO   ] Nueva orden ORD_01050 desde R20
[22:57:06] [INFO   ] Nueva orden ORD_01051 desde R10
[22:57:06] [INFO   ] Nueva orden ORD_01052 desde R04
[22:57:07] [INFO   ] Nueva orden ORD_01053 desde R07
[22:57:07] [INFO   ] Nueva orden ORD_01054 desde R02
[22:57:07] [INFO   ] Nueva orden ORD_01055 desde R23
[22:57:07] [INFO   ] Nueva orden ORD_01056 desde R15
[22:57:07] [INFO   ] Nueva orden ORD_01057 desde R23
[22:57:07] [INFO   ] Nueva orden ORD_01058 desde R09
[22:57:07] [INFO   ] Nueva orden ORD_01059 desde R04
[22:57:07] [INFO   ] Nueva orden ORD_01060 desde R02
[22:57:07] [INFO   ] Nueva orden ORD_01061 desde R23
[22:57:07] [INFO   ] Nueva orden ORD_01062 desde R11
[22:57:07] [INFO   ] Nueva orden ORD_01063 desde R05
[22:57:07] [INFO   ] Nueva orden ORD_01064 desde R06
[22:57:07] [INFO   ] Nueva orden ORD_01065 desde R15
[22:57:07] [INFO   ] Nueva orden ORD_01066 desde R01
[22:57:07] [INFO   ] Nueva orden ORD_01067 desde R04
[22:57:07] [INFO   ] Nueva orden ORD_01068 desde R15
[22:57:07] [INFO   ] Nueva orden ORD_01069 desde R16
[22:57:07] [INFO   ] Nueva orden ORD_01070 desde R18
[22:57:07] [INFO   ] Nueva orden ORD_01071 desde R08
[22:57:07] [INFO   ] Nueva orden ORD_01072 desde R02
[22:57:07] [INFO   ] Nueva orden ORD_01073 desde R25
[22:57:07] [INFO   ] Nueva orden ORD_01074 desde R19
[22:57:07] [INFO   ] Nueva orden ORD_01075 desde R07
[22:57:07] [INFO   ] Nueva orden ORD_01076 desde R07
[22:57:07] [INFO   ] Nueva orden ORD_01077 desde R21
[22:57:07] [INFO   ] Nueva orden ORD_01078 desde R17
[22:57:07] [INFO   ] Nueva orden ORD_01079 desde R08
[22:57:07] [INFO   ] Nueva orden ORD_01080 desde R12
[22:57:07] [INFO   ] Nueva orden ORD_01081 desde R04
[22:57:07] [INFO   ] Nueva orden ORD_01082 desde R16
[22:57:07] [INFO   ] Nueva orden ORD_01083 desde R01
[22:57:07] [INFO   ] Nueva orden ORD_01084 desde R19
[22:57:07] [INFO   ] Nueva orden ORD_01085 desde R18
[22:57:07] [INFO   ] Nueva orden ORD_01086 desde R10
[22:57:07] [INFO   ] Nueva orden ORD_01087 desde R04
[22:57:08] [INFO   ] Nueva orden ORD_01088 desde R20
[22:57:08] [INFO   ] Nueva orden ORD_01089 desde R02
[22:57:08] [INFO   ] Nueva orden ORD_01090 desde R13
[22:57:08] [INFO   ] Nueva orden ORD_01091 desde R25
[22:57:08] [INFO   ] Nueva orden ORD_01092 desde R14
[22:57:08] [INFO   ] Nueva orden ORD_01093 desde R17
[22:57:08] [INFO   ] Nueva orden ORD_01094 desde R24
[22:57:08] [INFO   ] Nueva orden ORD_01095 desde R10
[22:57:08] [INFO   ] Nueva orden ORD_01096 desde R10
[22:57:08] [INFO   ] Nueva orden ORD_01097 desde R24
[22:57:08] [INFO   ] Nueva orden ORD_01098 desde R04
[22:57:08] [INFO   ] Nueva orden ORD_01099 desde R19
[22:57:08] [INFO   ] Nueva orden ORD_01100 desde R18
[22:57:08] [INFO   ] Nueva orden ORD_01101 desde R16
[22:57:08] [INFO   ] Nueva orden ORD_01102 desde R19
[22:57:08] [INFO   ] Nueva orden ORD_01103 desde R08
[22:57:08] [INFO   ] Nueva orden ORD_01104 desde R23
[22:57:08] [INFO   ] Nueva orden ORD_01105 desde R17
[22:57:08] [INFO   ] Nueva orden ORD_01106 desde R02
[22:57:08] [INFO   ] Nueva orden ORD_01107 desde R17
[22:57:08] [INFO   ] Nueva orden ORD_01108 desde R04
[22:57:08] [INFO   ] Nueva orden ORD_01109 desde R06
[22:57:08] [INFO   ] Nueva orden ORD_01110 desde R24
[22:57:08] [INFO   ] Nueva orden ORD_01111 desde R23
[22:57:08] [INFO   ] Nueva orden ORD_01112 desde R03
[22:57:08] [INFO   ] Nueva orden ORD_01113 desde R11
[22:57:08] [INFO   ] Nueva orden ORD_01114 desde R06
[22:57:08] [INFO   ] Nueva orden ORD_01115 desde R22
[22:57:08] [INFO   ] Nueva orden ORD_01116 desde R23
[22:57:08] [INFO   ] Nueva orden ORD_01117 desde R05
[22:57:08] [INFO   ] Nueva orden ORD_01118 desde R01
[22:57:08] [INFO   ] Nueva orden ORD_01119 desde R19
[22:57:08] [INFO   ] Nueva orden ORD_01120 desde R19
[22:57:08] [INFO   ] Nueva orden ORD_01121 desde R12
[22:57:08] [INFO   ] Nueva orden ORD_01122 desde R23
[22:57:08] [INFO   ] Nueva orden ORD_01123 desde R24
[22:57:08] [INFO   ] Nueva orden ORD_01124 desde R03
[22:57:08] [INFO   ] Nueva orden ORD_01125 desde R06
[22:57:08] [INFO   ] Nueva orden ORD_01126 desde R02
[22:57:08] [INFO   ] Nueva orden ORD_01127 desde R09
[22:57:08] [INFO   ] Nueva orden ORD_01128 desde R12
[22:57:08] [INFO   ] Nueva orden ORD_01129 desde R17
[22:57:08] [INFO   ] Nueva orden ORD_01130 desde R10
[22:57:08] [INFO   ] Nueva orden ORD_01131 desde R08
[22:57:08] [INFO   ] Nueva orden ORD_01132 desde R21
[22:57:08] [INFO   ] Nueva orden ORD_01133 desde R25
[22:57:08] [INFO   ] Nueva orden ORD_01134 desde R25
[22:57:08] [INFO   ] Nueva orden ORD_01135 desde R24
[22:57:08] [INFO   ] Nueva orden ORD_01136 desde R19
[22:57:08] [INFO   ] Nueva orden ORD_01137 desde R11
[22:57:08] [INFO   ] Nueva orden ORD_01138 desde R14
[22:57:08] [INFO   ] Nueva orden ORD_01139 desde R11
[22:57:08] [INFO   ] Nueva orden ORD_01140 desde R06
[22:57:09] [INFO   ] Nueva orden ORD_01141 desde R10
[22:57:09] [INFO   ] Nueva orden ORD_01142 desde R14
[22:57:09] [INFO   ] Nueva orden ORD_01143 desde R07
[22:57:09] [INFO   ] Nueva orden ORD_01144 desde R19
[22:57:09] [INFO   ] Nueva orden ORD_01145 desde R24
[22:57:09] [INFO   ] Nueva orden ORD_01146 desde R23
[22:57:09] [INFO   ] Nueva orden ORD_01147 desde R19
[22:57:09] [INFO   ] Nueva orden ORD_01148 desde R12
[22:57:09] [INFO   ] Nueva orden ORD_01149 desde R23
[22:57:09] [INFO   ] Nueva orden ORD_01150 desde R25
[22:57:09] [INFO   ] Nueva orden ORD_01151 desde R12
[22:57:09] [INFO   ] Nueva orden ORD_01152 desde R11
[22:57:09] [INFO   ] Nueva orden ORD_01153 desde R17
[22:57:09] [INFO   ] Nueva orden ORD_01154 desde R25
[22:57:09] [INFO   ] Nueva orden ORD_01155 desde R25
[22:57:09] [INFO   ] Nueva orden ORD_01156 desde R14
[22:57:09] [INFO   ] Nueva orden ORD_01157 desde R12
[22:57:09] [INFO   ] Nueva orden ORD_01158 desde R25
[22:57:09] [INFO   ] Nueva orden ORD_01159 desde R02
[22:57:09] [INFO   ] Nueva orden ORD_01160 desde R05
[22:57:09] [INFO   ] Nueva orden ORD_01161 desde R09
[22:57:09] [INFO   ] Nueva orden ORD_01162 desde R23
[22:57:09] [INFO   ] Nueva orden ORD_01163 desde R13
[22:57:09] [INFO   ] Nueva orden ORD_01164 desde R01
[22:57:09] [INFO   ] Nueva orden ORD_01165 desde R11
[22:57:09] [INFO   ] Nueva orden ORD_01166 desde R08
[22:57:09] [INFO   ] Nueva orden ORD_01167 desde R02
[22:57:09] [INFO   ] Nueva orden ORD_01168 desde R03
[22:57:09] [INFO   ] Nueva orden ORD_01169 desde R12
[22:57:09] [INFO   ] Nueva orden ORD_01170 desde R08
[22:57:09] [INFO   ] Nueva orden ORD_01171 desde R18
[22:57:09] [INFO   ] Nueva orden ORD_01172 desde R16
[22:57:09] [INFO   ] Nueva orden ORD_01173 desde R04
[22:57:09] [INFO   ] Nueva orden ORD_01174 desde R24
[22:57:09] [INFO   ] Nueva orden ORD_01175 desde R14
[22:57:09] [INFO   ] Nueva orden ORD_01176 desde R02
[22:57:09] [INFO   ] Nueva orden ORD_01177 desde R18
[22:57:09] [INFO   ] Nueva orden ORD_01178 desde R21
[22:57:09] [INFO   ] Nueva orden ORD_01179 desde R12
[22:57:09] [INFO   ] Nueva orden ORD_01180 desde R15
[22:57:09] [INFO   ] Nueva orden ORD_01181 desde R21
[22:57:09] [INFO   ] Nueva orden ORD_01182 desde R24
[22:57:09] [INFO   ] Nueva orden ORD_01183 desde R06
[22:57:09] [INFO   ] Nueva orden ORD_01184 desde R21
[22:57:09] [INFO   ] Nueva orden ORD_01185 desde R06
[22:57:09] [INFO   ] Nueva orden ORD_01186 desde R01
[22:57:09] [INFO   ] Nueva orden ORD_01187 desde R09
[22:57:09] [INFO   ] Nueva orden ORD_01188 desde R03
[22:57:09] [INFO   ] Nueva orden ORD_01189 desde R19
[22:57:09] [INFO   ] Nueva orden ORD_01190 desde R06
[22:57:09] [INFO   ] Nueva orden ORD_01191 desde R20
[22:57:09] [INFO   ] Nueva orden ORD_01192 desde R16
[22:57:09] [INFO   ] Nueva orden ORD_01193 desde R05
[22:57:09] [INFO   ] Nueva orden ORD_01194 desde R13
[22:57:09] [INFO   ] Nueva orden ORD_01195 desde R09
[22:57:10] [INFO   ] Nueva orden ORD_01196 desde R10
[22:57:10] [INFO   ] Nueva orden ORD_01197 desde R02
[22:57:10] [INFO   ] Nueva orden ORD_01198 desde R03
[22:57:10] [INFO   ] Nueva orden ORD_01199 desde R24
[22:57:10] [INFO   ] Nueva orden ORD_01200 desde R12
[22:57:10] [INFO   ] Nueva orden ORD_01201 desde R14
[22:57:10] [INFO   ] Nueva orden ORD_01202 desde R25
[22:57:10] [INFO   ] Nueva orden ORD_01203 desde R08
[22:57:10] [INFO   ] Nueva orden ORD_01204 desde R12
[22:57:10] [INFO   ] Nueva orden ORD_01205 desde R25
[22:57:10] [INFO   ] Nueva orden ORD_01206 desde R11
[22:57:10] [INFO   ] Nueva orden ORD_01207 desde R23
[22:57:10] [INFO   ] Nueva orden ORD_01208 desde R09
[22:57:10] [INFO   ] Nueva orden ORD_01209 desde R15
[22:57:10] [INFO   ] Nueva orden ORD_01210 desde R08
[22:57:10] [INFO   ] Nueva orden ORD_01211 desde R24
[22:57:10] [INFO   ] Nueva orden ORD_01212 desde R21
[22:57:10] [INFO   ] Nueva orden ORD_01213 desde R06
[22:57:10] [INFO   ] Nueva orden ORD_01214 desde R22
[22:57:10] [INFO   ] Nueva orden ORD_01215 desde R15
[22:57:10] [INFO   ] Nueva orden ORD_01216 desde R11
[22:57:10] [INFO   ] Nueva orden ORD_01217 desde R17
[22:57:10] [INFO   ] Nueva orden ORD_01218 desde R03
[22:57:10] [INFO   ] Nueva orden ORD_01219 desde R03
[22:57:10] [INFO   ] Nueva orden ORD_01220 desde R22
[22:57:10] [INFO   ] Nueva orden ORD_01221 desde R13
[22:57:10] [INFO   ] Nueva orden ORD_01222 desde R05
[22:57:10] [INFO   ] Nueva orden ORD_01223 desde R19
[22:57:10] [INFO   ] Nueva orden ORD_01224 desde R05
[22:57:10] [INFO   ] Nueva orden ORD_01225 desde R23
[22:57:10] [INFO   ] Nueva orden ORD_01226 desde R16
[22:57:10] [INFO   ] Nueva orden ORD_01227 desde R25
[22:57:10] [INFO   ] Nueva orden ORD_01228 desde R23
[22:57:10] [INFO   ] Nueva orden ORD_01229 desde R17
[22:57:10] [INFO   ] Nueva orden ORD_01230 desde R09
[22:57:10] [INFO   ] Nueva orden ORD_01231 desde R18
[22:57:10] [INFO   ] Nueva orden ORD_01232 desde R07
[22:57:10] [INFO   ] Nueva orden ORD_01233 desde R16
[22:57:10] [INFO   ] Nueva orden ORD_01234 desde R19
[22:57:10] [INFO   ] Nueva orden ORD_01235 desde R04
[22:57:10] [INFO   ] Nueva orden ORD_01236 desde R13
[22:57:10] [INFO   ] Nueva orden ORD_01237 desde R08
[22:57:10] [INFO   ] Nueva orden ORD_01238 desde R22
[22:57:10] [INFO   ] Nueva orden ORD_01239 desde R08
[22:57:10] [INFO   ] Nueva orden ORD_01240 desde R01
[22:57:11] [INFO   ] Nueva orden ORD_01241 desde R18
[22:57:11] [INFO   ] Nueva orden ORD_01242 desde R23
[22:57:11] [INFO   ] Nueva orden ORD_01243 desde R20
[22:57:11] [INFO   ] Nueva orden ORD_01244 desde R21
[22:57:11] [INFO   ] Nueva orden ORD_01245 desde R12
[22:57:11] [INFO   ] Nueva orden ORD_01246 desde R16
[22:57:11] [INFO   ] Nueva orden ORD_01247 desde R14
[22:57:11] [INFO   ] Nueva orden ORD_01248 desde R22
[22:57:11] [INFO   ] Nueva orden ORD_01249 desde R14
[22:57:11] [INFO   ] Nueva orden ORD_01250 desde R04
[22:57:11] [INFO   ] Nueva orden ORD_01251 desde R11
[22:57:11] [INFO   ] Nueva orden ORD_01252 desde R08
[22:57:11] [INFO   ] Nueva orden ORD_01253 desde R22
[22:57:11] [INFO   ] Nueva orden ORD_01254 desde R21
[22:57:11] [INFO   ] Nueva orden ORD_01255 desde R22
[22:57:12] [INFO   ] Nueva orden ORD_01256 desde R12
[22:57:12] [INFO   ] Nueva orden ORD_01257 desde R21
[22:57:12] [INFO   ] Nueva orden ORD_01258 desde R25
[22:57:12] [INFO   ] Nueva orden ORD_01259 desde R06
[22:57:12] [INFO   ] Nueva orden ORD_01260 desde R20
[22:57:12] [INFO   ] Nueva orden ORD_01261 desde R03
[22:57:12] [INFO   ] Nueva orden ORD_01262 desde R12
[22:57:12] [INFO   ] Nueva orden ORD_01263 desde R22
[22:57:12] [INFO   ] Nueva orden ORD_01264 desde R12
[22:57:12] [INFO   ] Nueva orden ORD_01265 desde R07
[22:57:12] [INFO   ] Nueva orden ORD_01266 desde R16
[22:57:12] [INFO   ] Nueva orden ORD_01267 desde R17
[22:57:12] [INFO   ] Nueva orden ORD_01268 desde R10
[22:57:13] [INFO   ] Nueva orden ORD_01269 desde R19
[22:57:13] [INFO   ] Nueva orden ORD_01270 desde R16
[22:57:13] [INFO   ] Nueva orden ORD_01271 desde R25
[22:57:13] [INFO   ] Nueva orden ORD_01272 desde R22
[22:57:13] [INFO   ] Nueva orden ORD_01273 desde R09
[22:57:13] [INFO   ] Nueva orden ORD_01274 desde R03
[22:57:14] [INFO   ] Nueva orden ORD_01275 desde R05
[22:57:14] [INFO   ] Nueva orden ORD_01276 desde R05
[22:57:14] [INFO   ] Nueva orden ORD_01277 desde R01
[22:57:14] [INFO   ] Nueva orden ORD_01278 desde R03
[22:57:14] [INFO   ] Nueva orden ORD_01279 desde R18
[22:57:14] [INFO   ] Nueva orden ORD_01280 desde R05
[22:57:15] [INFO   ] Nueva orden ORD_01281 desde R18
[22:57:15] [INFO   ] Nueva orden ORD_01282 desde R01
[22:57:15] [INFO   ] Nueva orden ORD_01283 desde R04
[22:57:15] [INFO   ] Nueva orden ORD_01284 desde R24
[22:57:15] [INFO   ] Nueva orden ORD_01285 desde R04
[22:57:15] [INFO   ] Nueva orden ORD_01286 desde R21
[22:57:16] [INFO   ] Nueva orden ORD_01287 desde R24
[22:57:16] [INFO   ] Nueva orden ORD_01288 desde R16
[22:57:16] [INFO   ] Nueva orden ORD_01289 desde R04
[22:57:16] [INFO   ] Nueva orden ORD_01290 desde R11
[22:57:16] [INFO   ] Nueva orden ORD_01291 desde R18
[22:57:16] [INFO   ] Nueva orden ORD_01292 desde R16
[22:57:17] [INFO   ] Nueva orden ORD_01293 desde R04
[22:57:17] [INFO   ] Nueva orden ORD_01294 desde R19
[22:57:17] [INFO   ] Nueva orden ORD_01295 desde R02
[22:57:17] [INFO   ] Nueva orden ORD_01296 desde R25
[22:57:17] [INFO   ] Nueva orden ORD_01297 desde R19
[22:57:17] [INFO   ] Nueva orden ORD_01298 desde R01
[22:57:18] [INFO   ] Nueva orden ORD_01299 desde R22
[22:57:18] [INFO   ] Nueva orden ORD_01300 desde R12
[22:57:18] [INFO   ] Nueva orden ORD_01301 desde R14
[22:57:18] [INFO   ] Nueva orden ORD_01302 desde R06
[22:57:18] [INFO   ] Nueva orden ORD_01303 desde R14
[22:57:18] [INFO   ] Nueva orden ORD_01304 desde R08
[22:57:18] [INFO   ] Nueva orden ORD_01305 desde R01
[22:57:18] [INFO   ] Nueva orden ORD_01306 desde R23
[22:57:18] [INFO   ] Nueva orden ORD_01307 desde R11
[22:57:18] [INFO   ] Nueva orden ORD_01308 desde R07
[22:57:18] [INFO   ] Nueva orden ORD_01309 desde R04
[22:57:19] [INFO   ] Nueva orden ORD_01310 desde R04
[22:57:19] [INFO   ] Nueva orden ORD_01311 desde R16
[22:57:19] [INFO   ] Nueva orden ORD_01312 desde R08
[22:57:19] [INFO   ] Nueva orden ORD_01313 desde R14
[22:57:19] [INFO   ] Nueva orden ORD_01314 desde R15
[22:57:19] [INFO   ] Nueva orden ORD_01315 desde R13
[22:57:19] [INFO   ] Nueva orden ORD_01316 desde R05
[22:57:19] [INFO   ] Nueva orden ORD_01317 desde R14
[22:57:19] [INFO   ] Nueva orden ORD_01318 desde R22
[22:57:19] [INFO   ] Nueva orden ORD_01319 desde R18
[22:57:19] [INFO   ] Nueva orden ORD_01320 desde R08
[22:57:19] [INFO   ] Nueva orden ORD_01321 desde R09
[22:57:19] [INFO   ] Nueva orden ORD_01322 desde R04
[22:57:19] [INFO   ] Nueva orden ORD_01323 desde R07
[22:57:19] [INFO   ] Nueva orden ORD_01324 desde R19
[22:57:19] [INFO   ] Nueva orden ORD_01325 desde R04
[22:57:19] [INFO   ] Nueva orden ORD_01326 desde R21
[22:57:19] [INFO   ] Nueva orden ORD_01327 desde R17
[22:57:19] [INFO   ] Nueva orden ORD_01328 desde R22
[22:57:19] [INFO   ] Nueva orden ORD_01329 desde R22
[22:57:19] [INFO   ] Nueva orden ORD_01330 desde R17
[22:57:19] [INFO   ] Nueva orden ORD_01331 desde R21
[22:57:19] [INFO   ] Nueva orden ORD_01332 desde R21
[22:57:19] [INFO   ] Nueva orden ORD_01333 desde R25
[22:57:19] [INFO   ] Nueva orden ORD_01334 desde R01
[22:57:19] [INFO   ] Nueva orden ORD_01335 desde R10
[22:57:19] [INFO   ] Nueva orden ORD_01336 desde R22
[22:57:19] [INFO   ] Nueva orden ORD_01337 desde R01
[22:57:19] [INFO   ] Nueva orden ORD_01338 desde R10
[22:57:19] [INFO   ] Nueva orden ORD_01339 desde R20
[22:57:20] [INFO   ] Nueva orden ORD_01340 desde R01
[22:57:20] [INFO   ] Nueva orden ORD_01341 desde R03
[22:57:20] [INFO   ] Nueva orden ORD_01342 desde R15
[22:57:20] [INFO   ] Nueva orden ORD_01343 desde R10
[22:57:20] [INFO   ] Nueva orden ORD_01344 desde R04
[22:57:20] [INFO   ] Nueva orden ORD_01345 desde R23
[22:57:20] [INFO   ] Nueva orden ORD_01346 desde R01
[22:57:20] [INFO   ] Nueva orden ORD_01347 desde R16
[22:57:20] [INFO   ] Nueva orden ORD_01348 desde R25
[22:57:20] [INFO   ] Nueva orden ORD_01349 desde R22
[22:57:20] [INFO   ] Nueva orden ORD_01350 desde R20
[22:57:20] [INFO   ] Nueva orden ORD_01351 desde R01
[22:57:20] [INFO   ] Nueva orden ORD_01352 desde R05
[22:57:20] [INFO   ] Nueva orden ORD_01353 desde R13
[22:57:20] [INFO   ] Nueva orden ORD_01354 desde R10
[22:57:20] [INFO   ] Nueva orden ORD_01355 desde R06
[22:57:20] [INFO   ] Nueva orden ORD_01356 desde R22
[22:57:20] [INFO   ] Nueva orden ORD_01357 desde R07
[22:57:20] [INFO   ] Nueva orden ORD_01358 desde R16
[22:57:20] [INFO   ] Nueva orden ORD_01359 desde R10
[22:57:20] [INFO   ] Nueva orden ORD_01360 desde R09
[22:57:20] [INFO   ] Nueva orden ORD_01361 desde R15
[22:57:20] [INFO   ] Nueva orden ORD_01362 desde R22
[22:57:20] [INFO   ] Nueva orden ORD_01363 desde R21
[22:57:20] [INFO   ] Nueva orden ORD_01364 desde R09
[22:57:20] [INFO   ] Nueva orden ORD_01365 desde R24
[22:57:20] [INFO   ] Nueva orden ORD_01366 desde R14
[22:57:20] [INFO   ] Nueva orden ORD_01367 desde R05
[22:57:20] [INFO   ] Nueva orden ORD_01368 desde R17
[22:57:20] [INFO   ] Nueva orden ORD_01369 desde R21
[22:57:21] [INFO   ] Nueva orden ORD_01370 desde R11
[22:57:21] [INFO   ] Nueva orden ORD_01371 desde R25
[22:57:21] [INFO   ] Nueva orden ORD_01372 desde R25
[22:57:21] [INFO   ] Nueva orden ORD_01373 desde R06
[22:57:21] [INFO   ] Nueva orden ORD_01374 desde R22
[22:57:21] [INFO   ] Nueva orden ORD_01375 desde R07
[22:57:21] [INFO   ] Nueva orden ORD_01376 desde R23
[22:57:21] [INFO   ] Nueva orden ORD_01377 desde R18
[22:57:21] [INFO   ] Nueva orden ORD_01378 desde R15
[22:57:21] [INFO   ] Nueva orden ORD_01379 desde R01
[22:57:21] [INFO   ] Nueva orden ORD_01380 desde R10
[22:57:21] [INFO   ] Nueva orden ORD_01381 desde R23
[22:57:21] [INFO   ] Nueva orden ORD_01382 desde R09
[22:57:21] [INFO   ] Nueva orden ORD_01383 desde R02
[22:57:21] [INFO   ] Nueva orden ORD_01384 desde R03
[22:57:21] [INFO   ] Nueva orden ORD_01385 desde R02
[22:57:21] [INFO   ] Nueva orden ORD_01386 desde R02
[22:57:21] [INFO   ] Nueva orden ORD_01387 desde R09
[22:57:21] [INFO   ] Nueva orden ORD_01388 desde R23
[22:57:21] [INFO   ] Nueva orden ORD_01389 desde R07
[22:57:21] [INFO   ] Nueva orden ORD_01390 desde R13
[22:57:21] [INFO   ] Nueva orden ORD_01391 desde R17
[22:57:21] [INFO   ] Nueva orden ORD_01392 desde R16
[22:57:21] [INFO   ] Nueva orden ORD_01393 desde R18
[22:57:21] [INFO   ] Nueva orden ORD_01394 desde R24
[22:57:21] [INFO   ] Nueva orden ORD_01395 desde R01
[22:57:21] [INFO   ] Nueva orden ORD_01396 desde R19
[22:57:21] [INFO   ] Nueva orden ORD_01397 desde R25
[22:57:21] [INFO   ] Nueva orden ORD_01398 desde R13
[22:57:22] [INFO   ] Nueva orden ORD_01399 desde R18
[22:57:22] [INFO   ] Nueva orden ORD_01400 desde R13
[22:57:22] [INFO   ] Nueva orden ORD_01401 desde R05
[22:57:22] [INFO   ] Nueva orden ORD_01402 desde R17
[22:57:22] [INFO   ] Nueva orden ORD_01403 desde R02
[22:57:22] [INFO   ] Nueva orden ORD_01404 desde R17
[22:57:22] [INFO   ] Nueva orden ORD_01405 desde R07
[22:57:22] [INFO   ] Nueva orden ORD_01406 desde R21
[22:57:22] [INFO   ] Nueva orden ORD_01407 desde R14
[22:57:22] [INFO   ] Nueva orden ORD_01408 desde R10
[22:57:22] [INFO   ] Nueva orden ORD_01409 desde R09
[22:57:22] [INFO   ] Nueva orden ORD_01410 desde R20
[22:57:22] [INFO   ] Nueva orden ORD_01411 desde R04
[22:57:22] [INFO   ] Nueva orden ORD_01412 desde R24
[22:57:22] [INFO   ] Nueva orden ORD_01413 desde R17
[22:57:22] [INFO   ] Nueva orden ORD_01414 desde R14
[22:57:22] [INFO   ] Nueva orden ORD_01415 desde R18
[22:57:22] [INFO   ] Nueva orden ORD_01416 desde R24
[22:57:22] [INFO   ] Nueva orden ORD_01417 desde R06
[22:57:22] [INFO   ] Nueva orden ORD_01418 desde R16
[22:57:22] [INFO   ] Nueva orden ORD_01419 desde R19
[22:57:22] [INFO   ] Nueva orden ORD_01420 desde R06
[22:57:22] [INFO   ] Nueva orden ORD_01421 desde R01
[22:57:22] [INFO   ] Nueva orden ORD_01422 desde R22
[22:57:23] [INFO   ] Nueva orden ORD_01423 desde R08
[22:57:23] [INFO   ] Nueva orden ORD_01424 desde R08
[22:57:23] [INFO   ] Nueva orden ORD_01425 desde R18
[22:57:23] [INFO   ] Nueva orden ORD_01426 desde R14
[22:57:23] [INFO   ] Nueva orden ORD_01427 desde R17
[22:57:23] [INFO   ] Nueva orden ORD_01428 desde R16
[22:57:23] [INFO   ] Nueva orden ORD_01429 desde R13
[22:57:23] [INFO   ] Nueva orden ORD_01430 desde R06
[22:57:23] [INFO   ] Nueva orden ORD_01431 desde R08
[22:57:23] [INFO   ] Nueva orden ORD_01432 desde R07
[22:57:23] [INFO   ] Nueva orden ORD_01433 desde R20
[22:57:23] [INFO   ] Nueva orden ORD_01434 desde R24
[22:57:23] [INFO   ] Nueva orden ORD_01435 desde R23
[22:57:23] [INFO   ] Nueva orden ORD_01436 desde R18
[22:57:23] [INFO   ] Nueva orden ORD_01437 desde R11
[22:57:23] [INFO   ] Nueva orden ORD_01438 desde R17
[22:57:23] [INFO   ] Nueva orden ORD_01439 desde R04
[22:57:23] [INFO   ] Nueva orden ORD_01440 desde R08
[22:57:23] [INFO   ] Nueva orden ORD_01441 desde R20
[22:57:23] [INFO   ] Nueva orden ORD_01442 desde R06
[22:57:23] [INFO   ] Nueva orden ORD_01443 desde R24
[22:57:23] [INFO   ] Nueva orden ORD_01444 desde R01
[22:57:23] [INFO   ] Nueva orden ORD_01445 desde R01
[22:57:23] [INFO   ] Nueva orden ORD_01446 desde R10
[22:57:23] [INFO   ] Nueva orden ORD_01447 desde R20
[22:57:24] [INFO   ] Nueva orden ORD_01448 desde R25
[22:57:24] [INFO   ] Nueva orden ORD_01449 desde R25
[22:57:24] [INFO   ] Nueva orden ORD_01450 desde R11
[22:57:24] [INFO   ] Nueva orden ORD_01451 desde R02
[22:57:24] [INFO   ] Nueva orden ORD_01452 desde R11
[22:57:24] [INFO   ] Nueva orden ORD_01453 desde R19
[22:57:24] [INFO   ] Nueva orden ORD_01454 desde R17
[22:57:24] [INFO   ] Nueva orden ORD_01455 desde R13
[22:57:24] [INFO   ] Nueva orden ORD_01456 desde R07
[22:57:24] [INFO   ] Nueva orden ORD_01457 desde R20
[22:57:24] [INFO   ] Nueva orden ORD_01458 desde R24
[22:57:24] [INFO   ] Nueva orden ORD_01459 desde R11
[22:57:24] [INFO   ] Nueva orden ORD_01460 desde R02
[22:57:24] [INFO   ] Nueva orden ORD_01461 desde R08
[22:57:24] [INFO   ] Nueva orden ORD_01462 desde R18
[22:57:24] [INFO   ] Nueva orden ORD_01463 desde R07
[22:57:24] [INFO   ] Nueva orden ORD_01464 desde R07
[22:57:24] [INFO   ] Nueva orden ORD_01465 desde R04
[22:57:24] [INFO   ] Nueva orden ORD_01466 desde R24
[22:57:24] [INFO   ] Nueva orden ORD_01467 desde R02
[22:57:24] [INFO   ] Nueva orden ORD_01468 desde R04
[22:57:24] [INFO   ] Nueva orden ORD_01469 desde R22
[22:57:24] [INFO   ] Nueva orden ORD_01470 desde R09
[22:57:24] [INFO   ] Nueva orden ORD_01471 desde R10
[22:57:24] [INFO   ] Nueva orden ORD_01472 desde R04
[22:57:24] [INFO   ] Nueva orden ORD_01473 desde R08
[22:57:24] [INFO   ] Nueva orden ORD_01474 desde R04
[22:57:24] [INFO   ] Nueva orden ORD_01475 desde R07
[22:57:24] [INFO   ] Nueva orden ORD_01476 desde R21
[22:57:24] [INFO   ] Nueva orden ORD_01477 desde R04
[22:57:24] [INFO   ] Nueva orden ORD_01478 desde R16
[22:57:24] [INFO   ] Nueva orden ORD_01479 desde R10
[22:57:24] [INFO   ] Nueva orden ORD_01480 desde R06
[22:57:24] [INFO   ] Nueva orden ORD_01481 desde R25
[22:57:24] [INFO   ] Nueva orden ORD_01482 desde R10
[22:57:24] [INFO   ] Nueva orden ORD_01483 desde R08
[22:57:24] [INFO   ] Nueva orden ORD_01484 desde R24
[22:57:25] [INFO   ] Nueva orden ORD_01485 desde R18
[22:57:25] [INFO   ] Nueva orden ORD_01486 desde R17
[22:57:25] [INFO   ] Nueva orden ORD_01487 desde R07
[22:57:25] [INFO   ] Nueva orden ORD_01488 desde R23
[22:57:25] [INFO   ] Nueva orden ORD_01489 desde R21
[22:57:25] [INFO   ] Nueva orden ORD_01490 desde R12
[22:57:25] [INFO   ] Nueva orden ORD_01491 desde R05
[22:57:25] [INFO   ] Nueva orden ORD_01492 desde R10
[22:57:25] [INFO   ] Nueva orden ORD_01493 desde R15
[22:57:25] [INFO   ] Nueva orden ORD_01494 desde R20
[22:57:25] [INFO   ] Nueva orden ORD_01495 desde R19
[22:57:25] [INFO   ] Nueva orden ORD_01496 desde R07
[22:57:25] [INFO   ] Nueva orden ORD_01497 desde R08
[22:57:25] [INFO   ] Nueva orden ORD_01498 desde R21
[22:57:25] [INFO   ] Nueva orden ORD_01499 desde R07
[22:57:25] [INFO   ] Nueva orden ORD_01500 desde R12
[22:57:25] [INFO   ] Nueva orden ORD_01501 desde R21
[22:57:25] [INFO   ] Nueva orden ORD_01502 desde R23
[22:57:25] [INFO   ] Nueva orden ORD_01503 desde R22
[22:57:25] [INFO   ] Nueva orden ORD_01504 desde R21
[22:57:25] [INFO   ] Nueva orden ORD_01505 desde R14
[22:57:25] [INFO   ] Nueva orden ORD_01506 desde R17
[22:57:25] [INFO   ] Nueva orden ORD_01507 desde R06
[22:57:25] [INFO   ] Nueva orden ORD_01508 desde R19
[22:57:25] [INFO   ] Nueva orden ORD_01509 desde R20
[22:57:25] [INFO   ] Nueva orden ORD_01510 desde R01
[22:57:25] [INFO   ] Nueva orden ORD_01511 desde R04
[22:57:25] [INFO   ] Nueva orden ORD_01512 desde R05
[22:57:25] [INFO   ] Nueva orden ORD_01513 desde R08
[22:57:25] [INFO   ] Nueva orden ORD_01514 desde R16
[22:57:25] [INFO   ] Nueva orden ORD_01515 desde R14
[22:57:25] [INFO   ] Nueva orden ORD_01516 desde R16
[22:57:25] [INFO   ] Nueva orden ORD_01517 desde R08
[22:57:25] [INFO   ] Nueva orden ORD_01518 desde R02
[22:57:25] [INFO   ] Nueva orden ORD_01519 desde R11
[22:57:25] [INFO   ] Nueva orden ORD_01520 desde R24
[22:57:25] [INFO   ] Nueva orden ORD_01521 desde R10
[22:57:25] [INFO   ] Nueva orden ORD_01522 desde R06
[22:57:25] [INFO   ] Nueva orden ORD_01523 desde R15
[22:57:25] [INFO   ] Nueva orden ORD_01524 desde R12
[22:57:25] [INFO   ] Nueva orden ORD_01525 desde R02
[22:57:25] [INFO   ] Nueva orden ORD_01526 desde R18
[22:57:25] [INFO   ] Nueva orden ORD_01527 desde R12
[22:57:25] [INFO   ] Nueva orden ORD_01528 desde R05
[22:57:25] [INFO   ] Nueva orden ORD_01529 desde R06
[22:57:25] [INFO   ] Nueva orden ORD_01530 desde R16
[22:57:25] [INFO   ] Nueva orden ORD_01531 desde R17
[22:57:25] [INFO   ] Nueva orden ORD_01532 desde R12
[22:57:25] [INFO   ] Nueva orden ORD_01533 desde R23
[22:57:25] [INFO   ] Nueva orden ORD_01534 desde R19
[22:57:25] [INFO   ] Nueva orden ORD_01535 desde R11
[22:57:25] [INFO   ] Nueva orden ORD_01536 desde R09
[22:57:25] [INFO   ] Nueva orden ORD_01537 desde R23
[22:57:25] [INFO   ] Nueva orden ORD_01538 desde R04
[22:57:25] [INFO   ] Nueva orden ORD_01539 desde R23
[22:57:25] [INFO   ] Nueva orden ORD_01540 desde R04
[22:57:25] [INFO   ] Nueva orden ORD_01541 desde R02
[22:57:25] [INFO   ] Nueva orden ORD_01542 desde R03
[22:57:25] [INFO   ] Nueva orden ORD_01543 desde R22
[22:57:25] [INFO   ] Nueva orden ORD_01544 desde R16
[22:57:26] [INFO   ] Nueva orden ORD_01545 desde R06
[22:57:26] [INFO   ] Nueva orden ORD_01546 desde R09
[22:57:26] [INFO   ] Nueva orden ORD_01547 desde R21
[22:57:26] [INFO   ] Nueva orden ORD_01548 desde R25
[22:57:26] [INFO   ] Nueva orden ORD_01549 desde R11
[22:57:26] [INFO   ] Nueva orden ORD_01550 desde R05
[22:57:26] [INFO   ] Nueva orden ORD_01551 desde R11
[22:57:26] [INFO   ] Nueva orden ORD_01552 desde R21
[22:57:26] [INFO   ] Nueva orden ORD_01553 desde R11
[22:57:26] [INFO   ] Nueva orden ORD_01554 desde R17
[22:57:26] [INFO   ] Nueva orden ORD_01555 desde R01
[22:57:26] [INFO   ] Nueva orden ORD_01556 desde R25
[22:57:26] [INFO   ] Nueva orden ORD_01557 desde R15
[22:57:26] [INFO   ] Nueva orden ORD_01558 desde R02
[22:57:26] [INFO   ] Nueva orden ORD_01559 desde R06
[22:57:26] [INFO   ] Nueva orden ORD_01560 desde R01
[22:57:26] [INFO   ] Nueva orden ORD_01561 desde R04
[22:57:26] [INFO   ] Nueva orden ORD_01562 desde R24
[22:57:26] [INFO   ] Nueva orden ORD_01563 desde R01
[22:57:26] [INFO   ] Nueva orden ORD_01564 desde R09
[22:57:26] [INFO   ] Nueva orden ORD_01565 desde R02
[22:57:26] [INFO   ] Nueva orden ORD_01566 desde R24
[22:57:26] [INFO   ] Nueva orden ORD_01567 desde R01
[22:57:26] [INFO   ] Nueva orden ORD_01568 desde R25
[22:57:26] [INFO   ] Nueva orden ORD_01569 desde R11
[22:57:26] [INFO   ] Nueva orden ORD_01570 desde R11
[22:57:26] [INFO   ] Nueva orden ORD_01571 desde R18
[22:57:26] [INFO   ] Nueva orden ORD_01572 desde R10
[22:57:26] [INFO   ] Nueva orden ORD_01573 desde R24
[22:57:26] [INFO   ] Nueva orden ORD_01574 desde R11
[22:57:26] [INFO   ] Nueva orden ORD_01575 desde R08
[22:57:26] [INFO   ] Nueva orden ORD_01576 desde R08
[22:57:26] [INFO   ] Nueva orden ORD_01577 desde R24
[22:57:26] [INFO   ] Nueva orden ORD_01578 desde R14
[22:57:26] [INFO   ] Nueva orden ORD_01579 desde R23
[22:57:26] [INFO   ] Nueva orden ORD_01580 desde R15
[22:57:26] [INFO   ] Nueva orden ORD_01581 desde R21
[22:57:26] [INFO   ] Nueva orden ORD_01582 desde R06
[22:57:26] [INFO   ] Nueva orden ORD_01583 desde R14
[22:57:26] [INFO   ] Nueva orden ORD_01584 desde R16
[22:57:26] [INFO   ] Nueva orden ORD_01585 desde R23
[22:57:26] [INFO   ] Nueva orden ORD_01586 desde R11
[22:57:26] [INFO   ] Nueva orden ORD_01587 desde R16
[22:57:26] [INFO   ] Nueva orden ORD_01588 desde R07
[22:57:26] [INFO   ] Nueva orden ORD_01589 desde R18
[22:57:26] [INFO   ] Nueva orden ORD_01590 desde R23
[22:57:26] [INFO   ] Nueva orden ORD_01591 desde R11
[22:57:26] [INFO   ] Nueva orden ORD_01592 desde R11
[22:57:26] [INFO   ] Nueva orden ORD_01593 desde R02
[22:57:26] [INFO   ] Nueva orden ORD_01594 desde R12
[22:57:26] [INFO   ] Nueva orden ORD_01595 desde R08
[22:57:27] [INFO   ] Nueva orden ORD_01596 desde R25
[22:57:27] [INFO   ] Nueva orden ORD_01597 desde R12
[22:57:27] [INFO   ] Nueva orden ORD_01598 desde R20
[22:57:27] [INFO   ] Nueva orden ORD_01599 desde R02
[22:57:27] [INFO   ] Nueva orden ORD_01600 desde R13
[22:57:27] [INFO   ] Nueva orden ORD_01601 desde R18
[22:57:27] [INFO   ] Nueva orden ORD_01602 desde R19
[22:57:27] [INFO   ] Nueva orden ORD_01603 desde R20
[22:57:27] [INFO   ] Nueva orden ORD_01604 desde R02
[22:57:27] [INFO   ] Nueva orden ORD_01605 desde R25
[22:57:27] [INFO   ] Nueva orden ORD_01606 desde R18
[22:57:27] [INFO   ] Nueva orden ORD_01607 desde R06
[22:57:27] [INFO   ] Nueva orden ORD_01608 desde R15
[22:57:27] [INFO   ] Nueva orden ORD_01609 desde R12
[22:57:27] [INFO   ] Nueva orden ORD_01610 desde R02
[22:57:27] [INFO   ] Nueva orden ORD_01611 desde R24
[22:57:27] [INFO   ] Nueva orden ORD_01612 desde R21
[22:57:27] [INFO   ] Nueva orden ORD_01613 desde R13
[22:57:27] [INFO   ] Nueva orden ORD_01614 desde R05
[22:57:27] [INFO   ] Nueva orden ORD_01615 desde R15
[22:57:27] [INFO   ] Nueva orden ORD_01616 desde R15
[22:57:28] [INFO   ] Nueva orden ORD_01617 desde R09
[22:57:28] [INFO   ] Nueva orden ORD_01618 desde R02
[22:57:28] [INFO   ] Nueva orden ORD_01619 desde R06
[22:57:28] [INFO   ] Nueva orden ORD_01620 desde R25
[22:57:28] [INFO   ] Nueva orden ORD_01621 desde R01
[22:57:28] [INFO   ] Nueva orden ORD_01622 desde R13
[22:57:28] [INFO   ] Nueva orden ORD_01623 desde R20
[22:57:28] [INFO   ] Nueva orden ORD_01624 desde R02
[22:57:28] [INFO   ] Nueva orden ORD_01625 desde R10
[22:57:28] [INFO   ] Nueva orden ORD_01626 desde R12
[22:57:28] [INFO   ] Nueva orden ORD_01627 desde R24
[22:57:28] [INFO   ] Nueva orden ORD_01628 desde R25
[22:57:28] [INFO   ] Nueva orden ORD_01629 desde R16
[22:57:28] [INFO   ] Nueva orden ORD_01630 desde R02
[22:57:28] [INFO   ] Nueva orden ORD_01631 desde R21
[22:57:28] [INFO   ] Nueva orden ORD_01632 desde R24
[22:57:28] [INFO   ] Nueva orden ORD_01633 desde R22
[22:57:28] [INFO   ] Nueva orden ORD_01634 desde R10
[22:57:28] [INFO   ] Nueva orden ORD_01635 desde R21
[22:57:28] [INFO   ] Nueva orden ORD_01636 desde R02
[22:57:28] [INFO   ] Nueva orden ORD_01637 desde R18
[22:57:29] [INFO   ] Nueva orden ORD_01638 desde R10
[22:57:29] [INFO   ] Nueva orden ORD_01639 desde R14
[22:57:29] [INFO   ] Nueva orden ORD_01640 desde R17
[22:57:29] [INFO   ] Nueva orden ORD_01641 desde R23
[22:57:29] [INFO   ] Nueva orden ORD_01642 desde R03
[22:57:29] [INFO   ] Nueva orden ORD_01643 desde R17
[22:57:29] [INFO   ] Nueva orden ORD_01644 desde R25
[22:57:29] [INFO   ] Nueva orden ORD_01645 desde R07
[22:57:29] [INFO   ] Nueva orden ORD_01646 desde R08
[22:57:29] [INFO   ] Nueva orden ORD_01647 desde R16
[22:57:29] [INFO   ] Nueva orden ORD_01648 desde R22
[22:57:29] [INFO   ] Nueva orden ORD_01649 desde R24
[22:57:29] [INFO   ] Nueva orden ORD_01650 desde R17
[22:57:29] [INFO   ] Nueva orden ORD_01651 desde R10
[22:57:29] [INFO   ] Nueva orden ORD_01652 desde R23
[22:57:29] [INFO   ] Nueva orden ORD_01653 desde R05
[22:57:29] [INFO   ] Nueva orden ORD_01654 desde R09
[22:57:29] [INFO   ] Nueva orden ORD_01655 desde R23
[22:57:29] [INFO   ] Nueva orden ORD_01656 desde R22
[22:57:29] [INFO   ] Nueva orden ORD_01657 desde R03
[22:57:29] [INFO   ] Nueva orden ORD_01658 desde R09
[22:57:30] [INFO   ] Nueva orden ORD_01659 desde R03
[22:57:30] [INFO   ] Nueva orden ORD_01660 desde R02
[22:57:30] [INFO   ] Nueva orden ORD_01661 desde R25
[22:57:30] [INFO   ] Nueva orden ORD_01662 desde R14
[22:57:30] [INFO   ] Nueva orden ORD_01663 desde R05
[22:57:30] [INFO   ] Nueva orden ORD_01664 desde R03
[22:57:30] [INFO   ] Nueva orden ORD_01665 desde R09
[22:57:30] [INFO   ] Nueva orden ORD_01666 desde R22
[22:57:30] [INFO   ] Nueva orden ORD_01667 desde R18
[22:57:30] [INFO   ] Nueva orden ORD_01668 desde R03
[22:57:30] [INFO   ] Nueva orden ORD_01669 desde R20
[22:57:30] [INFO   ] Nueva orden ORD_01670 desde R24
[22:57:30] [INFO   ] Nueva orden ORD_01671 desde R01
[22:57:30] [INFO   ] Nueva orden ORD_01672 desde R22
[22:57:30] [INFO   ] Nueva orden ORD_01673 desde R22
[22:57:30] [INFO   ] Nueva orden ORD_01674 desde R24
[22:57:30] [INFO   ] Nueva orden ORD_01675 desde R17
[22:57:30] [INFO   ] Nueva orden ORD_01676 desde R08
[22:57:30] [INFO   ] Nueva orden ORD_01677 desde R21
[22:57:30] [INFO   ] Nueva orden ORD_01678 desde R03
[22:57:30] [INFO   ] Nueva orden ORD_01679 desde R11
[22:57:30] [INFO   ] Nueva orden ORD_01680 desde R04
[22:57:30] [INFO   ] Nueva orden ORD_01681 desde R25
[22:57:31] [INFO   ] Nueva orden ORD_01682 desde R19
[22:57:31] [INFO   ] Nueva orden ORD_01683 desde R22
[22:57:31] [INFO   ] Nueva orden ORD_01684 desde R19
[22:57:31] [INFO   ] Nueva orden ORD_01685 desde R11
[22:57:31] [INFO   ] Nueva orden ORD_01686 desde R04
[22:57:31] [INFO   ] Nueva orden ORD_01687 desde R09
[22:57:31] [INFO   ] Nueva orden ORD_01688 desde R24
[22:57:31] [INFO   ] Nueva orden ORD_01689 desde R01
[22:57:31] [INFO   ] Nueva orden ORD_01690 desde R09
[22:57:31] [INFO   ] Nueva orden ORD_01691 desde R03
[22:57:31] [INFO   ] Nueva orden ORD_01692 desde R11
[22:57:31] [INFO   ] Nueva orden ORD_01693 desde R01
[22:57:31] [INFO   ] Nueva orden ORD_01694 desde R05
[22:57:31] [INFO   ] Nueva orden ORD_01695 desde R12
[22:57:31] [INFO   ] Nueva orden ORD_01696 desde R02
[22:57:31] [INFO   ] Nueva orden ORD_01697 desde R12
[22:57:31] [INFO   ] Nueva orden ORD_01698 desde R25
[22:57:31] [INFO   ] Nueva orden ORD_01699 desde R08
[22:57:31] [INFO   ] Nueva orden ORD_01700 desde R24
[22:57:31] [INFO   ] Nueva orden ORD_01701 desde R08
[22:57:31] [INFO   ] Nueva orden ORD_01702 desde R18
[22:57:31] [INFO   ] Nueva orden ORD_01703 desde R15
[22:57:31] [INFO   ] Nueva orden ORD_01704 desde R12
[22:57:31] [INFO   ] Nueva orden ORD_01705 desde R10
[22:57:31] [INFO   ] Nueva orden ORD_01706 desde R14
[22:57:31] [INFO   ] Nueva orden ORD_01707 desde R19
[22:57:31] [INFO   ] Nueva orden ORD_01708 desde R20
[22:57:31] [INFO   ] Nueva orden ORD_01709 desde R18
[22:57:31] [INFO   ] Nueva orden ORD_01710 desde R08
[22:57:31] [INFO   ] Nueva orden ORD_01711 desde R23
[22:57:31] [INFO   ] Nueva orden ORD_01712 desde R23
[22:57:31] [INFO   ] Nueva orden ORD_01713 desde R14
[22:57:31] [INFO   ] Nueva orden ORD_01714 desde R25
[22:57:31] [INFO   ] Nueva orden ORD_01715 desde R07
[22:57:32] [INFO   ] Nueva orden ORD_01716 desde R12
[22:57:32] [INFO   ] Nueva orden ORD_01717 desde R12
[22:57:32] [INFO   ] Nueva orden ORD_01718 desde R04
[22:57:32] [INFO   ] Nueva orden ORD_01719 desde R13
[22:57:32] [INFO   ] Nueva orden ORD_01720 desde R23
[22:57:32] [INFO   ] Nueva orden ORD_01721 desde R18
[22:57:32] [INFO   ] Nueva orden ORD_01722 desde R24
[22:57:32] [INFO   ] Nueva orden ORD_01723 desde R06
[22:57:32] [INFO   ] Nueva orden ORD_01724 desde R10
[22:57:32] [INFO   ] Nueva orden ORD_01725 desde R18
[22:57:32] [INFO   ] Nueva orden ORD_01726 desde R12
[22:57:32] [INFO   ] Nueva orden ORD_01727 desde R20
[22:57:32] [INFO   ] Nueva orden ORD_01728 desde R11
[22:57:32] [INFO   ] Nueva orden ORD_01729 desde R06
[22:57:32] [INFO   ] Nueva orden ORD_01730 desde R17
[22:57:32] [INFO   ] Nueva orden ORD_01731 desde R10
[22:57:32] [INFO   ] Nueva orden ORD_01732 desde R12
[22:57:32] [INFO   ] Nueva orden ORD_01733 desde R10
[22:57:32] [INFO   ] Nueva orden ORD_01734 desde R09
[22:57:32] [INFO   ] Nueva orden ORD_01735 desde R20
[22:57:32] [INFO   ] Nueva orden ORD_01736 desde R18
[22:57:32] [INFO   ] Nueva orden ORD_01737 desde R02
[22:57:32] [INFO   ] Nueva orden ORD_01738 desde R04
[22:57:32] [INFO   ] Nueva orden ORD_01739 desde R22
[22:57:32] [INFO   ] Nueva orden ORD_01740 desde R02
[22:57:32] [INFO   ] Nueva orden ORD_01741 desde R06
[22:57:32] [INFO   ] Nueva orden ORD_01742 desde R21
[22:57:32] [INFO   ] Nueva orden ORD_01743 desde R21
[22:57:32] [INFO   ] Nueva orden ORD_01744 desde R08
[22:57:32] [INFO   ] Nueva orden ORD_01745 desde R04
[22:57:32] [INFO   ] Nueva orden ORD_01746 desde R02
[22:57:32] [INFO   ] Nueva orden ORD_01747 desde R25
[22:57:32] [INFO   ] Nueva orden ORD_01748 desde R12
[22:57:32] [INFO   ] Nueva orden ORD_01749 desde R23
[22:57:32] [INFO   ] Nueva orden ORD_01750 desde R12
[22:57:32] [INFO   ] Nueva orden ORD_01751 desde R10
[22:57:32] [INFO   ] Nueva orden ORD_01752 desde R05
[22:57:32] [INFO   ] Nueva orden ORD_01753 desde R04
[22:57:32] [INFO   ] Nueva orden ORD_01754 desde R02
[22:57:32] [INFO   ] Nueva orden ORD_01755 desde R11
[22:57:32] [INFO   ] Nueva orden ORD_01756 desde R14
[22:57:32] [INFO   ] Nueva orden ORD_01757 desde R05
[22:57:32] [INFO   ] Nueva orden ORD_01758 desde R10
[22:57:32] [INFO   ] Nueva orden ORD_01759 desde R20
[22:57:32] [INFO   ] Nueva orden ORD_01760 desde R17
[22:57:32] [INFO   ] Nueva orden ORD_01761 desde R07
[22:57:32] [INFO   ] Nueva orden ORD_01762 desde R12
[22:57:32] [INFO   ] Nueva orden ORD_01763 desde R23
[22:57:32] [INFO   ] Nueva orden ORD_01764 desde R02
[22:57:32] [INFO   ] Nueva orden ORD_01765 desde R21
[22:57:32] [INFO   ] Nueva orden ORD_01766 desde R02
[22:57:32] [INFO   ] Nueva orden ORD_01767 desde R04
[22:57:32] [INFO   ] Nueva orden ORD_01768 desde R15
[22:57:32] [INFO   ] Nueva orden ORD_01769 desde R18
[22:57:32] [INFO   ] Nueva orden ORD_01770 desde R16
[22:57:33] [INFO   ] Nueva orden ORD_01771 desde R01
[22:57:33] [INFO   ] Nueva orden ORD_01772 desde R20
[22:57:33] [INFO   ] Nueva orden ORD_01773 desde R13
[22:57:33] [INFO   ] Nueva orden ORD_01774 desde R17
[22:57:33] [INFO   ] Nueva orden ORD_01775 desde R05
[22:57:33] [INFO   ] Nueva orden ORD_01776 desde R13
[22:57:33] [INFO   ] Nueva orden ORD_01777 desde R25
[22:57:33] [INFO   ] Nueva orden ORD_01778 desde R19
[22:57:33] [INFO   ] Nueva orden ORD_01779 desde R11
[22:57:33] [INFO   ] Nueva orden ORD_01780 desde R18
[22:57:33] [INFO   ] Nueva orden ORD_01781 desde R18
[22:57:33] [INFO   ] Nueva orden ORD_01782 desde R13
[22:57:33] [INFO   ] Nueva orden ORD_01783 desde R12
[22:57:33] [INFO   ] Nueva orden ORD_01784 desde R16
[22:57:33] [INFO   ] Nueva orden ORD_01785 desde R19
[22:57:33] [INFO   ] Nueva orden ORD_01786 desde R11
[22:57:33] [INFO   ] Nueva orden ORD_01787 desde R18
[22:57:33] [INFO   ] Nueva orden ORD_01788 desde R17
[22:57:33] [INFO   ] Nueva orden ORD_01789 desde R12
[22:57:33] [INFO   ] Nueva orden ORD_01790 desde R08
[22:57:33] [INFO   ] Nueva orden ORD_01791 desde R01
[22:57:33] [INFO   ] Nueva orden ORD_01792 desde R22
[22:57:33] [INFO   ] Nueva orden ORD_01793 desde R19
[22:57:33] [INFO   ] Nueva orden ORD_01794 desde R25
[22:57:33] [INFO   ] Nueva orden ORD_01795 desde R16
[22:57:33] [INFO   ] Nueva orden ORD_01796 desde R12
[22:57:33] [INFO   ] Nueva orden ORD_01797 desde R16
[22:57:33] [INFO   ] Nueva orden ORD_01798 desde R20
[22:57:33] [INFO   ] Nueva orden ORD_01799 desde R06
[22:57:33] [INFO   ] Nueva orden ORD_01800 desde R21
[22:57:33] [INFO   ] Nueva orden ORD_01801 desde R18
[22:57:33] [INFO   ] Nueva orden ORD_01802 desde R10
[22:57:33] [INFO   ] Nueva orden ORD_01803 desde R06
[22:57:33] [INFO   ] Nueva orden ORD_01804 desde R18
[22:57:33] [INFO   ] Nueva orden ORD_01805 desde R17
[22:57:33] [INFO   ] Nueva orden ORD_01806 desde R25
[22:57:33] [INFO   ] Nueva orden ORD_01807 desde R11
[22:57:33] [INFO   ] Nueva orden ORD_01808 desde R09
[22:57:33] [INFO   ] Nueva orden ORD_01809 desde R25
[22:57:33] [INFO   ] Nueva orden ORD_01810 desde R02
[22:57:33] [INFO   ] Nueva orden ORD_01811 desde R03
[22:57:33] [INFO   ] Nueva orden ORD_01812 desde R18
[22:57:33] [INFO   ] Nueva orden ORD_01813 desde R06
[22:57:33] [INFO   ] Nueva orden ORD_01814 desde R25
[22:57:33] [INFO   ] Nueva orden ORD_01815 desde R24
[22:57:33] [INFO   ] Nueva orden ORD_01816 desde R14
[22:57:33] [INFO   ] Nueva orden ORD_01817 desde R17
[22:57:33] [INFO   ] Nueva orden ORD_01818 desde R09
[22:57:33] [INFO   ] Nueva orden ORD_01819 desde R02
[22:57:33] [INFO   ] Nueva orden ORD_01820 desde R20
[22:57:33] [INFO   ] Nueva orden ORD_01821 desde R03
[22:57:33] [INFO   ] Nueva orden ORD_01822 desde R19
[22:57:33] [INFO   ] Nueva orden ORD_01823 desde R06
[22:57:33] [INFO   ] Nueva orden ORD_01824 desde R12
[22:57:34] [INFO   ] Nueva orden ORD_01825 desde R04
[22:57:34] [INFO   ] Nueva orden ORD_01826 desde R09
[22:57:34] [INFO   ] Nueva orden ORD_01827 desde R07
[22:57:34] [INFO   ] Nueva orden ORD_01828 desde R06
[22:57:34] [INFO   ] Nueva orden ORD_01829 desde R01
[22:57:34] [INFO   ] Nueva orden ORD_01830 desde R23
[22:57:34] [INFO   ] Nueva orden ORD_01831 desde R24
[22:57:34] [INFO   ] Nueva orden ORD_01832 desde R23
[22:57:34] [INFO   ] Nueva orden ORD_01833 desde R04
[22:57:34] [INFO   ] Nueva orden ORD_01834 desde R11
[22:57:34] [INFO   ] Nueva orden ORD_01835 desde R07
[22:57:34] [INFO   ] Nueva orden ORD_01836 desde R11
[22:57:34] [INFO   ] Nueva orden ORD_01837 desde R01
[22:57:34] [INFO   ] Nueva orden ORD_01838 desde R11
[22:57:34] [INFO   ] Nueva orden ORD_01839 desde R15
[22:57:34] [INFO   ] Nueva orden ORD_01840 desde R13
[22:57:34] [INFO   ] Nueva orden ORD_01841 desde R22
[22:57:34] [INFO   ] Nueva orden ORD_01842 desde R24
[22:57:34] [INFO   ] Nueva orden ORD_01843 desde R14
[22:57:34] [INFO   ] Nueva orden ORD_01844 desde R03
[22:57:34] [INFO   ] Nueva orden ORD_01845 desde R21
[22:57:34] [INFO   ] Nueva orden ORD_01846 desde R24
[22:57:34] [INFO   ] Nueva orden ORD_01847 desde R01
[22:57:34] [INFO   ] Nueva orden ORD_01848 desde R11
[22:57:34] [INFO   ] Nueva orden ORD_01849 desde R10
[22:57:34] [INFO   ] Nueva orden ORD_01850 desde R19
[22:57:34] [INFO   ] Nueva orden ORD_01851 desde R14
[22:57:34] [INFO   ] Nueva orden ORD_01852 desde R05
[22:57:34] [INFO   ] Nueva orden ORD_01853 desde R04
[22:57:34] [INFO   ] Nueva orden ORD_01854 desde R14
[22:57:34] [INFO   ] Nueva orden ORD_01855 desde R05
[22:57:34] [INFO   ] Nueva orden ORD_01856 desde R02
[22:57:34] [INFO   ] Nueva orden ORD_01857 desde R18
[22:57:34] [INFO   ] Nueva orden ORD_01858 desde R14
[22:57:34] [INFO   ] Nueva orden ORD_01859 desde R17
[22:57:34] [INFO   ] Nueva orden ORD_01860 desde R14
[22:57:34] [INFO   ] Nueva orden ORD_01861 desde R19
[22:57:34] [INFO   ] Nueva orden ORD_01862 desde R07
[22:57:34] [INFO   ] Nueva orden ORD_01863 desde R02
[22:57:34] [INFO   ] Nueva orden ORD_01864 desde R08
[22:57:34] [INFO   ] Nueva orden ORD_01865 desde R04
[22:57:34] [INFO   ] Nueva orden ORD_01866 desde R16
[22:57:34] [INFO   ] Nueva orden ORD_01867 desde R07
[22:57:34] [INFO   ] Nueva orden ORD_01868 desde R14
[22:57:34] [INFO   ] Nueva orden ORD_01869 desde R07
[22:57:35] [INFO   ] Nueva orden ORD_01870 desde R18
[22:57:35] [INFO   ] Nueva orden ORD_01871 desde R08
[22:57:35] [INFO   ] Nueva orden ORD_01872 desde R21
[22:57:35] [INFO   ] Nueva orden ORD_01873 desde R22
[22:57:35] [INFO   ] Nueva orden ORD_01874 desde R13
[22:57:35] [INFO   ] Nueva orden ORD_01875 desde R25
[22:57:35] [INFO   ] Nueva orden ORD_01876 desde R09
[22:57:35] [INFO   ] Nueva orden ORD_01877 desde R16
[22:57:35] [INFO   ] Nueva orden ORD_01878 desde R06
[22:57:35] [INFO   ] Nueva orden ORD_01879 desde R10
[22:57:35] [INFO   ] Nueva orden ORD_01880 desde R03
[22:57:35] [INFO   ] Nueva orden ORD_01881 desde R14
[22:57:35] [INFO   ] Nueva orden ORD_01882 desde R15
[22:57:35] [INFO   ] Nueva orden ORD_01883 desde R24
[22:57:35] [INFO   ] Nueva orden ORD_01884 desde R06
[22:57:36] [INFO   ] Nueva orden ORD_01885 desde R04
[22:57:36] [INFO   ] Nueva orden ORD_01886 desde R24
[22:57:36] [INFO   ] Nueva orden ORD_01887 desde R03
[22:57:36] [INFO   ] Nueva orden ORD_01888 desde R10
[22:57:36] [INFO   ] Nueva orden ORD_01889 desde R02
[22:57:36] [INFO   ] Nueva orden ORD_01890 desde R11
[22:57:36] [INFO   ] Nueva orden ORD_01891 desde R07
[22:57:36] [INFO   ] Nueva orden ORD_01892 desde R22
[22:57:36] [INFO   ] Nueva orden ORD_01893 desde R11
[22:57:36] [INFO   ] Nueva orden ORD_01894 desde R06
[22:57:36] [INFO   ] Nueva orden ORD_01895 desde R12
[22:57:36] [INFO   ] Nueva orden ORD_01896 desde R04
[22:57:36] [INFO   ] Nueva orden ORD_01897 desde R15
[22:57:37] [INFO   ] Nueva orden ORD_01898 desde R07
[22:57:37] [INFO   ] Nueva orden ORD_01899 desde R21
[22:57:37] [INFO   ] Nueva orden ORD_01900 desde R22
[22:57:37] [INFO   ] Nueva orden ORD_01901 desde R13
[22:57:37] [INFO   ] Nueva orden ORD_01902 desde R09
[22:57:37] [INFO   ] Nueva orden ORD_01903 desde R21
[22:57:38] [INFO   ] Nueva orden ORD_01904 desde R16
[22:57:38] [INFO   ] Nueva orden ORD_01905 desde R18
[22:57:38] [INFO   ] Nueva orden ORD_01906 desde R05
[22:57:38] [INFO   ] Nueva orden ORD_01907 desde R03
[22:57:38] [INFO   ] Nueva orden ORD_01908 desde R01
[22:57:38] [INFO   ] Nueva orden ORD_01909 desde R24
[22:57:39] [INFO   ] Nueva orden ORD_01910 desde R06
[22:57:39] [INFO   ] Nueva orden ORD_01911 desde R11
[22:57:39] [INFO   ] Nueva orden ORD_01912 desde R18
[22:57:39] [INFO   ] Nueva orden ORD_01913 desde R02
[22:57:39] [INFO   ] Nueva orden ORD_01914 desde R11
[22:57:39] [INFO   ] Nueva orden ORD_01915 desde R08
[22:57:40] [INFO   ] Nueva orden ORD_01916 desde R02
[22:57:40] [INFO   ] Nueva orden ORD_01917 desde R11
[22:57:40] [INFO   ] Nueva orden ORD_01918 desde R19
[22:57:40] [INFO   ] Nueva orden ORD_01919 desde R22
[22:57:40] [INFO   ] Nueva orden ORD_01920 desde R08
[22:57:40] [INFO   ] Nueva orden ORD_01921 desde R18
[22:57:41] [INFO   ] Nueva orden ORD_01922 desde R19
[22:57:41] [INFO   ] Nueva orden ORD_01923 desde R03
[22:57:41] [INFO   ] Nueva orden ORD_01924 desde R14
[22:57:41] [INFO   ] Nueva orden ORD_01925 desde R08
[22:57:41] [INFO   ] Nueva orden ORD_01926 desde R08
[22:57:41] [INFO   ] Nueva orden ORD_01927 desde R16
[22:57:42] [INFO   ] Nueva orden ORD_01928 desde R09
[22:57:42] [INFO   ] Nueva orden ORD_01929 desde R11
[22:57:42] [INFO   ] Nueva orden ORD_01930 desde R19
[22:57:42] [INFO   ] Nueva orden ORD_01931 desde R14
[22:57:42] [INFO   ] Nueva orden ORD_01932 desde R06
[22:57:42] [INFO   ] Nueva orden ORD_01933 desde R15
[22:57:42] [INFO   ] Nueva orden ORD_01934 desde R14
[22:57:42] [INFO   ] Nueva orden ORD_01935 desde R10
[22:57:42] [INFO   ] Nueva orden ORD_01936 desde R06
[22:57:42] [INFO   ] Nueva orden ORD_01937 desde R11
[22:57:42] [INFO   ] Nueva orden ORD_01938 desde R20
[22:57:43] [INFO   ] Nueva orden ORD_01939 desde R08
[22:57:43] [INFO   ] Nueva orden ORD_01940 desde R20
[22:57:43] [INFO   ] Nueva orden ORD_01941 desde R05
[22:57:43] [INFO   ] Nueva orden ORD_01942 desde R10
[22:57:43] [INFO   ] Nueva orden ORD_01943 desde R05
[22:57:43] [INFO   ] Nueva orden ORD_01944 desde R17
[22:57:43] [INFO   ] Nueva orden ORD_01945 desde R14
[22:57:43] [INFO   ] Nueva orden ORD_01946 desde R17
[22:57:43] [INFO   ] Nueva orden ORD_01947 desde R24
[22:57:43] [INFO   ] Nueva orden ORD_01948 desde R23
[22:57:43] [INFO   ] Nueva orden ORD_01949 desde R02
[22:57:43] [INFO   ] Nueva orden ORD_01950 desde R17
[22:57:43] [INFO   ] Nueva orden ORD_01951 desde R12
[22:57:43] [INFO   ] Nueva orden ORD_01952 desde R01
[22:57:43] [INFO   ] Nueva orden ORD_01953 desde R21
[22:57:43] [INFO   ] Nueva orden ORD_01954 desde R10
[22:57:43] [INFO   ] Nueva orden ORD_01955 desde R04
[22:57:43] [INFO   ] Nueva orden ORD_01956 desde R09
[22:57:43] [INFO   ] Nueva orden ORD_01957 desde R12
[22:57:43] [INFO   ] Nueva orden ORD_01958 desde R17
[22:57:43] [INFO   ] Nueva orden ORD_01959 desde R08
[22:57:43] [INFO   ] Nueva orden ORD_01960 desde R04
[22:57:43] [INFO   ] Nueva orden ORD_01961 desde R25
[22:57:43] [INFO   ] Nueva orden ORD_01962 desde R16
[22:57:43] [INFO   ] Nueva orden ORD_01963 desde R19
[22:57:43] [INFO   ] Nueva orden ORD_01964 desde R16
[22:57:43] [INFO   ] Nueva orden ORD_01965 desde R13
[22:57:43] [INFO   ] Nueva orden ORD_01966 desde R08
[22:57:43] [INFO   ] Nueva orden ORD_01967 desde R17
[22:57:43] [INFO   ] Nueva orden ORD_01968 desde R17
[22:57:44] [INFO   ] Nueva orden ORD_01969 desde R22
[22:57:44] [INFO   ] Nueva orden ORD_01970 desde R16
[22:57:44] [INFO   ] Nueva orden ORD_01971 desde R02
[22:57:44] [INFO   ] Nueva orden ORD_01972 desde R02
[22:57:44] [INFO   ] Nueva orden ORD_01973 desde R03
[22:57:44] [INFO   ] Nueva orden ORD_01974 desde R24
[22:57:44] [INFO   ] Nueva orden ORD_01975 desde R05
[22:57:44] [INFO   ] Nueva orden ORD_01976 desde R22
[22:57:44] [INFO   ] Nueva orden ORD_01977 desde R24
[22:57:44] [INFO   ] Nueva orden ORD_01978 desde R20
[22:57:44] [INFO   ] Nueva orden ORD_01979 desde R14
[22:57:44] [INFO   ] Nueva orden ORD_01980 desde R06
[22:57:44] [INFO   ] Nueva orden ORD_01981 desde R21
[22:57:44] [INFO   ] Nueva orden ORD_01982 desde R04
[22:57:44] [INFO   ] Nueva orden ORD_01983 desde R21
[22:57:44] [INFO   ] Nueva orden ORD_01984 desde R06
[22:57:44] [INFO   ] Nueva orden ORD_01985 desde R15
[22:57:44] [INFO   ] Nueva orden ORD_01986 desde R16
[22:57:44] [INFO   ] Nueva orden ORD_01987 desde R07
[22:57:44] [INFO   ] Nueva orden ORD_01988 desde R12
[22:57:44] [INFO   ] Nueva orden ORD_01989 desde R23
[22:57:44] [INFO   ] Nueva orden ORD_01990 desde R19
[22:57:44] [INFO   ] Nueva orden ORD_01991 desde R01
[22:57:44] [INFO   ] Nueva orden ORD_01992 desde R05
[22:57:44] [INFO   ] Nueva orden ORD_01993 desde R13
[22:57:44] [INFO   ] Nueva orden ORD_01994 desde R06
[22:57:44] [INFO   ] Nueva orden ORD_01995 desde R19
[22:57:44] [INFO   ] Nueva orden ORD_01996 desde R21
[22:57:44] [INFO   ] Nueva orden ORD_01997 desde R09
[22:57:44] [INFO   ] Nueva orden ORD_01998 desde R13
[22:57:44] [INFO   ] Nueva orden ORD_01999 desde R05
[22:57:45] [INFO   ] Nueva orden ORD_02000 desde R14
[22:57:45] [INFO   ] Nueva orden ORD_02001 desde R05
[22:57:45] [INFO   ] Nueva orden ORD_02002 desde R15
[22:57:45] [INFO   ] Nueva orden ORD_02003 desde R14
[22:57:45] [INFO   ] Nueva orden ORD_02004 desde R23
[22:57:45] [INFO   ] Nueva orden ORD_02005 desde R20
[22:57:45] [INFO   ] Nueva orden ORD_02006 desde R17
[22:57:45] [INFO   ] Nueva orden ORD_02007 desde R16
[22:57:45] [INFO   ] Nueva orden ORD_02008 desde R13
[22:57:45] [INFO   ] Nueva orden ORD_02009 desde R05
[22:57:45] [INFO   ] Nueva orden ORD_02010 desde R07
[22:57:45] [INFO   ] Nueva orden ORD_02011 desde R03
[22:57:45] [INFO   ] Nueva orden ORD_02012 desde R10
[22:57:45] [INFO   ] Nueva orden ORD_02013 desde R18
[22:57:45] [INFO   ] Nueva orden ORD_02014 desde R13
[22:57:45] [INFO   ] Nueva orden ORD_02015 desde R22
[22:57:45] [INFO   ] Nueva orden ORD_02016 desde R25
[22:57:45] [INFO   ] Nueva orden ORD_02017 desde R13
[22:57:45] [INFO   ] Nueva orden ORD_02018 desde R15
[22:57:45] [INFO   ] Nueva orden ORD_02019 desde R04
[22:57:45] [INFO   ] Nueva orden ORD_02020 desde R16
[22:57:45] [INFO   ] Nueva orden ORD_02021 desde R13
[22:57:45] [INFO   ] Nueva orden ORD_02022 desde R23
[22:57:45] [INFO   ] Nueva orden ORD_02023 desde R25
[22:57:45] [INFO   ] Nueva orden ORD_02024 desde R08
[22:57:45] [INFO   ] Nueva orden ORD_02025 desde R22
[22:57:45] [INFO   ] Nueva orden ORD_02026 desde R03
[22:57:45] [INFO   ] Nueva orden ORD_02027 desde R08
[22:57:46] [INFO   ] Nueva orden ORD_02028 desde R05
[22:57:46] [INFO   ] Nueva orden ORD_02029 desde R04
[22:57:46] [INFO   ] Nueva orden ORD_02030 desde R22
[22:57:46] [INFO   ] Nueva orden ORD_02031 desde R11
[22:57:46] [INFO   ] Nueva orden ORD_02032 desde R01
[22:57:46] [INFO   ] Nueva orden ORD_02033 desde R15
[22:57:46] [INFO   ] Nueva orden ORD_02034 desde R17
[22:57:46] [INFO   ] Nueva orden ORD_02035 desde R03
[22:57:46] [INFO   ] Nueva orden ORD_02036 desde R24
[22:57:46] [INFO   ] Nueva orden ORD_02037 desde R02
[22:57:46] [INFO   ] Nueva orden ORD_02038 desde R14
[22:57:46] [INFO   ] Nueva orden ORD_02039 desde R04
[22:57:46] [INFO   ] Nueva orden ORD_02040 desde R06
[22:57:46] [INFO   ] Nueva orden ORD_02041 desde R18
[22:57:46] [INFO   ] Nueva orden ORD_02042 desde R16
[22:57:46] [INFO   ] Nueva orden ORD_02043 desde R21
[22:57:46] [INFO   ] Nueva orden ORD_02044 desde R03
[22:57:46] [INFO   ] Nueva orden ORD_02045 desde R19
[22:57:46] [INFO   ] Nueva orden ORD_02046 desde R15
[22:57:46] [INFO   ] Nueva orden ORD_02047 desde R24
[22:57:46] [INFO   ] Nueva orden ORD_02048 desde R08
[22:57:46] [INFO   ] Nueva orden ORD_02049 desde R19
[22:57:46] [INFO   ] Nueva orden ORD_02050 desde R10
[22:57:46] [INFO   ] Nueva orden ORD_02051 desde R25
[22:57:47] [INFO   ] Nueva orden ORD_02052 desde R19
[22:57:47] [INFO   ] Nueva orden ORD_02053 desde R01
[22:57:47] [INFO   ] Nueva orden ORD_02054 desde R02
[22:57:47] [INFO   ] Nueva orden ORD_02055 desde R11
[22:57:47] [INFO   ] Nueva orden ORD_02056 desde R14
[22:57:47] [INFO   ] Nueva orden ORD_02057 desde R19
[22:57:47] [INFO   ] Nueva orden ORD_02058 desde R22
[22:57:47] [INFO   ] Nueva orden ORD_02059 desde R18
[22:57:47] [INFO   ] Nueva orden ORD_02060 desde R19
[22:57:47] [INFO   ] Nueva orden ORD_02061 desde R03
[22:57:47] [INFO   ] Nueva orden ORD_02062 desde R12
[22:57:47] [INFO   ] Nueva orden ORD_02063 desde R17
[22:57:47] [INFO   ] Nueva orden ORD_02064 desde R25
[22:57:47] [INFO   ] Nueva orden ORD_02065 desde R22
[22:57:47] [INFO   ] Nueva orden ORD_02066 desde R21
[22:57:47] [INFO   ] Nueva orden ORD_02067 desde R14
[22:57:47] [INFO   ] Nueva orden ORD_02068 desde R06
[22:57:47] [INFO   ] Nueva orden ORD_02069 desde R09
[22:57:47] [INFO   ] Nueva orden ORD_02070 desde R09
[22:57:47] [INFO   ] Nueva orden ORD_02071 desde R21
[22:57:47] [INFO   ] Nueva orden ORD_02072 desde R15
[22:57:47] [INFO   ] Nueva orden ORD_02073 desde R13
[22:57:47] [INFO   ] Nueva orden ORD_02074 desde R24
[22:57:47] [INFO   ] Nueva orden ORD_02075 desde R03
[22:57:47] [INFO   ] Nueva orden ORD_02076 desde R08
[22:57:47] [INFO   ] Nueva orden ORD_02077 desde R23
[22:57:48] [INFO   ] Nueva orden ORD_02078 desde R05
[22:57:48] [INFO   ] Nueva orden ORD_02079 desde R12
[22:57:48] [INFO   ] Nueva orden ORD_02080 desde R10
[22:57:48] [INFO   ] Nueva orden ORD_02081 desde R18
[22:57:48] [INFO   ] Nueva orden ORD_02082 desde R06
[22:57:48] [INFO   ] Nueva orden ORD_02083 desde R07
[22:57:48] [INFO   ] Nueva orden ORD_02084 desde R06
[22:57:48] [INFO   ] Nueva orden ORD_02085 desde R19
[22:57:48] [INFO   ] Nueva orden ORD_02086 desde R14
[22:57:48] [INFO   ] Nueva orden ORD_02087 desde R05
[22:57:48] [INFO   ] Nueva orden ORD_02088 desde R11
[22:57:48] [INFO   ] Nueva orden ORD_02089 desde R22
[22:57:48] [INFO   ] Nueva orden ORD_02090 desde R13
[22:57:48] [INFO   ] Nueva orden ORD_02091 desde R13
[22:57:48] [INFO   ] Nueva orden ORD_02092 desde R13
[22:57:48] [INFO   ] Nueva orden ORD_02093 desde R17
[22:57:48] [INFO   ] Nueva orden ORD_02094 desde R22
[22:57:48] [INFO   ] Nueva orden ORD_02095 desde R06
[22:57:48] [INFO   ] Nueva orden ORD_02096 desde R07
[22:57:48] [INFO   ] Nueva orden ORD_02097 desde R07
[22:57:48] [INFO   ] Nueva orden ORD_02098 desde R05
[22:57:48] [INFO   ] Nueva orden ORD_02099 desde R11
[22:57:48] [INFO   ] Nueva orden ORD_02100 desde R14
[22:57:48] [INFO   ] Nueva orden ORD_02101 desde R24
[22:57:48] [INFO   ] Nueva orden ORD_02102 desde R11
[22:57:48] [INFO   ] Nueva orden ORD_02103 desde R23
[22:57:48] [INFO   ] Nueva orden ORD_02104 desde R05
[22:57:48] [INFO   ] Nueva orden ORD_02105 desde R21
[22:57:48] [INFO   ] Nueva orden ORD_02106 desde R09
[22:57:48] [INFO   ] Nueva orden ORD_02107 desde R05
[22:57:48] [INFO   ] Nueva orden ORD_02108 desde R11
[22:57:48] [INFO   ] Nueva orden ORD_02109 desde R02
[22:57:48] [INFO   ] Nueva orden ORD_02110 desde R21
[22:57:48] [INFO   ] Nueva orden ORD_02111 desde R04
[22:57:48] [INFO   ] Nueva orden ORD_02112 desde R11
[22:57:49] [INFO   ] Nueva orden ORD_02113 desde R06
[22:57:49] [INFO   ] Nueva orden ORD_02114 desde R10
[22:57:49] [INFO   ] Nueva orden ORD_02115 desde R14
[22:57:49] [INFO   ] Nueva orden ORD_02116 desde R05
[22:57:49] [INFO   ] Nueva orden ORD_02117 desde R03
[22:57:49] [INFO   ] Nueva orden ORD_02118 desde R03
[22:57:49] [INFO   ] Nueva orden ORD_02119 desde R17
[22:57:49] [INFO   ] Nueva orden ORD_02120 desde R07
[22:57:49] [INFO   ] Nueva orden ORD_02121 desde R14
[22:57:49] [INFO   ] Nueva orden ORD_02122 desde R02
[22:57:49] [INFO   ] Nueva orden ORD_02123 desde R15
[22:57:49] [INFO   ] Nueva orden ORD_02124 desde R09
[22:57:49] [INFO   ] Nueva orden ORD_02125 desde R04
[22:57:49] [INFO   ] Nueva orden ORD_02126 desde R21
[22:57:49] [INFO   ] Nueva orden ORD_02127 desde R08
[22:57:49] [INFO   ] Nueva orden ORD_02128 desde R08
[22:57:49] [INFO   ] Nueva orden ORD_02129 desde R20
[22:57:49] [INFO   ] Nueva orden ORD_02130 desde R14
[22:57:49] [INFO   ] Nueva orden ORD_02131 desde R16
[22:57:49] [INFO   ] Nueva orden ORD_02132 desde R19
[22:57:49] [INFO   ] Nueva orden ORD_02133 desde R13
[22:57:49] [INFO   ] Nueva orden ORD_02134 desde R19
[22:57:49] [INFO   ] Nueva orden ORD_02135 desde R02
[22:57:49] [INFO   ] Nueva orden ORD_02136 desde R03
[22:57:49] [INFO   ] Nueva orden ORD_02137 desde R13
[22:57:49] [INFO   ] Nueva orden ORD_02138 desde R18
[22:57:49] [INFO   ] Nueva orden ORD_02139 desde R24
[22:57:49] [INFO   ] Nueva orden ORD_02140 desde R05
[22:57:49] [INFO   ] Nueva orden ORD_02141 desde R16
[22:57:49] [INFO   ] Nueva orden ORD_02142 desde R15
[22:57:49] [INFO   ] Nueva orden ORD_02143 desde R05
[22:57:49] [INFO   ] Nueva orden ORD_02144 desde R02
[22:57:49] [INFO   ] Nueva orden ORD_02145 desde R08
[22:57:49] [INFO   ] Nueva orden ORD_02146 desde R14
[22:57:49] [INFO   ] Nueva orden ORD_02147 desde R15
[22:57:49] [INFO   ] Nueva orden ORD_02148 desde R20
[22:57:49] [INFO   ] Nueva orden ORD_02149 desde R21
[22:57:49] [INFO   ] Nueva orden ORD_02150 desde R05
[22:57:49] [INFO   ] Nueva orden ORD_02151 desde R03
[22:57:49] [INFO   ] Nueva orden ORD_02152 desde R12
[22:57:49] [INFO   ] Nueva orden ORD_02153 desde R08
[22:57:49] [INFO   ] Nueva orden ORD_02154 desde R09
[22:57:49] [INFO   ] Nueva orden ORD_02155 desde R05
[22:57:49] [INFO   ] Nueva orden ORD_02156 desde R19
[22:57:49] [INFO   ] Nueva orden ORD_02157 desde R10
[22:57:49] [INFO   ] Nueva orden ORD_02158 desde R15
[22:57:49] [INFO   ] Nueva orden ORD_02159 desde R11
[22:57:49] [INFO   ] Nueva orden ORD_02160 desde R12
[22:57:49] [INFO   ] Nueva orden ORD_02161 desde R05
[22:57:49] [INFO   ] Nueva orden ORD_02162 desde R25
[22:57:49] [INFO   ] Nueva orden ORD_02163 desde R24
[22:57:49] [INFO   ] Nueva orden ORD_02164 desde R17
[22:57:49] [INFO   ] Nueva orden ORD_02165 desde R15
[22:57:49] [INFO   ] Nueva orden ORD_02166 desde R11
[22:57:49] [INFO   ] Nueva orden ORD_02167 desde R12
[22:57:49] [INFO   ] Nueva orden ORD_02168 desde R07
[22:57:49] [INFO   ] Nueva orden ORD_02169 desde R02
[22:57:49] [INFO   ] Nueva orden ORD_02170 desde R07
[22:57:49] [INFO   ] Nueva orden ORD_02171 desde R05
[22:57:49] [INFO   ] Nueva orden ORD_02172 desde R19
[22:57:49] [INFO   ] Nueva orden ORD_02173 desde R24
[22:57:50] [INFO   ] Nueva orden ORD_02174 desde R21
[22:57:50] [INFO   ] Nueva orden ORD_02175 desde R25
[22:57:50] [INFO   ] Nueva orden ORD_02176 desde R20
[22:57:50] [INFO   ] Nueva orden ORD_02177 desde R16
[22:57:50] [INFO   ] Nueva orden ORD_02178 desde R10
[22:57:50] [INFO   ] Nueva orden ORD_02179 desde R12
[22:57:50] [INFO   ] Nueva orden ORD_02180 desde R23
[22:57:50] [INFO   ] Nueva orden ORD_02181 desde R08
[22:57:50] [INFO   ] Nueva orden ORD_02182 desde R21
[22:57:50] [INFO   ] Nueva orden ORD_02183 desde R20
[22:57:50] [INFO   ] Nueva orden ORD_02184 desde R10
[22:57:50] [INFO   ] Nueva orden ORD_02185 desde R13
[22:57:50] [INFO   ] Nueva orden ORD_02186 desde R25
[22:57:50] [INFO   ] Nueva orden ORD_02187 desde R12
[22:57:50] [INFO   ] Nueva orden ORD_02188 desde R24
[22:57:50] [INFO   ] Nueva orden ORD_02189 desde R01
[22:57:50] [INFO   ] Nueva orden ORD_02190 desde R05
[22:57:50] [INFO   ] Nueva orden ORD_02191 desde R16
[22:57:50] [INFO   ] Nueva orden ORD_02192 desde R03
[22:57:50] [INFO   ] Nueva orden ORD_02193 desde R08
[22:57:50] [INFO   ] Nueva orden ORD_02194 desde R13
[22:57:50] [INFO   ] Nueva orden ORD_02195 desde R05
[22:57:50] [INFO   ] Nueva orden ORD_02196 desde R25
[22:57:50] [INFO   ] Nueva orden ORD_02197 desde R15
[22:57:50] [INFO   ] Nueva orden ORD_02198 desde R21
[22:57:50] [INFO   ] Nueva orden ORD_02199 desde R01
[22:57:50] [INFO   ] Nueva orden ORD_02200 desde R06
[22:57:50] [INFO   ] Nueva orden ORD_02201 desde R17
[22:57:50] [INFO   ] Nueva orden ORD_02202 desde R23
[22:57:50] [INFO   ] Nueva orden ORD_02203 desde R11
[22:57:50] [INFO   ] Nueva orden ORD_02204 desde R02
[22:57:50] [INFO   ] Nueva orden ORD_02205 desde R08
[22:57:50] [INFO   ] Nueva orden ORD_02206 desde R17
[22:57:50] [INFO   ] Nueva orden ORD_02207 desde R22
[22:57:50] [INFO   ] Nueva orden ORD_02208 desde R11
[22:57:50] [INFO   ] Nueva orden ORD_02209 desde R01
[22:57:50] [INFO   ] Nueva orden ORD_02210 desde R22
[22:57:50] [INFO   ] Nueva orden ORD_02211 desde R14
[22:57:50] [INFO   ] Nueva orden ORD_02212 desde R22
[22:57:50] [INFO   ] Nueva orden ORD_02213 desde R21
[22:57:50] [INFO   ] Nueva orden ORD_02214 desde R13
[22:57:50] [INFO   ] Nueva orden ORD_02215 desde R18
[22:57:50] [INFO   ] Nueva orden ORD_02216 desde R21
[22:57:50] [INFO   ] Nueva orden ORD_02217 desde R16
[22:57:50] [INFO   ] Nueva orden ORD_02218 desde R22
[22:57:50] [INFO   ] Nueva orden ORD_02219 desde R08
[22:57:50] [INFO   ] Nueva orden ORD_02220 desde R10
[22:57:50] [INFO   ] Nueva orden ORD_02221 desde R01
[22:57:50] [INFO   ] Nueva orden ORD_02222 desde R04
[22:57:50] [INFO   ] Nueva orden ORD_02223 desde R20
[22:57:50] [INFO   ] Nueva orden ORD_02224 desde R01
[22:57:51] [INFO   ] Nueva orden ORD_02225 desde R20
[22:57:51] [INFO   ] Nueva orden ORD_02226 desde R17
[22:57:51] [INFO   ] Nueva orden ORD_02227 desde R18
[22:57:51] [INFO   ] Nueva orden ORD_02228 desde R20
[22:57:51] [INFO   ] Nueva orden ORD_02229 desde R11
[22:57:51] [INFO   ] Nueva orden ORD_02230 desde R19
[22:57:51] [INFO   ] Nueva orden ORD_02231 desde R24
[22:57:51] [INFO   ] Nueva orden ORD_02232 desde R18
[22:57:51] [INFO   ] Nueva orden ORD_02233 desde R17
[22:57:51] [INFO   ] Nueva orden ORD_02234 desde R18
[22:57:51] [INFO   ] Nueva orden ORD_02235 desde R01
[22:57:51] [INFO   ] Nueva orden ORD_02236 desde R23
[22:57:51] [INFO   ] Nueva orden ORD_02237 desde R22
[22:57:51] [INFO   ] Nueva orden ORD_02238 desde R14
[22:57:51] [INFO   ] Nueva orden ORD_02239 desde R04
[22:57:51] [INFO   ] Nueva orden ORD_02240 desde R17
[22:57:51] [INFO   ] Nueva orden ORD_02241 desde R18
[22:57:51] [INFO   ] Nueva orden ORD_02242 desde R15
[22:57:51] [INFO   ] Nueva orden ORD_02243 desde R15
[22:57:51] [INFO   ] Nueva orden ORD_02244 desde R02
[22:57:51] [INFO   ] Nueva orden ORD_02245 desde R04
[22:57:52] [INFO   ] Nueva orden ORD_02246 desde R24
[22:57:52] [INFO   ] Nueva orden ORD_02247 desde R04
[22:57:52] [INFO   ] Nueva orden ORD_02248 desde R08
[22:57:52] [INFO   ] Nueva orden ORD_02249 desde R15
[22:57:52] [INFO   ] Nueva orden ORD_02250 desde R23
[22:57:52] [INFO   ] Nueva orden ORD_02251 desde R14
[22:57:52] [INFO   ] Nueva orden ORD_02252 desde R01
[22:57:52] [INFO   ] Nueva orden ORD_02253 desde R17
[22:57:52] [INFO   ] Nueva orden ORD_02254 desde R21
[22:57:52] [INFO   ] Nueva orden ORD_02255 desde R13
[22:57:52] [INFO   ] Nueva orden ORD_02256 desde R03
[22:57:52] [INFO   ] Nueva orden ORD_02257 desde R08
[22:57:52] [INFO   ] Nueva orden ORD_02258 desde R03
[22:57:52] [INFO   ] Nueva orden ORD_02259 desde R05
[22:57:52] [INFO   ] Nueva orden ORD_02260 desde R18
[22:57:52] [INFO   ] Nueva orden ORD_02261 desde R11
[22:57:52] [INFO   ] Nueva orden ORD_02262 desde R16
[22:57:52] [INFO   ] Nueva orden ORD_02263 desde R23
[22:57:52] [INFO   ] Nueva orden ORD_02264 desde R06
[22:57:52] [INFO   ] Nueva orden ORD_02265 desde R22
[22:57:52] [INFO   ] Nueva orden ORD_02266 desde R01
[22:57:53] [INFO   ] Nueva orden ORD_02267 desde R03
[22:57:53] [INFO   ] Nueva orden ORD_02268 desde R16
[22:57:53] [INFO   ] Nueva orden ORD_02269 desde R16
[22:57:53] [INFO   ] Nueva orden ORD_02270 desde R25
[22:57:53] [INFO   ] Nueva orden ORD_02271 desde R05
[22:57:53] [INFO   ] Nueva orden ORD_02272 desde R02
[22:57:53] [INFO   ] Nueva orden ORD_02273 desde R06
[22:57:53] [INFO   ] Nueva orden ORD_02274 desde R06
[22:57:53] [INFO   ] Nueva orden ORD_02275 desde R07
[22:57:53] [INFO   ] Nueva orden ORD_02276 desde R01
[22:57:53] [INFO   ] Nueva orden ORD_02277 desde R19
[22:57:53] [INFO   ] Nueva orden ORD_02278 desde R23
[22:57:53] [INFO   ] Nueva orden ORD_02279 desde R02
[22:57:53] [INFO   ] Nueva orden ORD_02280 desde R17
[22:57:53] [INFO   ] Nueva orden ORD_02281 desde R07
[22:57:53] [INFO   ] Nueva orden ORD_02282 desde R02
[22:57:53] [INFO   ] Nueva orden ORD_02283 desde R11
[22:57:53] [INFO   ] Nueva orden ORD_02284 desde R23
[22:57:53] [INFO   ] Nueva orden ORD_02285 desde R09
[22:57:53] [INFO   ] Nueva orden ORD_02286 desde R09
[22:57:53] [INFO   ] Nueva orden ORD_02287 desde R18
[22:57:54] [INFO   ] Nueva orden ORD_02288 desde R22
[22:57:54] [INFO   ] Nueva orden ORD_02289 desde R08
[22:57:54] [INFO   ] Nueva orden ORD_02290 desde R15
[22:57:54] [INFO   ] Nueva orden ORD_02291 desde R06
[22:57:54] [INFO   ] Nueva orden ORD_02292 desde R12
[22:57:54] [INFO   ] Nueva orden ORD_02293 desde R25
[22:57:54] [INFO   ] Nueva orden ORD_02294 desde R12
[22:57:54] [INFO   ] Nueva orden ORD_02295 desde R17
[22:57:54] [INFO   ] Nueva orden ORD_02296 desde R17
[22:57:54] [INFO   ] Nueva orden ORD_02297 desde R11
[22:57:54] [INFO   ] Nueva orden ORD_02298 desde R16
[22:57:54] [INFO   ] Nueva orden ORD_02299 desde R23
[22:57:54] [INFO   ] Nueva orden ORD_02300 desde R22
[22:57:54] [INFO   ] Nueva orden ORD_02301 desde R04
[22:57:54] [INFO   ] Nueva orden ORD_02302 desde R12
[22:57:54] [INFO   ] Nueva orden ORD_02303 desde R24
[22:57:54] [INFO   ] Nueva orden ORD_02304 desde R20
[22:57:54] [INFO   ] Nueva orden ORD_02305 desde R20
[22:57:54] [INFO   ] Nueva orden ORD_02306 desde R22
[22:57:54] [INFO   ] Nueva orden ORD_02307 desde R20
[22:57:54] [INFO   ] Nueva orden ORD_02308 desde R08
[22:57:54] [INFO   ] Nueva orden ORD_02309 desde R15
[22:57:54] [INFO   ] Nueva orden ORD_02310 desde R18
[22:57:55] [INFO   ] Nueva orden ORD_02311 desde R06
[22:57:55] [INFO   ] Nueva orden ORD_02312 desde R03
[22:57:55] [INFO   ] Nueva orden ORD_02313 desde R25
[22:57:55] [INFO   ] Nueva orden ORD_02314 desde R05
[22:57:55] [INFO   ] Nueva orden ORD_02315 desde R10
[22:57:55] [INFO   ] Nueva orden ORD_02316 desde R17
[22:57:55] [INFO   ] Nueva orden ORD_02317 desde R10
[22:57:55] [INFO   ] Nueva orden ORD_02318 desde R02
[22:57:55] [INFO   ] Nueva orden ORD_02319 desde R19
[22:57:55] [INFO   ] Nueva orden ORD_02320 desde R06
[22:57:55] [INFO   ] Nueva orden ORD_02321 desde R03
[22:57:55] [INFO   ] Nueva orden ORD_02322 desde R10
[22:57:55] [INFO   ] Nueva orden ORD_02323 desde R23
[22:57:55] [INFO   ] Nueva orden ORD_02324 desde R10
[22:57:55] [INFO   ] Nueva orden ORD_02325 desde R17
[22:57:55] [INFO   ] Nueva orden ORD_02326 desde R21
[22:57:55] [INFO   ] Nueva orden ORD_02327 desde R05
[22:57:55] [INFO   ] Nueva orden ORD_02328 desde R08
[22:57:55] [INFO   ] Nueva orden ORD_02329 desde R15
[22:57:55] [INFO   ] Nueva orden ORD_02330 desde R09
[22:57:55] [INFO   ] Nueva orden ORD_02331 desde R16
[22:57:55] [INFO   ] Nueva orden ORD_02332 desde R01
[22:57:55] [INFO   ] Nueva orden ORD_02333 desde R06
[22:57:55] [INFO   ] Nueva orden ORD_02334 desde R23
[22:57:55] [INFO   ] Nueva orden ORD_02335 desde R09
[22:57:55] [INFO   ] Nueva orden ORD_02336 desde R03
[22:57:55] [INFO   ] Nueva orden ORD_02337 desde R14
[22:57:55] [INFO   ] Nueva orden ORD_02338 desde R25
[22:57:55] [INFO   ] Nueva orden ORD_02339 desde R22
[22:57:55] [INFO   ] Nueva orden ORD_02340 desde R03
[22:57:55] [INFO   ] Nueva orden ORD_02341 desde R17
[22:57:55] [INFO   ] Nueva orden ORD_02342 desde R11
[22:57:55] [INFO   ] Nueva orden ORD_02343 desde R11
[22:57:55] [INFO   ] Nueva orden ORD_02344 desde R05
[22:57:55] [INFO   ] Nueva orden ORD_02345 desde R20
[22:57:56] [INFO   ] Nueva orden ORD_02346 desde R23
[22:57:56] [INFO   ] Nueva orden ORD_02347 desde R22
[22:57:56] [INFO   ] Nueva orden ORD_02348 desde R05
[22:57:56] [INFO   ] Nueva orden ORD_02349 desde R12
[22:57:56] [INFO   ] Nueva orden ORD_02350 desde R11
[22:57:56] [INFO   ] Nueva orden ORD_02351 desde R18
[22:57:56] [INFO   ] Nueva orden ORD_02352 desde R01
[22:57:56] [INFO   ] Nueva orden ORD_02353 desde R04
[22:57:56] [INFO   ] Nueva orden ORD_02354 desde R21
[22:57:56] [INFO   ] Nueva orden ORD_02355 desde R19
[22:57:56] [INFO   ] Nueva orden ORD_02356 desde R18
[22:57:56] [INFO   ] Nueva orden ORD_02357 desde R17
[22:57:56] [INFO   ] Nueva orden ORD_02358 desde R02
[22:57:56] [INFO   ] Nueva orden ORD_02359 desde R06
[22:57:56] [INFO   ] Nueva orden ORD_02360 desde R15
[22:57:56] [INFO   ] Nueva orden ORD_02361 desde R20
[22:57:56] [INFO   ] Nueva orden ORD_02362 desde R25
[22:57:56] [INFO   ] Nueva orden ORD_02363 desde R11
[22:57:56] [INFO   ] Nueva orden ORD_02364 desde R17
[22:57:56] [INFO   ] Nueva orden ORD_02365 desde R05
[22:57:56] [INFO   ] Nueva orden ORD_02366 desde R21
[22:57:56] [INFO   ] Nueva orden ORD_02367 desde R05
[22:57:56] [INFO   ] Nueva orden ORD_02368 desde R05
[22:57:56] [INFO   ] Nueva orden ORD_02369 desde R17
[22:57:56] [INFO   ] Nueva orden ORD_02370 desde R22
[22:57:56] [INFO   ] Nueva orden ORD_02371 desde R18
[22:57:56] [INFO   ] Nueva orden ORD_02372 desde R23
[22:57:56] [INFO   ] Nueva orden ORD_02373 desde R10
[22:57:56] [INFO   ] Nueva orden ORD_02374 desde R17
[22:57:56] [INFO   ] Nueva orden ORD_02375 desde R05
[22:57:56] [INFO   ] Nueva orden ORD_02376 desde R25
[22:57:56] [INFO   ] Nueva orden ORD_02377 desde R24
[22:57:56] [INFO   ] Nueva orden ORD_02378 desde R12
[22:57:56] [INFO   ] Nueva orden ORD_02379 desde R24
[22:57:56] [INFO   ] Nueva orden ORD_02380 desde R10
[22:57:56] [INFO   ] Nueva orden ORD_02381 desde R08
[22:57:56] [INFO   ] Nueva orden ORD_02382 desde R19
[22:57:56] [INFO   ] Nueva orden ORD_02383 desde R13
[22:57:56] [INFO   ] Nueva orden ORD_02384 desde R14
[22:57:56] [INFO   ] Nueva orden ORD_02385 desde R20
[22:57:56] [INFO   ] Nueva orden ORD_02386 desde R17
[22:57:56] [INFO   ] Nueva orden ORD_02387 desde R17
[22:57:56] [INFO   ] Nueva orden ORD_02388 desde R11
[22:57:56] [INFO   ] Nueva orden ORD_02389 desde R07
[22:57:56] [INFO   ] Nueva orden ORD_02390 desde R20
[22:57:56] [INFO   ] Nueva orden ORD_02391 desde R07
[22:57:56] [INFO   ] Nueva orden ORD_02392 desde R01
[22:57:56] [INFO   ] Nueva orden ORD_02393 desde R16
[22:57:56] [INFO   ] Nueva orden ORD_02394 desde R01
[22:57:56] [INFO   ] Nueva orden ORD_02395 desde R12
[22:57:56] [INFO   ] Nueva orden ORD_02396 desde R09
[22:57:56] [INFO   ] Nueva orden ORD_02397 desde R09
[22:57:56] [INFO   ] Nueva orden ORD_02398 desde R10
[22:57:56] [INFO   ] Nueva orden ORD_02399 desde R25
[22:57:57] [INFO   ] Nueva orden ORD_02400 desde R10
[22:57:57] [INFO   ] Nueva orden ORD_02401 desde R16
[22:57:57] [INFO   ] Nueva orden ORD_02402 desde R18
[22:57:57] [INFO   ] Nueva orden ORD_02403 desde R12
[22:57:57] [INFO   ] Nueva orden ORD_02404 desde R13
[22:57:57] [INFO   ] Nueva orden ORD_02405 desde R02
[22:57:57] [INFO   ] Nueva orden ORD_02406 desde R16
[22:57:57] [INFO   ] Nueva orden ORD_02407 desde R06
[22:57:57] [INFO   ] Nueva orden ORD_02408 desde R25
[22:57:57] [INFO   ] Nueva orden ORD_02409 desde R23
[22:57:57] [INFO   ] Nueva orden ORD_02410 desde R25
[22:57:57] [INFO   ] Nueva orden ORD_02411 desde R14
[22:57:57] [INFO   ] Nueva orden ORD_02412 desde R04
[22:57:57] [INFO   ] Nueva orden ORD_02413 desde R10
[22:57:57] [INFO   ] Nueva orden ORD_02414 desde R18
[22:57:57] [INFO   ] Nueva orden ORD_02415 desde R09
[22:57:57] [INFO   ] Nueva orden ORD_02416 desde R17
[22:57:57] [INFO   ] Nueva orden ORD_02417 desde R12
[22:57:57] [INFO   ] Nueva orden ORD_02418 desde R07
[22:57:57] [INFO   ] Nueva orden ORD_02419 desde R24
[22:57:57] [INFO   ] Nueva orden ORD_02420 desde R23
[22:57:57] [INFO   ] Nueva orden ORD_02421 desde R03
[22:57:57] [INFO   ] Nueva orden ORD_02422 desde R10
[22:57:57] [INFO   ] Nueva orden ORD_02423 desde R24
[22:57:57] [INFO   ] Nueva orden ORD_02424 desde R09
[22:57:57] [INFO   ] Nueva orden ORD_02425 desde R21
[22:57:57] [INFO   ] Nueva orden ORD_02426 desde R18
[22:57:57] [INFO   ] Nueva orden ORD_02427 desde R19
[22:57:57] [INFO   ] Nueva orden ORD_02428 desde R12
[22:57:57] [INFO   ] Nueva orden ORD_02429 desde R07
[22:57:57] [INFO   ] Nueva orden ORD_02430 desde R15
[22:57:57] [INFO   ] Nueva orden ORD_02431 desde R04
[22:57:57] [INFO   ] Nueva orden ORD_02432 desde R19
[22:57:57] [INFO   ] Nueva orden ORD_02433 desde R12
[22:57:57] [INFO   ] Nueva orden ORD_02434 desde R21
[22:57:57] [INFO   ] Nueva orden ORD_02435 desde R18
[22:57:57] [INFO   ] Nueva orden ORD_02436 desde R11
[22:57:57] [INFO   ] Nueva orden ORD_02437 desde R19
[22:57:57] [INFO   ] Nueva orden ORD_02438 desde R25
[22:57:57] [INFO   ] Nueva orden ORD_02439 desde R05
[22:57:57] [INFO   ] Nueva orden ORD_02440 desde R11
[22:57:57] [INFO   ] Nueva orden ORD_02441 desde R12
[22:57:57] [INFO   ] Nueva orden ORD_02442 desde R06
[22:57:57] [INFO   ] Nueva orden ORD_02443 desde R24
[22:57:57] [INFO   ] Nueva orden ORD_02444 desde R24
[22:57:57] [INFO   ] Nueva orden ORD_02445 desde R10
[22:57:57] [INFO   ] Nueva orden ORD_02446 desde R10
[22:57:57] [INFO   ] Nueva orden ORD_02447 desde R06
[22:57:57] [INFO   ] Nueva orden ORD_02448 desde R06
[22:57:57] [INFO   ] Nueva orden ORD_02449 desde R07
[22:57:57] [INFO   ] Nueva orden ORD_02450 desde R02
[22:57:57] [INFO   ] Nueva orden ORD_02451 desde R08
[22:57:57] [INFO   ] Nueva orden ORD_02452 desde R25
[22:57:57] [INFO   ] Nueva orden ORD_02453 desde R20
[22:57:57] [INFO   ] Nueva orden ORD_02454 desde R07
[22:57:58] [INFO   ] Nueva orden ORD_02455 desde R05
[22:57:58] [INFO   ] Nueva orden ORD_02456 desde R10
[22:57:58] [INFO   ] Nueva orden ORD_02457 desde R14
[22:57:58] [INFO   ] Nueva orden ORD_02458 desde R24
[22:57:58] [INFO   ] Nueva orden ORD_02459 desde R03
[22:57:58] [INFO   ] Nueva orden ORD_02460 desde R25
[22:57:58] [INFO   ] Nueva orden ORD_02461 desde R06
[22:57:58] [INFO   ] Nueva orden ORD_02462 desde R08
[22:57:58] [INFO   ] Nueva orden ORD_02463 desde R17
[22:57:58] [INFO   ] Nueva orden ORD_02464 desde R20
[22:57:58] [INFO   ] Nueva orden ORD_02465 desde R06
[22:57:58] [INFO   ] Nueva orden ORD_02466 desde R22
[22:57:58] [INFO   ] Nueva orden ORD_02467 desde R04
[22:57:58] [INFO   ] Nueva orden ORD_02468 desde R19
[22:57:58] [INFO   ] Nueva orden ORD_02469 desde R25
[22:57:58] [INFO   ] Nueva orden ORD_02470 desde R15
[22:57:58] [INFO   ] Nueva orden ORD_02471 desde R05
[22:57:58] [INFO   ] Nueva orden ORD_02472 desde R19
[22:57:58] [INFO   ] Nueva orden ORD_02473 desde R04
[22:57:58] [INFO   ] Nueva orden ORD_02474 desde R10
[22:57:58] [INFO   ] Nueva orden ORD_02475 desde R13
[22:57:58] [INFO   ] Nueva orden ORD_02476 desde R10
[22:57:58] [INFO   ] Nueva orden ORD_02477 desde R15
[22:57:58] [INFO   ] Nueva orden ORD_02478 desde R09
[22:57:58] [INFO   ] Nueva orden ORD_02479 desde R12
[22:57:58] [INFO   ] Nueva orden ORD_02480 desde R13
[22:57:58] [INFO   ] Nueva orden ORD_02481 desde R18
[22:57:58] [INFO   ] Nueva orden ORD_02482 desde R12
[22:57:58] [INFO   ] Nueva orden ORD_02483 desde R16
[22:57:58] [INFO   ] Nueva orden ORD_02484 desde R02
[22:57:58] [INFO   ] Nueva orden ORD_02485 desde R08
[22:57:58] [INFO   ] Nueva orden ORD_02486 desde R07
[22:57:58] [INFO   ] Nueva orden ORD_02487 desde R17
[22:57:58] [INFO   ] Nueva orden ORD_02488 desde R22
[22:57:58] [INFO   ] Nueva orden ORD_02489 desde R08
[22:57:58] [INFO   ] Nueva orden ORD_02490 desde R19
[22:57:58] [INFO   ] Nueva orden ORD_02491 desde R08
[22:57:58] [INFO   ] Nueva orden ORD_02492 desde R15
[22:57:58] [INFO   ] Nueva orden ORD_02493 desde R24
[22:57:58] [INFO   ] Nueva orden ORD_02494 desde R09
[22:57:58] [INFO   ] Nueva orden ORD_02495 desde R10
[22:57:58] [INFO   ] Nueva orden ORD_02496 desde R04
[22:57:58] [INFO   ] Nueva orden ORD_02497 desde R07
[22:57:58] [INFO   ] Nueva orden ORD_02498 desde R15
[22:57:58] [INFO   ] Nueva orden ORD_02499 desde R21
[22:57:59] [INFO   ] Nueva orden ORD_02500 desde R17
[22:57:59] [INFO   ] Nueva orden ORD_02501 desde R15
[22:57:59] [INFO   ] Nueva orden ORD_02502 desde R02
[22:57:59] [INFO   ] Nueva orden ORD_02503 desde R22
[22:57:59] [INFO   ] Nueva orden ORD_02504 desde R03
[22:57:59] [INFO   ] Nueva orden ORD_02505 desde R03
[22:57:59] [INFO   ] Nueva orden ORD_02506 desde R18
[22:57:59] [INFO   ] Nueva orden ORD_02507 desde R24
[22:57:59] [INFO   ] Nueva orden ORD_02508 desde R09
[22:57:59] [INFO   ] Nueva orden ORD_02509 desde R22
[22:57:59] [INFO   ] Nueva orden ORD_02510 desde R09
[22:57:59] [INFO   ] Nueva orden ORD_02511 desde R01
[22:57:59] [INFO   ] Nueva orden ORD_02512 desde R07
[22:57:59] [INFO   ] Nueva orden ORD_02513 desde R06
[22:57:59] [INFO   ] Nueva orden ORD_02514 desde R05
[22:58:00] [INFO   ] Nueva orden ORD_02515 desde R02
[22:58:00] [INFO   ] Nueva orden ORD_02516 desde R02
[22:58:00] [INFO   ] Nueva orden ORD_02517 desde R03
[22:58:00] [INFO   ] Nueva orden ORD_02518 desde R01
[22:58:00] [INFO   ] Nueva orden ORD_02519 desde R08
[22:58:00] [INFO   ] Nueva orden ORD_02520 desde R21
[22:58:00] [INFO   ] Nueva orden ORD_02521 desde R19
[22:58:00] [INFO   ] Nueva orden ORD_02522 desde R21
[22:58:00] [INFO   ] Nueva orden ORD_02523 desde R11
[22:58:00] [INFO   ] Nueva orden ORD_02524 desde R11
[22:58:00] [INFO   ] Nueva orden ORD_02525 desde R07
[22:58:00] [INFO   ] Nueva orden ORD_02526 desde R25
[22:58:00] [INFO   ] Nueva orden ORD_02527 desde R20
[22:58:01] [INFO   ] Nueva orden ORD_02528 desde R01
[22:58:01] [INFO   ] Nueva orden ORD_02529 desde R08
[22:58:01] [INFO   ] Nueva orden ORD_02530 desde R04
[22:58:01] [INFO   ] Nueva orden ORD_02531 desde R07
[22:58:01] [INFO   ] Nueva orden ORD_02532 desde R12
[22:58:01] [INFO   ] Nueva orden ORD_02533 desde R09
[22:58:02] [INFO   ] Nueva orden ORD_02534 desde R18
[22:58:02] [INFO   ] Nueva orden ORD_02535 desde R18
[22:58:02] [INFO   ] Nueva orden ORD_02536 desde R17
[22:58:02] [INFO   ] Nueva orden ORD_02537 desde R21
[22:58:02] [INFO   ] Nueva orden ORD_02538 desde R07
[22:58:02] [INFO   ] Nueva orden ORD_02539 desde R15
[22:58:03] [INFO   ] Nueva orden ORD_02540 desde R19
[22:58:03] [INFO   ] Nueva orden ORD_02541 desde R22
[22:58:03] [INFO   ] Nueva orden ORD_02542 desde R08
[22:58:03] [INFO   ] Nueva orden ORD_02543 desde R21
[22:58:03] [INFO   ] Nueva orden ORD_02544 desde R21
[22:58:03] [INFO   ] Nueva orden ORD_02545 desde R11
[22:58:04] [INFO   ] Nueva orden ORD_02546 desde R01
[22:58:04] [INFO   ] Nueva orden ORD_02547 desde R10
[22:58:04] [INFO   ] Nueva orden ORD_02548 desde R25
[22:58:04] [INFO   ] Nueva orden ORD_02549 desde R13
[22:58:04] [INFO   ] Nueva orden ORD_02550 desde R07
[22:58:04] [INFO   ] Nueva orden ORD_02551 desde R13
[22:58:05] [INFO   ] Nueva orden ORD_02552 desde R06
[22:58:05] [INFO   ] Nueva orden ORD_02553 desde R13
[22:58:05] [INFO   ] Nueva orden ORD_02554 desde R25
[22:58:05] [INFO   ] Nueva orden ORD_02555 desde R14
[22:58:05] [INFO   ] Nueva orden ORD_02556 desde R05
[22:58:05] [INFO   ] Nueva orden ORD_02557 desde R12
[22:58:06] [INFO   ] Nueva orden ORD_02558 desde R23
[22:58:06] [INFO   ] Nueva orden ORD_02559 desde R03
[22:58:06] [INFO   ] Nueva orden ORD_02560 desde R10
[22:58:06] [INFO   ] Nueva orden ORD_02561 desde R07
[22:58:06] [INFO   ] Nueva orden ORD_02562 desde R09
[22:58:06] [INFO   ] Nueva orden ORD_02563 desde R22
[22:58:06] [INFO   ] Nueva orden ORD_02564 desde R16
[22:58:06] [INFO   ] Nueva orden ORD_02565 desde R11
[22:58:06] [INFO   ] Nueva orden ORD_02566 desde R12[00:42:49] [INFO   ] Logger inicializado — VousCommandez
[00:42:49] [INFO   ] Iniciando VousCommandez...
[00:42:49] [INFO   ] Grafo cargado: 0 nodos, 0 aristas
[00:42:49] [INFO   ] Simulator configurado. Iniciando render...
[00:42:50] [WARNING] RendererSFML: fuente no encontrada en assets/fonts/Roboto-Regular.ttf
[00:42:50] [INFO   ] RendererSFML inicializado — ventana 1280x720
[00:42:50] [INFO   ] Nueva orden ORD_00001 desde R25
[00:42:51] [INFO   ] Nueva orden ORD_00002 desde R09
[00:42:51] [INFO   ] Nueva orden ORD_00003 desde R11
[00:42:51] [INFO   ] Nueva orden ORD_00004 desde R13
[00:42:51] [INFO   ] Nueva orden ORD_00005 desde R01
[00:42:51] [INFO   ] Nueva orden ORD_00006 desde R24
[00:42:51] [INFO   ] Nueva orden ORD_00007 desde R07
[00:42:51] [INFO   ] Nueva orden ORD_00008 desde R12
[00:42:52] [INFO   ] Nueva orden ORD_00009 desde R12
[00:42:52] [INFO   ] Nueva orden ORD_00010 desde R11
[00:42:52] [INFO   ] Nueva orden ORD_00011 desde R15
[00:42:52] [INFO   ] Nueva orden ORD_00012 desde R21
[00:42:52] [INFO   ] Nueva orden ORD_00013 desde R02
[00:42:52] [INFO   ] Nueva orden ORD_00014 desde R16
[00:42:53] [INFO   ] Nueva orden ORD_00015 desde R05
[00:42:53] [INFO   ] Nueva orden ORD_00016 desde R18
[00:42:53] [INFO   ] Nueva orden ORD_00017 desde R13
[00:42:53] [INFO   ] Nueva orden ORD_00018 desde R13
[00:42:53] [INFO   ] Nueva orden ORD_00019 desde R03
[00:42:53] [INFO   ] Nueva orden ORD_00020 desde R24
[00:42:54] [INFO   ] Nueva orden ORD_00021 desde R13
[00:42:54] [INFO   ] Nueva orden ORD_00022 desde R24
[00:42:54] [INFO   ] Nueva orden ORD_00023 desde R10
[00:42:54] [INFO   ] Nueva orden ORD_00024 desde R25
[00:42:54] [INFO   ] Nueva orden ORD_00025 desde R24
[00:42:54] [INFO   ] Nueva orden ORD_00026 desde R23
[00:42:55] [INFO   ] Nueva orden ORD_00027 desde R08
[00:42:55] [INFO   ] Nueva orden ORD_00028 desde R23
[00:42:55] [INFO   ] Nueva orden ORD_00029 desde R17
[00:42:55] [INFO   ] Nueva orden ORD_00030 desde R16
[00:42:55] [INFO   ] Nueva orden ORD_00031 desde R20
[00:42:55] [INFO   ] Nueva orden ORD_00032 desde R16
[00:42:56] [INFO   ] Nueva orden ORD_00033 desde R13
[00:42:56] [INFO   ] Nueva orden ORD_00034 desde R17
[00:42:56] [INFO   ] Nueva orden ORD_00035 desde R05
[00:42:56] [INFO   ] Nueva orden ORD_00036 desde R16
[00:42:56] [INFO   ] Nueva orden ORD_00037 desde R13
[00:42:56] [INFO   ] Nueva orden ORD_00038 desde R11
[00:42:56] [INFO   ] Nueva orden ORD_00039 desde R04
[00:42:56] [INFO   ] Nueva orden ORD_00040 desde R09
[00:42:56] [INFO   ] Nueva orden ORD_00041 desde R09
[00:42:56] [INFO   ] Nueva orden ORD_00042 desde R06
[00:42:56] [INFO   ] Nueva orden ORD_00043 desde R13
[00:42:56] [INFO   ] Nueva orden ORD_00044 desde R12
[00:42:56] [INFO   ] Nueva orden ORD_00045 desde R17
[00:42:56] [INFO   ] Nueva orden ORD_00046 desde R16
[00:42:56] [INFO   ] Nueva orden ORD_00047 desde R14
[00:42:56] [INFO   ] Nueva orden ORD_00048 desde R05
[00:42:56] [INFO   ] Nueva orden ORD_00049 desde R05
[00:42:56] [INFO   ] Nueva orden ORD_00050 desde R06
[00:42:56] [INFO   ] Nueva orden ORD_00051 desde R03
[00:42:56] [INFO   ] Nueva orden ORD_00052 desde R03
[00:42:56] [INFO   ] Nueva orden ORD_00053 desde R23
[00:42:56] [INFO   ] Nueva orden ORD_00054 desde R11
[00:42:57] [INFO   ] Nueva orden ORD_00055 desde R16
[00:42:57] [INFO   ] Nueva orden ORD_00056 desde R09
[00:42:57] [INFO   ] Nueva orden ORD_00057 desde R20
[00:42:57] [INFO   ] Nueva orden ORD_00058 desde R09
[00:42:57] [INFO   ] Nueva orden ORD_00059 desde R12
[00:42:57] [INFO   ] Nueva orden ORD_00060 desde R04
[00:42:57] [INFO   ] Nueva orden ORD_00061 desde R17
[00:42:57] [INFO   ] Nueva orden ORD_00062 desde R06
[00:42:57] [INFO   ] Nueva orden ORD_00063 desde R13
[00:42:57] [INFO   ] Nueva orden ORD_00064 desde R21
[00:42:57] [INFO   ] Nueva orden ORD_00065 desde R13
[00:42:57] [INFO   ] Nueva orden ORD_00066 desde R17
[00:42:57] [INFO   ] Nueva orden ORD_00067 desde R19
[00:42:57] [INFO   ] Nueva orden ORD_00068 desde R14
[00:42:57] [INFO   ] Nueva orden ORD_00069 desde R20
[00:42:57] [INFO   ] Nueva orden ORD_00070 desde R22
[00:42:57] [INFO   ] Nueva orden ORD_00071 desde R04
[00:42:57] [INFO   ] Nueva orden ORD_00072 desde R18
[00:42:57] [INFO   ] Nueva orden ORD_00073 desde R17
[00:42:57] [INFO   ] Nueva orden ORD_00074 desde R17
[00:42:57] [INFO   ] Nueva orden ORD_00075 desde R24
[00:42:57] [INFO   ] Nueva orden ORD_00076 desde R18
[00:42:57] [INFO   ] Nueva orden ORD_00077 desde R06
[00:42:57] [INFO   ] Nueva orden ORD_00078 desde R19
[00:42:57] [INFO   ] Nueva orden ORD_00079 desde R10
[00:42:57] [INFO   ] Nueva orden ORD_00080 desde R08
[00:42:57] [INFO   ] Nueva orden ORD_00081 desde R21
[00:42:57] [INFO   ] Nueva orden ORD_00082 desde R24
[00:42:57] [INFO   ] Nueva orden ORD_00083 desde R04
[00:42:57] [INFO   ] Nueva orden ORD_00084 desde R03
[00:42:58] [INFO   ] Nueva orden ORD_00085 desde R17
[00:42:58] [INFO   ] Nueva orden ORD_00086 desde R23
[00:42:58] [INFO   ] Nueva orden ORD_00087 desde R03
[00:42:58] [INFO   ] Nueva orden ORD_00088 desde R23
[00:42:58] [INFO   ] Nueva orden ORD_00089 desde R01
[00:42:58] [INFO   ] Nueva orden ORD_00090 desde R21
[00:42:58] [INFO   ] Nueva orden ORD_00091 desde R19
[00:42:58] [INFO   ] Nueva orden ORD_00092 desde R07
[00:42:58] [INFO   ] Nueva orden ORD_00093 desde R24
[00:42:58] [INFO   ] Nueva orden ORD_00094 desde R21
[00:42:58] [INFO   ] Nueva orden ORD_00095 desde R03
[00:42:58] [INFO   ] Nueva orden ORD_00096 desde R16
[00:42:58] [INFO   ] Nueva orden ORD_00097 desde R04
[00:42:58] [INFO   ] Nueva orden ORD_00098 desde R20
[00:42:58] [INFO   ] Nueva orden ORD_00099 desde R18
[00:42:58] [INFO   ] Nueva orden ORD_00100 desde R10
[00:42:58] [INFO   ] Nueva orden ORD_00101 desde R04
[00:42:58] [INFO   ] Nueva orden ORD_00102 desde R19
[00:42:58] [INFO   ] Nueva orden ORD_00103 desde R10
[00:42:58] [INFO   ] Nueva orden ORD_00104 desde R16
[00:42:58] [INFO   ] Nueva orden ORD_00105 desde R20
[00:42:58] [INFO   ] Nueva orden ORD_00106 desde R01
[00:42:58] [INFO   ] Nueva orden ORD_00107 desde R12
[00:42:58] [INFO   ] Nueva orden ORD_00108 desde R22
[00:42:58] [INFO   ] Nueva orden ORD_00109 desde R19
[00:42:58] [INFO   ] Nueva orden ORD_00110 desde R01
[00:42:58] [INFO   ] Nueva orden ORD_00111 desde R18
[00:42:58] [INFO   ] Nueva orden ORD_00112 desde R19
[00:42:58] [INFO   ] Nueva orden ORD_00113 desde R06
[00:42:58] [INFO   ] Nueva orden ORD_00114 desde R23
[00:42:59] [INFO   ] Nueva orden ORD_00115 desde R20
[00:42:59] [INFO   ] Nueva orden ORD_00116 desde R04
[00:42:59] [INFO   ] Nueva orden ORD_00117 desde R13
[00:42:59] [INFO   ] Nueva orden ORD_00118 desde R08
[00:42:59] [INFO   ] Nueva orden ORD_00119 desde R09
[00:42:59] [INFO   ] Nueva orden ORD_00120 desde R02
[00:42:59] [INFO   ] Nueva orden ORD_00121 desde R13
[00:42:59] [INFO   ] Nueva orden ORD_00122 desde R20
[00:42:59] [INFO   ] Nueva orden ORD_00123 desde R01
[00:42:59] [INFO   ] Nueva orden ORD_00124 desde R12
[00:42:59] [INFO   ] Nueva orden ORD_00125 desde R02
[00:42:59] [INFO   ] Nueva orden ORD_00126 desde R11
[00:42:59] [INFO   ] Nueva orden ORD_00127 desde R16
[00:42:59] [INFO   ] Nueva orden ORD_00128 desde R20
[00:42:59] [INFO   ] Nueva orden ORD_00129 desde R12
[00:42:59] [INFO   ] Nueva orden ORD_00130 desde R14
[00:42:59] [INFO   ] Nueva orden ORD_00131 desde R16
[00:42:59] [INFO   ] Nueva orden ORD_00132 desde R04
[00:42:59] [INFO   ] Nueva orden ORD_00133 desde R20
[00:42:59] [INFO   ] Nueva orden ORD_00134 desde R25
[00:42:59] [INFO   ] Nueva orden ORD_00135 desde R18
[00:42:59] [INFO   ] Nueva orden ORD_00136 desde R07
[00:42:59] [INFO   ] Nueva orden ORD_00137 desde R13
[00:42:59] [INFO   ] Nueva orden ORD_00138 desde R22
[00:42:59] [INFO   ] Nueva orden ORD_00139 desde R25
[00:42:59] [INFO   ] Nueva orden ORD_00140 desde R20
[00:42:59] [INFO   ] Nueva orden ORD_00141 desde R04
[00:43:00] [INFO   ] Nueva orden ORD_00142 desde R13
[00:43:00] [INFO   ] Nueva orden ORD_00143 desde R15
[00:43:00] [INFO   ] Nueva orden ORD_00144 desde R06
[00:43:00] [INFO   ] Nueva orden ORD_00145 desde R08
[00:43:00] [INFO   ] Nueva orden ORD_00146 desde R15
[00:43:00] [INFO   ] Nueva orden ORD_00147 desde R19
[00:43:00] [INFO   ] Nueva orden ORD_00148 desde R25
[00:43:00] [INFO   ] Nueva orden ORD_00149 desde R23
[00:43:00] [INFO   ] Nueva orden ORD_00150 desde R10
[00:43:00] [INFO   ] Nueva orden ORD_00151 desde R15
[00:43:00] [INFO   ] Nueva orden ORD_00152 desde R12
[00:43:00] [INFO   ] Nueva orden ORD_00153 desde R20
[00:43:00] [INFO   ] Nueva orden ORD_00154 desde R20
[00:43:00] [INFO   ] Nueva orden ORD_00155 desde R14
[00:43:00] [INFO   ] Nueva orden ORD_00156 desde R17
[00:43:00] [INFO   ] Nueva orden ORD_00157 desde R22
[00:43:00] [INFO   ] Nueva orden ORD_00158 desde R18
[00:43:00] [INFO   ] Nueva orden ORD_00159 desde R05
[00:43:00] [INFO   ] Nueva orden ORD_00160 desde R15
[00:43:00] [INFO   ] Nueva orden ORD_00161 desde R10
[00:43:00] [INFO   ] Nueva orden ORD_00162 desde R03
[00:43:00] [INFO   ] Nueva orden ORD_00163 desde R02
[00:43:00] [INFO   ] Nueva orden ORD_00164 desde R13
[00:43:00] [INFO   ] Nueva orden ORD_00165 desde R21
[00:43:01] [INFO   ] Nueva orden ORD_00166 desde R03
[00:43:01] [INFO   ] Nueva orden ORD_00167 desde R11
[00:43:01] [INFO   ] Nueva orden ORD_00168 desde R05
[00:43:01] [INFO   ] Nueva orden ORD_00169 desde R01
[00:43:01] [INFO   ] Nueva orden ORD_00170 desde R19
[00:43:01] [INFO   ] Nueva orden ORD_00171 desde R05
[00:43:01] [INFO   ] Nueva orden ORD_00172 desde R09
[00:43:01] [INFO   ] Nueva orden ORD_00173 desde R04
[00:43:01] [INFO   ] Nueva orden ORD_00174 desde R11
[00:43:01] [INFO   ] Nueva orden ORD_00175 desde R13
[00:43:01] [INFO   ] Nueva orden ORD_00176 desde R09
[00:43:01] [INFO   ] Nueva orden ORD_00177 desde R22
[00:43:01] [INFO   ] Nueva orden ORD_00178 desde R01
[00:43:01] [INFO   ] Nueva orden ORD_00179 desde R21
[00:43:01] [INFO   ] Nueva orden ORD_00180 desde R16
[00:43:01] [INFO   ] Nueva orden ORD_00181 desde R03
[00:43:01] [INFO   ] Nueva orden ORD_00182 desde R17
[00:43:01] [INFO   ] Nueva orden ORD_00183 desde R12
[00:43:01] [INFO   ] Nueva orden ORD_00184 desde R18
[00:43:01] [INFO   ] Nueva orden ORD_00185 desde R10
[00:43:01] [INFO   ] Nueva orden ORD_00186 desde R09
[00:43:01] [INFO   ] Nueva orden ORD_00187 desde R06
[00:43:01] [INFO   ] Nueva orden ORD_00188 desde R07
[00:43:01] [INFO   ] Nueva orden ORD_00189 desde R25
[00:43:01] [INFO   ] Nueva orden ORD_00190 desde R04
[00:43:01] [INFO   ] Nueva orden ORD_00191 desde R07
[00:43:01] [INFO   ] Nueva orden ORD_00192 desde R12
[00:43:02] [INFO   ] Nueva orden ORD_00193 desde R25
[00:43:02] [INFO   ] Nueva orden ORD_00194 desde R14
[00:43:02] [INFO   ] Nueva orden ORD_00195 desde R01
[00:43:02] [INFO   ] Nueva orden ORD_00196 desde R22
[00:43:02] [INFO   ] Nueva orden ORD_00197 desde R12
[00:43:02] [INFO   ] Nueva orden ORD_00198 desde R21
[00:43:02] [INFO   ] Nueva orden ORD_00199 desde R09
[00:43:02] [INFO   ] Nueva orden ORD_00200 desde R23
[00:43:02] [INFO   ] Nueva orden ORD_00201 desde R07
[00:43:02] [INFO   ] Nueva orden ORD_00202 desde R22
[00:43:02] [INFO   ] Nueva orden ORD_00203 desde R24
[00:43:02] [INFO   ] Nueva orden ORD_00204 desde R04
[00:43:02] [INFO   ] Nueva orden ORD_00205 desde R05
[00:43:02] [INFO   ] Nueva orden ORD_00206 desde R11
[00:43:02] [INFO   ] Nueva orden ORD_00207 desde R06
[00:43:02] [INFO   ] Nueva orden ORD_00208 desde R21
[00:43:02] [INFO   ] Nueva orden ORD_00209 desde R20
[00:43:02] [INFO   ] Nueva orden ORD_00210 desde R15
[00:43:02] [INFO   ] Nueva orden ORD_00211 desde R20
[00:43:02] [INFO   ] Nueva orden ORD_00212 desde R14
[00:43:02] [INFO   ] Nueva orden ORD_00213 desde R04
[00:43:02] [INFO   ] Nueva orden ORD_00214 desde R13
[00:43:02] [INFO   ] Nueva orden ORD_00215 desde R19
[00:43:02] [INFO   ] Nueva orden ORD_00216 desde R01
[00:43:02] [INFO   ] Nueva orden ORD_00217 desde R17
[00:43:02] [INFO   ] Nueva orden ORD_00218 desde R08
[00:43:02] [INFO   ] Nueva orden ORD_00219 desde R25
[00:43:02] [INFO   ] Nueva orden ORD_00220 desde R23
[00:43:02] [INFO   ] Nueva orden ORD_00221 desde R17
[00:43:02] [INFO   ] Nueva orden ORD_00222 desde R02
[00:43:02] [INFO   ] Nueva orden ORD_00223 desde R15
[00:43:02] [INFO   ] Nueva orden ORD_00224 desde R06
[00:43:02] [INFO   ] Nueva orden ORD_00225 desde R21
[00:43:02] [INFO   ] Nueva orden ORD_00226 desde R02
[00:43:02] [INFO   ] Nueva orden ORD_00227 desde R05
[00:43:02] [INFO   ] Nueva orden ORD_00228 desde R04
[00:43:02] [INFO   ] Nueva orden ORD_00229 desde R16
[00:43:02] [INFO   ] Nueva orden ORD_00230 desde R14
[00:43:02] [INFO   ] Nueva orden ORD_00231 desde R22
[00:43:02] [INFO   ] Nueva orden ORD_00232 desde R08
[00:43:02] [INFO   ] Nueva orden ORD_00233 desde R24
[00:43:02] [INFO   ] Nueva orden ORD_00234 desde R12
[00:43:02] [INFO   ] Nueva orden ORD_00235 desde R09
[00:43:02] [INFO   ] Nueva orden ORD_00236 desde R09
[00:43:02] [INFO   ] Nueva orden ORD_00237 desde R25
[00:43:03] [INFO   ] Nueva orden ORD_00238 desde R15
[00:43:03] [INFO   ] Nueva orden ORD_00239 desde R06
[00:43:03] [INFO   ] Nueva orden ORD_00240 desde R25
[00:43:03] [INFO   ] Nueva orden ORD_00241 desde R15
[00:43:03] [INFO   ] Nueva orden ORD_00242 desde R09
[00:43:03] [INFO   ] Nueva orden ORD_00243 desde R19
[00:43:03] [INFO   ] Nueva orden ORD_00244 desde R22
[00:43:03] [INFO   ] Nueva orden ORD_00245 desde R14
[00:43:03] [INFO   ] Nueva orden ORD_00246 desde R21
[00:43:03] [INFO   ] Nueva orden ORD_00247 desde R14
[00:43:03] [INFO   ] Nueva orden ORD_00248 desde R03
[00:43:03] [INFO   ] Nueva orden ORD_00249 desde R22
[00:43:03] [INFO   ] Nueva orden ORD_00250 desde R16
[00:43:03] [INFO   ] Nueva orden ORD_00251 desde R24
[00:43:03] [INFO   ] Nueva orden ORD_00252 desde R10
[00:43:03] [INFO   ] Nueva orden ORD_00253 desde R10
[00:43:03] [INFO   ] Nueva orden ORD_00254 desde R19
[00:43:03] [INFO   ] Nueva orden ORD_00255 desde R18
[00:43:03] [INFO   ] Nueva orden ORD_00256 desde R11
[00:43:03] [INFO   ] Nueva orden ORD_00257 desde R01
[00:43:03] [INFO   ] Nueva orden ORD_00258 desde R05
[00:43:03] [INFO   ] Nueva orden ORD_00259 desde R18
[00:43:03] [INFO   ] Nueva orden ORD_00260 desde R22
[00:43:03] [INFO   ] Nueva orden ORD_00261 desde R13
[00:43:03] [INFO   ] Nueva orden ORD_00262 desde R18
[00:43:03] [INFO   ] Nueva orden ORD_00263 desde R02
[00:43:03] [INFO   ] Nueva orden ORD_00264 desde R14
[00:43:03] [INFO   ] Nueva orden ORD_00265 desde R06
[00:43:03] [INFO   ] Nueva orden ORD_00266 desde R03
[00:43:03] [INFO   ] Nueva orden ORD_00267 desde R14
[00:43:03] [INFO   ] Nueva orden ORD_00268 desde R21
[00:43:03] [INFO   ] Nueva orden ORD_00269 desde R07
[00:43:03] [INFO   ] Nueva orden ORD_00270 desde R05
[00:43:03] [INFO   ] Nueva orden ORD_00271 desde R18
[00:43:03] [INFO   ] Nueva orden ORD_00272 desde R04
[00:43:03] [INFO   ] Nueva orden ORD_00273 desde R18
[00:43:03] [INFO   ] Nueva orden ORD_00274 desde R22
[00:43:03] [INFO   ] Nueva orden ORD_00275 desde R17
[00:43:03] [INFO   ] Nueva orden ORD_00276 desde R03
[00:43:03] [INFO   ] Nueva orden ORD_00277 desde R02
[00:43:03] [INFO   ] Nueva orden ORD_00278 desde R25
[00:43:03] [INFO   ] Nueva orden ORD_00279 desde R13
[00:43:03] [INFO   ] Nueva orden ORD_00280 desde R13
[00:43:03] [INFO   ] Nueva orden ORD_00281 desde R20
[00:43:03] [INFO   ] Nueva orden ORD_00282 desde R06
[00:43:03] [INFO   ] Nueva orden ORD_00283 desde R09
[00:43:03] [INFO   ] Nueva orden ORD_00284 desde R24
[00:43:03] [INFO   ] Nueva orden ORD_00285 desde R14
[00:43:03] [INFO   ] Nueva orden ORD_00286 desde R05
[00:43:03] [INFO   ] Nueva orden ORD_00287 desde R15
[00:43:03] [INFO   ] Nueva orden ORD_00288 desde R10
[00:43:03] [INFO   ] Nueva orden ORD_00289 desde R07
[00:43:03] [INFO   ] Nueva orden ORD_00290 desde R17
[00:43:03] [INFO   ] Nueva orden ORD_00291 desde R08
[00:43:03] [INFO   ] Nueva orden ORD_00292 desde R14
[00:43:03] [INFO   ] Nueva orden ORD_00293 desde R14
[00:43:03] [INFO   ] Nueva orden ORD_00294 desde R19
[00:43:03] [INFO   ] Nueva orden ORD_00295 desde R08
[00:43:03] [INFO   ] Nueva orden ORD_00296 desde R17
[00:43:03] [INFO   ] Nueva orden ORD_00297 desde R25
[00:43:04] [INFO   ] Nueva orden ORD_00298 desde R05
[00:43:04] [INFO   ] Nueva orden ORD_00299 desde R02
[00:43:04] [INFO   ] Nueva orden ORD_00300 desde R19
[00:43:04] [INFO   ] Nueva orden ORD_00301 desde R21
[00:43:04] [INFO   ] Nueva orden ORD_00302 desde R22
[00:43:04] [INFO   ] Nueva orden ORD_00303 desde R06
[00:43:04] [INFO   ] Nueva orden ORD_00304 desde R08
[00:43:04] [INFO   ] Nueva orden ORD_00305 desde R09
[00:43:04] [INFO   ] Nueva orden ORD_00306 desde R11
[00:43:04] [INFO   ] Nueva orden ORD_00307 desde R12
[00:43:04] [INFO   ] Nueva orden ORD_00308 desde R17
[00:43:04] [INFO   ] Nueva orden ORD_00309 desde R04
[00:43:04] [INFO   ] Nueva orden ORD_00310 desde R19
[00:43:04] [INFO   ] Nueva orden ORD_00311 desde R19
[00:43:04] [INFO   ] Nueva orden ORD_00312 desde R01
[00:43:04] [INFO   ] Nueva orden ORD_00313 desde R13
[00:43:04] [INFO   ] Nueva orden ORD_00314 desde R08
[00:43:04] [INFO   ] Nueva orden ORD_00315 desde R20
[00:43:04] [INFO   ] Nueva orden ORD_00316 desde R18
[00:43:04] [INFO   ] Nueva orden ORD_00317 desde R20
[00:43:04] [INFO   ] Nueva orden ORD_00318 desde R03
[00:43:04] [INFO   ] Nueva orden ORD_00319 desde R22
[00:43:04] [INFO   ] Nueva orden ORD_00320 desde R15
[00:43:04] [INFO   ] Nueva orden ORD_00321 desde R04
[00:43:04] [INFO   ] Nueva orden ORD_00322 desde R25
[00:43:04] [INFO   ] Nueva orden ORD_00323 desde R10
[00:43:04] [INFO   ] Nueva orden ORD_00324 desde R18
[00:43:04] [INFO   ] Nueva orden ORD_00325 desde R14
[00:43:04] [INFO   ] Nueva orden ORD_00326 desde R08
[00:43:04] [INFO   ] Nueva orden ORD_00327 desde R01
[00:43:04] [INFO   ] Nueva orden ORD_00328 desde R24
[00:43:04] [INFO   ] Nueva orden ORD_00329 desde R12
[00:43:04] [INFO   ] Nueva orden ORD_00330 desde R19
[00:43:04] [INFO   ] Nueva orden ORD_00331 desde R18
[00:43:04] [INFO   ] Nueva orden ORD_00332 desde R07
[00:43:04] [INFO   ] Nueva orden ORD_00333 desde R20
[00:43:04] [INFO   ] Nueva orden ORD_00334 desde R21
[00:43:04] [INFO   ] Nueva orden ORD_00335 desde R25
[00:43:04] [INFO   ] Nueva orden ORD_00336 desde R11
[00:43:04] [INFO   ] Nueva orden ORD_00337 desde R24
[00:43:04] [INFO   ] Nueva orden ORD_00338 desde R08
[00:43:05] [INFO   ] Nueva orden ORD_00339 desde R18
[00:43:05] [INFO   ] Nueva orden ORD_00340 desde R21
[00:43:05] [INFO   ] Nueva orden ORD_00341 desde R08
[00:43:05] [INFO   ] Nueva orden ORD_00342 desde R11
[00:43:05] [INFO   ] Nueva orden ORD_00343 desde R03
[00:43:05] [INFO   ] Nueva orden ORD_00344 desde R06
[00:43:05] [INFO   ] Nueva orden ORD_00345 desde R11
[00:43:05] [INFO   ] Nueva orden ORD_00346 desde R25
[00:43:05] [INFO   ] Nueva orden ORD_00347 desde R13
[00:43:05] [INFO   ] Nueva orden ORD_00348 desde R02
[00:43:05] [INFO   ] Nueva orden ORD_00349 desde R16
[00:43:05] [INFO   ] Nueva orden ORD_00350 desde R10
[00:43:05] [INFO   ] Nueva orden ORD_00351 desde R15
[00:43:05] [INFO   ] Nueva orden ORD_00352 desde R24
[00:43:05] [INFO   ] Nueva orden ORD_00353 desde R03
[00:43:05] [INFO   ] Nueva orden ORD_00354 desde R24
[00:43:05] [INFO   ] Nueva orden ORD_00355 desde R01
[00:43:05] [INFO   ] Nueva orden ORD_00356 desde R19
[00:43:05] [INFO   ] Nueva orden ORD_00357 desde R13
[00:43:05] [INFO   ] Nueva orden ORD_00358 desde R07
[00:43:05] [INFO   ] Nueva orden ORD_00359 desde R23
[00:43:06] [INFO   ] Nueva orden ORD_00360 desde R24
[00:43:06] [INFO   ] Nueva orden ORD_00361 desde R12
[00:43:06] [INFO   ] Nueva orden ORD_00362 desde R09
[00:43:06] [INFO   ] Nueva orden ORD_00363 desde R18
[00:43:06] [INFO   ] Nueva orden ORD_00364 desde R13
[00:43:06] [INFO   ] Nueva orden ORD_00365 desde R24
[00:43:06] [INFO   ] Nueva orden ORD_00366 desde R02
[00:43:06] [INFO   ] Nueva orden ORD_00367 desde R18
[00:43:06] [INFO   ] Nueva orden ORD_00368 desde R02
[00:43:06] [INFO   ] Nueva orden ORD_00369 desde R14
[00:43:06] [INFO   ] Nueva orden ORD_00370 desde R06
[00:43:06] [INFO   ] Nueva orden ORD_00371 desde R24
[00:43:06] [INFO   ] Nueva orden ORD_00372 desde R12
[00:43:06] [INFO   ] Nueva orden ORD_00373 desde R22
[00:43:06] [INFO   ] Nueva orden ORD_00374 desde R10
[00:43:06] [INFO   ] Nueva orden ORD_00375 desde R21
[00:43:06] [INFO   ] Nueva orden ORD_00376 desde R17
[00:43:06] [INFO   ] Nueva orden ORD_00377 desde R18
[00:43:06] [INFO   ] Nueva orden ORD_00378 desde R01
[00:43:06] [INFO   ] Nueva orden ORD_00379 desde R14
[00:43:06] [INFO   ] Nueva orden ORD_00380 desde R21
[00:43:07] [INFO   ] Nueva orden ORD_00381 desde R09
[00:43:07] [INFO   ] Nueva orden ORD_00382 desde R09
[00:43:07] [INFO   ] Nueva orden ORD_00383 desde R21
[00:43:07] [INFO   ] Nueva orden ORD_00384 desde R22
[00:43:07] [INFO   ] Nueva orden ORD_00385 desde R01
[00:43:07] [INFO   ] Nueva orden ORD_00386 desde R07
[00:43:07] [INFO   ] Nueva orden ORD_00387 desde R22
[00:43:07] [INFO   ] Nueva orden ORD_00388 desde R12
[00:43:07] [INFO   ] Nueva orden ORD_00389 desde R21
[00:43:07] [INFO   ] Nueva orden ORD_00390 desde R24
[00:43:07] [INFO   ] Nueva orden ORD_00391 desde R21
[00:43:07] [INFO   ] Nueva orden ORD_00392 desde R25
[00:43:07] [INFO   ] Nueva orden ORD_00393 desde R03
[00:43:07] [INFO   ] Nueva orden ORD_00394 desde R04
[00:43:07] [INFO   ] Nueva orden ORD_00395 desde R03
[00:43:07] [INFO   ] Nueva orden ORD_00396 desde R12
[00:43:07] [INFO   ] Nueva orden ORD_00397 desde R22
[00:43:07] [INFO   ] Nueva orden ORD_00398 desde R24
[00:43:07] [INFO   ] Nueva orden ORD_00399 desde R03
[00:43:07] [INFO   ] Nueva orden ORD_00400 desde R21
[00:43:07] [INFO   ] Nueva orden ORD_00401 desde R19
[00:43:08] [INFO   ] Nueva orden ORD_00402 desde R04
[00:43:08] [INFO   ] Nueva orden ORD_00403 desde R08
[00:43:08] [INFO   ] Nueva orden ORD_00404 desde R04
[00:43:08] [INFO   ] Nueva orden ORD_00405 desde R08
[00:43:08] [INFO   ] Nueva orden ORD_00406 desde R02
[00:43:08] [INFO   ] Nueva orden ORD_00407 desde R01
[00:43:08] [INFO   ] Nueva orden ORD_00408 desde R19
[00:43:08] [INFO   ] Nueva orden ORD_00409 desde R14
[00:43:08] [INFO   ] Nueva orden ORD_00410 desde R22
[00:43:08] [INFO   ] Nueva orden ORD_00411 desde R21
[00:43:08] [INFO   ] Nueva orden ORD_00412 desde R25
[00:43:08] [INFO   ] Nueva orden ORD_00413 desde R16
[00:43:08] [INFO   ] Nueva orden ORD_00414 desde R04
[00:43:08] [INFO   ] Nueva orden ORD_00415 desde R22
[00:43:08] [INFO   ] Nueva orden ORD_00416 desde R23
[00:43:08] [INFO   ] Nueva orden ORD_00417 desde R13
[00:43:08] [INFO   ] Nueva orden ORD_00418 desde R25
[00:43:08] [INFO   ] Nueva orden ORD_00419 desde R13
[00:43:08] [INFO   ] Nueva orden ORD_00420 desde R09
[00:43:08] [INFO   ] Nueva orden ORD_00421 desde R17
[00:43:08] [INFO   ] Nueva orden ORD_00422 desde R22
[00:43:08] [INFO   ] Nueva orden ORD_00423 desde R06
[00:43:08] [INFO   ] Nueva orden ORD_00424 desde R04
[00:43:08] [INFO   ] Nueva orden ORD_00425 desde R12
[00:43:08] [INFO   ] Nueva orden ORD_00426 desde R23
[00:43:09] [INFO   ] Nueva orden ORD_00427 desde R14
[00:43:09] [INFO   ] Nueva orden ORD_00428 desde R14
[00:43:09] [INFO   ] Nueva orden ORD_00429 desde R25
[00:43:09] [INFO   ] Nueva orden ORD_00430 desde R15
[00:43:09] [INFO   ] Nueva orden ORD_00431 desde R18
[00:43:09] [INFO   ] Nueva orden ORD_00432 desde R06
[00:43:09] [INFO   ] Nueva orden ORD_00433 desde R06
[00:43:09] [INFO   ] Nueva orden ORD_00434 desde R11
[00:43:09] [INFO   ] Nueva orden ORD_00435 desde R03
[00:43:09] [INFO   ] Nueva orden ORD_00436 desde R16
[00:43:09] [INFO   ] Nueva orden ORD_00437 desde R03
[00:43:09] [INFO   ] Nueva orden ORD_00438 desde R03
[00:43:09] [INFO   ] Nueva orden ORD_00439 desde R21
[00:43:09] [INFO   ] Nueva orden ORD_00440 desde R04
[00:43:09] [INFO   ] Nueva orden ORD_00441 desde R25
[00:43:09] [INFO   ] Nueva orden ORD_00442 desde R12
[00:43:09] [INFO   ] Nueva orden ORD_00443 desde R10
[00:43:09] [INFO   ] Nueva orden ORD_00444 desde R19
[00:43:09] [INFO   ] Nueva orden ORD_00445 desde R08
[00:43:09] [INFO   ] Nueva orden ORD_00446 desde R21
[00:43:09] [INFO   ] Nueva orden ORD_00447 desde R08
[00:43:09] [INFO   ] Nueva orden ORD_00448 desde R21
[00:43:09] [INFO   ] Nueva orden ORD_00449 desde R19
[00:43:09] [INFO   ] Nueva orden ORD_00450 desde R23
[00:43:09] [INFO   ] Nueva orden ORD_00451 desde R20
[00:43:09] [INFO   ] Nueva orden ORD_00452 desde R22
[00:43:09] [INFO   ] Nueva orden ORD_00453 desde R02
[00:43:09] [INFO   ] Nueva orden ORD_00454 desde R19
[00:43:09] [INFO   ] Nueva orden ORD_00455 desde R05
[00:43:09] [INFO   ] Nueva orden ORD_00456 desde R15
[00:43:09] [INFO   ] Nueva orden ORD_00457 desde R03
[00:43:09] [INFO   ] Nueva orden ORD_00458 desde R07
[00:43:09] [INFO   ] Nueva orden ORD_00459 desde R18
[00:43:09] [INFO   ] Nueva orden ORD_00460 desde R11
[00:43:09] [INFO   ] Nueva orden ORD_00461 desde R15
[00:43:09] [INFO   ] Nueva orden ORD_00462 desde R02
[00:43:09] [INFO   ] Nueva orden ORD_00463 desde R06
[00:43:09] [INFO   ] Nueva orden ORD_00464 desde R06
[00:43:09] [INFO   ] Nueva orden ORD_00465 desde R01
[00:43:09] [INFO   ] Nueva orden ORD_00466 desde R12
[00:43:09] [INFO   ] Nueva orden ORD_00467 desde R17
[00:43:09] [INFO   ] Nueva orden ORD_00468 desde R05
[00:43:10] [INFO   ] Nueva orden ORD_00469 desde R22
[00:43:10] [INFO   ] Nueva orden ORD_00470 desde R09
[00:43:10] [INFO   ] Nueva orden ORD_00471 desde R16
[00:43:10] [INFO   ] Nueva orden ORD_00472 desde R06
[00:43:10] [INFO   ] Nueva orden ORD_00473 desde R21
[00:43:10] [INFO   ] Nueva orden ORD_00474 desde R01
[00:43:10] [INFO   ] Nueva orden ORD_00475 desde R08
[00:43:10] [INFO   ] Nueva orden ORD_00476 desde R02
[00:43:10] [INFO   ] Nueva orden ORD_00477 desde R17
[00:43:10] [INFO   ] Nueva orden ORD_00478 desde R23
[00:43:10] [INFO   ] Nueva orden ORD_00479 desde R13
[00:43:10] [INFO   ] Nueva orden ORD_00480 desde R13
[00:43:10] [INFO   ] Nueva orden ORD_00481 desde R24
[00:43:10] [INFO   ] Nueva orden ORD_00482 desde R25
[00:43:10] [INFO   ] Nueva orden ORD_00483 desde R04
[00:43:10] [INFO   ] Nueva orden ORD_00484 desde R05
[00:43:10] [INFO   ] Nueva orden ORD_00485 desde R19
[00:43:10] [INFO   ] Nueva orden ORD_00486 desde R25
[00:43:10] [INFO   ] Nueva orden ORD_00487 desde R01
[00:43:10] [INFO   ] Nueva orden ORD_00488 desde R08
[00:43:10] [INFO   ] Nueva orden ORD_00489 desde R18
[00:43:10] [INFO   ] Nueva orden ORD_00490 desde R09
[00:43:10] [INFO   ] Nueva orden ORD_00491 desde R15
[00:43:10] [INFO   ] Nueva orden ORD_00492 desde R14
[00:43:10] [INFO   ] Nueva orden ORD_00493 desde R13
[00:43:10] [INFO   ] Nueva orden ORD_00494 desde R23
[00:43:10] [INFO   ] Nueva orden ORD_00495 desde R17
[00:43:10] [INFO   ] Nueva orden ORD_00496 desde R16
[00:43:10] [INFO   ] Nueva orden ORD_00497 desde R18
[00:43:10] [INFO   ] Nueva orden ORD_00498 desde R24
[00:43:10] [INFO   ] Nueva orden ORD_00499 desde R21
[00:43:10] [INFO   ] Nueva orden ORD_00500 desde R08
[00:43:10] [INFO   ] Nueva orden ORD_00501 desde R10
[00:43:10] [INFO   ] Nueva orden ORD_00502 desde R21
[00:43:10] [INFO   ] Nueva orden ORD_00503 desde R01
[00:43:10] [INFO   ] Nueva orden ORD_00504 desde R17
[00:43:10] [INFO   ] Nueva orden ORD_00505 desde R17
[00:43:10] [INFO   ] Nueva orden ORD_00506 desde R04
[00:43:10] [INFO   ] Nueva orden ORD_00507 desde R05
[00:43:10] [INFO   ] Nueva orden ORD_00508 desde R03
[00:43:10] [INFO   ] Nueva orden ORD_00509 desde R06
[00:43:10] [INFO   ] Nueva orden ORD_00510 desde R23
[00:43:10] [INFO   ] Nueva orden ORD_00511 desde R08
[00:43:10] [INFO   ] Nueva orden ORD_00512 desde R19
[00:43:10] [INFO   ] Nueva orden ORD_00513 desde R21
[00:43:10] [INFO   ] Nueva orden ORD_00514 desde R22
[00:43:10] [INFO   ] Nueva orden ORD_00515 desde R09
[00:43:10] [INFO   ] Nueva orden ORD_00516 desde R19
[00:43:10] [INFO   ] Nueva orden ORD_00517 desde R10
[00:43:10] [INFO   ] Nueva orden ORD_00518 desde R13
[00:43:10] [INFO   ] Nueva orden ORD_00519 desde R15
[00:43:10] [INFO   ] Nueva orden ORD_00520 desde R17
[00:43:10] [INFO   ] Nueva orden ORD_00521 desde R04
[00:43:10] [INFO   ] Nueva orden ORD_00522 desde R12
[00:43:11] [INFO   ] Nueva orden ORD_00523 desde R09
[00:43:11] [INFO   ] Nueva orden ORD_00524 desde R11
[00:43:11] [INFO   ] Nueva orden ORD_00525 desde R23
[00:43:11] [INFO   ] Nueva orden ORD_00526 desde R16
[00:43:11] [INFO   ] Nueva orden ORD_00527 desde R09
[00:43:11] [INFO   ] Nueva orden ORD_00528 desde R16
[00:43:11] [INFO   ] Nueva orden ORD_00529 desde R04
[00:43:11] [INFO   ] Nueva orden ORD_00530 desde R13
[00:43:11] [INFO   ] Nueva orden ORD_00531 desde R17
[00:43:11] [INFO   ] Nueva orden ORD_00532 desde R08
[00:43:11] [INFO   ] Nueva orden ORD_00533 desde R10
[00:43:11] [INFO   ] Nueva orden ORD_00534 desde R05
[00:43:11] [INFO   ] Nueva orden ORD_00535 desde R15
[00:43:11] [INFO   ] Nueva orden ORD_00536 desde R17
[00:43:11] [INFO   ] Nueva orden ORD_00537 desde R14
[00:43:11] [INFO   ] Nueva orden ORD_00538 desde R20
[00:43:11] [INFO   ] Nueva orden ORD_00539 desde R18
[00:43:11] [INFO   ] Nueva orden ORD_00540 desde R10
[00:43:11] [INFO   ] Nueva orden ORD_00541 desde R05
[00:43:11] [INFO   ] Nueva orden ORD_00542 desde R21
[00:43:11] [INFO   ] Nueva orden ORD_00543 desde R03
[00:43:11] [INFO   ] Nueva orden ORD_00544 desde R17
[00:43:11] [INFO   ] Nueva orden ORD_00545 desde R18
[00:43:11] [INFO   ] Nueva orden ORD_00546 desde R02
[00:43:11] [INFO   ] Nueva orden ORD_00547 desde R19
[00:43:11] [INFO   ] Nueva orden ORD_00548 desde R06
[00:43:11] [INFO   ] Nueva orden ORD_00549 desde R04
[00:43:11] [INFO   ] Nueva orden ORD_00550 desde R08
[00:43:11] [INFO   ] Nueva orden ORD_00551 desde R10
[00:43:11] [INFO   ] Nueva orden ORD_00552 desde R02
[00:43:11] [INFO   ] Nueva orden ORD_00553 desde R11
[00:43:11] [INFO   ] Nueva orden ORD_00554 desde R25
[00:43:11] [INFO   ] Nueva orden ORD_00555 desde R06
[00:43:11] [INFO   ] Nueva orden ORD_00556 desde R06
[00:43:11] [INFO   ] Nueva orden ORD_00557 desde R05
[00:43:11] [INFO   ] Nueva orden ORD_00558 desde R19
[00:43:11] [INFO   ] Nueva orden ORD_00559 desde R06
[00:43:11] [INFO   ] Nueva orden ORD_00560 desde R25
[00:43:11] [INFO   ] Nueva orden ORD_00561 desde R17
[00:43:11] [INFO   ] Nueva orden ORD_00562 desde R12
[00:43:11] [INFO   ] Nueva orden ORD_00563 desde R15
[00:43:11] [INFO   ] Nueva orden ORD_00564 desde R03
[00:43:11] [INFO   ] Nueva orden ORD_00565 desde R24
[00:43:11] [INFO   ] Nueva orden ORD_00566 desde R19
[00:43:11] [INFO   ] Nueva orden ORD_00567 desde R15
[00:43:11] [INFO   ] Nueva orden ORD_00568 desde R02
[00:43:11] [INFO   ] Nueva orden ORD_00569 desde R21
[00:43:11] [INFO   ] Nueva orden ORD_00570 desde R02
[00:43:11] [INFO   ] Nueva orden ORD_00571 desde R18
[00:43:11] [INFO   ] Nueva orden ORD_00572 desde R25
[00:43:11] [INFO   ] Nueva orden ORD_00573 desde R04
[00:43:11] [INFO   ] Nueva orden ORD_00574 desde R06
[00:43:11] [INFO   ] Nueva orden ORD_00575 desde R19
[00:43:11] [INFO   ] Nueva orden ORD_00576 desde R03
[00:43:12] [INFO   ] Nueva orden ORD_00577 desde R25
[00:43:12] [INFO   ] Nueva orden ORD_00578 desde R03
[00:43:12] [INFO   ] Nueva orden ORD_00579 desde R18
[00:43:12] [INFO   ] Nueva orden ORD_00580 desde R24
[00:43:12] [INFO   ] Nueva orden ORD_00581 desde R05
[00:43:12] [INFO   ] Nueva orden ORD_00582 desde R19
[00:43:12] [INFO   ] Nueva orden ORD_00583 desde R06
[00:43:12] [INFO   ] Nueva orden ORD_00584 desde R09
[00:43:12] [INFO   ] Nueva orden ORD_00585 desde R03
[00:43:12] [INFO   ] Nueva orden ORD_00586 desde R09
[00:43:12] [INFO   ] Nueva orden ORD_00587 desde R18
[00:43:12] [INFO   ] Nueva orden ORD_00588 desde R07
[00:43:12] [INFO   ] Nueva orden ORD_00589 desde R01
[00:43:12] [INFO   ] Nueva orden ORD_00590 desde R07
[00:43:12] [INFO   ] Nueva orden ORD_00591 desde R19
[00:43:12] [INFO   ] Nueva orden ORD_00592 desde R13
[00:43:12] [INFO   ] Nueva orden ORD_00593 desde R14
[00:43:12] [INFO   ] Nueva orden ORD_00594 desde R08
[00:43:12] [INFO   ] Nueva orden ORD_00595 desde R10
[00:43:12] [INFO   ] Nueva orden ORD_00596 desde R11
[00:43:12] [INFO   ] Nueva orden ORD_00597 desde R14
[00:43:12] [INFO   ] Nueva orden ORD_00598 desde R06
[00:43:12] [INFO   ] Nueva orden ORD_00599 desde R16
[00:43:12] [INFO   ] Nueva orden ORD_00600 desde R16
[00:43:12] [INFO   ] Nueva orden ORD_00601 desde R10
[00:43:12] [INFO   ] Nueva orden ORD_00602 desde R22
[00:43:12] [INFO   ] Nueva orden ORD_00603 desde R18
[00:43:12] [INFO   ] Nueva orden ORD_00604 desde R20
[00:43:12] [INFO   ] Nueva orden ORD_00605 desde R01
[00:43:12] [INFO   ] Nueva orden ORD_00606 desde R10
[00:43:12] [INFO   ] Nueva orden ORD_00607 desde R06
[00:43:12] [INFO   ] Nueva orden ORD_00608 desde R03
[00:43:12] [INFO   ] Nueva orden ORD_00609 desde R17
[00:43:12] [INFO   ] Nueva orden ORD_00610 desde R10
[00:43:12] [INFO   ] Nueva orden ORD_00611 desde R22
[00:43:13] [INFO   ] Nueva orden ORD_00612 desde R18
[00:43:13] [INFO   ] Nueva orden ORD_00613 desde R25
[00:43:13] [INFO   ] Nueva orden ORD_00614 desde R09
[00:43:13] [INFO   ] Nueva orden ORD_00615 desde R17
[00:43:13] [INFO   ] Nueva orden ORD_00616 desde R23
[00:43:13] [INFO   ] Nueva orden ORD_00617 desde R14
[00:43:13] [INFO   ] Nueva orden ORD_00618 desde R22
[00:43:13] [INFO   ] Nueva orden ORD_00619 desde R21
[00:43:13] [INFO   ] Nueva orden ORD_00620 desde R22
[00:43:13] [INFO   ] Nueva orden ORD_00621 desde R18
[00:43:13] [INFO   ] Nueva orden ORD_00622 desde R22
[00:43:13] [INFO   ] Nueva orden ORD_00623 desde R12
[00:43:13] [INFO   ] Nueva orden ORD_00624 desde R25
[00:43:13] [INFO   ] Nueva orden ORD_00625 desde R06
[00:43:13] [INFO   ] Nueva orden ORD_00626 desde R15
[00:43:14] [INFO   ] Nueva orden ORD_00627 desde R11
[00:43:14] [INFO   ] Nueva orden ORD_00628 desde R13
[00:43:14] [INFO   ] Nueva orden ORD_00629 desde R17
[00:43:14] [INFO   ] Nueva orden ORD_00630 desde R02
[00:43:14] [INFO   ] Nueva orden ORD_00631 desde R05
[00:43:14] [INFO   ] Nueva orden ORD_00632 desde R08
[00:43:14] [INFO   ] Nueva orden ORD_00633 desde R02
[00:43:14] [INFO   ] Nueva orden ORD_00634 desde R25
[00:43:14] [INFO   ] Nueva orden ORD_00635 desde R18
[00:43:14] [INFO   ] Nueva orden ORD_00636 desde R24
[00:43:15] [INFO   ] Nueva orden ORD_00637 desde R04
[00:43:15] [INFO   ] Nueva orden ORD_00638 desde R02
[00:43:15] [INFO   ] Nueva orden ORD_00639 desde R05
[00:43:15] [INFO   ] Nueva orden ORD_00640 desde R05
[00:43:15] [INFO   ] Nueva orden ORD_00641 desde R09
[00:43:15] [INFO   ] Nueva orden ORD_00642 desde R05
[00:43:16] [INFO   ] Nueva orden ORD_00643 desde R23
[00:43:16] [INFO   ] Nueva orden ORD_00644 desde R15
[00:43:16] [INFO   ] Nueva orden ORD_00645 desde R20
[00:43:16] [INFO   ] Nueva orden ORD_00646 desde R13
[00:43:16] [INFO   ] Nueva orden ORD_00647 desde R18
[00:43:16] [INFO   ] Nueva orden ORD_00648 desde R11
[00:43:17] [INFO   ] Nueva orden ORD_00649 desde R17
[00:43:17] [INFO   ] Nueva orden ORD_00650 desde R09
[00:43:17] [INFO   ] Nueva orden ORD_00651 desde R12
[00:43:17] [INFO   ] Nueva orden ORD_00652 desde R16
[00:43:17] [INFO   ] Nueva orden ORD_00653 desde R20
[00:43:17] [INFO   ] Nueva orden ORD_00654 desde R03
[00:43:18] [INFO   ] Nueva orden ORD_00655 desde R09
[00:43:18] [INFO   ] Nueva orden ORD_00656 desde R24
[00:43:18] [INFO   ] Nueva orden ORD_00657 desde R08
[00:43:18] [INFO   ] Nueva orden ORD_00658 desde R05
[00:43:18] [INFO   ] Nueva orden ORD_00659 desde R10
[00:43:18] [INFO   ] Nueva orden ORD_00660 desde R08
[00:43:19] [INFO   ] Nueva orden ORD_00661 desde R16
[00:43:19] [INFO   ] Nueva orden ORD_00662 desde R16
[00:43:19] [INFO   ] Nueva orden ORD_00663 desde R13
[00:43:19] [INFO   ] Nueva orden ORD_00664 desde R03
[00:43:19] [INFO   ] Nueva orden ORD_00665 desde R06
[00:43:19] [INFO   ] Nueva orden ORD_00666 desde R17
[00:43:20] [INFO   ] Nueva orden ORD_00667 desde R16
[00:43:20] [INFO   ] Nueva orden ORD_00668 desde R24
[00:43:20] [INFO   ] Nueva orden ORD_00669 desde R09
[00:43:20] [INFO   ] Nueva orden ORD_00670 desde R05
[00:43:20] [INFO   ] Nueva orden ORD_00671 desde R04
[00:43:20] [INFO   ] Nueva orden ORD_00672 desde R10
[00:43:20] [INFO   ] Nueva orden ORD_00673 desde R24
[00:43:20] [INFO   ] Nueva orden ORD_00674 desde R18
[00:43:20] [INFO   ] Nueva orden ORD_00675 desde R19
[00:43:20] [INFO   ] Nueva orden ORD_00676 desde R18
[00:43:20] [INFO   ] Nueva orden ORD_00677 desde R14
[00:43:20] [INFO   ] Nueva orden ORD_00678 desde R16
[00:43:20] [INFO   ] Nueva orden ORD_00679 desde R23
[00:43:20] [INFO   ] Nueva orden ORD_00680 desde R24
[00:43:20] [INFO   ] Nueva orden ORD_00681 desde R10
[00:43:20] [INFO   ] Nueva orden ORD_00682 desde R07
[00:43:20] [INFO   ] Nueva orden ORD_00683 desde R04
[00:43:20] [INFO   ] Nueva orden ORD_00684 desde R25
[00:43:21] [INFO   ] Nueva orden ORD_00685 desde R13
[00:43:21] [INFO   ] Nueva orden ORD_00686 desde R02
[00:43:21] [INFO   ] Nueva orden ORD_00687 desde R12
[00:43:21] [INFO   ] Nueva orden ORD_00688 desde R25
[00:43:21] [INFO   ] Nueva orden ORD_00689 desde R07
[00:43:21] [INFO   ] Nueva orden ORD_00690 desde R18
[00:43:21] [INFO   ] Nueva orden ORD_00691 desde R10
[00:43:21] [INFO   ] Nueva orden ORD_00692 desde R14
[00:43:21] [INFO   ] Nueva orden ORD_00693 desde R11
[00:43:21] [INFO   ] Nueva orden ORD_00694 desde R04
[00:43:21] [INFO   ] Nueva orden ORD_00695 desde R02
[00:43:21] [INFO   ] Nueva orden ORD_00696 desde R08
[00:43:21] [INFO   ] Nueva orden ORD_00697 desde R16
[00:43:21] [INFO   ] Nueva orden ORD_00698 desde R11
[00:43:21] [INFO   ] Nueva orden ORD_00699 desde R18
[00:43:21] [INFO   ] Nueva orden ORD_00700 desde R02
[00:43:21] [INFO   ] Nueva orden ORD_00701 desde R12
[00:43:21] [INFO   ] Nueva orden ORD_00702 desde R02
[00:43:21] [INFO   ] Nueva orden ORD_00703 desde R05
[00:43:21] [INFO   ] Nueva orden ORD_00704 desde R09
[00:43:21] [INFO   ] Nueva orden ORD_00705 desde R18
[00:43:21] [INFO   ] Nueva orden ORD_00706 desde R02
[00:43:21] [INFO   ] Nueva orden ORD_00707 desde R12
[00:43:21] [INFO   ] Nueva orden ORD_00708 desde R04
[00:43:21] [INFO   ] Nueva orden ORD_00709 desde R10
[00:43:21] [INFO   ] Nueva orden ORD_00710 desde R17
[00:43:21] [INFO   ] Nueva orden ORD_00711 desde R24
[00:43:21] [INFO   ] Nueva orden ORD_00712 desde R23
[00:43:21] [INFO   ] Nueva orden ORD_00713 desde R01
[00:43:21] [INFO   ] Nueva orden ORD_00714 desde R22
[00:43:22] [INFO   ] Nueva orden ORD_00715 desde R19
[00:43:22] [INFO   ] Nueva orden ORD_00716 desde R13
[00:43:22] [INFO   ] Nueva orden ORD_00717 desde R17
[00:43:22] [INFO   ] Nueva orden ORD_00718 desde R08
[00:43:22] [INFO   ] Nueva orden ORD_00719 desde R01
[00:43:22] [INFO   ] Nueva orden ORD_00720 desde R20
[00:43:22] [INFO   ] Nueva orden ORD_00721 desde R06
[00:43:22] [INFO   ] Nueva orden ORD_00722 desde R13
[00:43:22] [INFO   ] Nueva orden ORD_00723 desde R08
[00:43:22] [INFO   ] Nueva orden ORD_00724 desde R21
[00:43:22] [INFO   ] Nueva orden ORD_00725 desde R15
[00:43:22] [INFO   ] Nueva orden ORD_00726 desde R14
[00:43:22] [INFO   ] Nueva orden ORD_00727 desde R02
[00:43:22] [INFO   ] Nueva orden ORD_00728 desde R07
[00:43:22] [INFO   ] Nueva orden ORD_00729 desde R21
[00:43:22] [INFO   ] Nueva orden ORD_00730 desde R06
[00:43:22] [INFO   ] Nueva orden ORD_00731 desde R11
[00:43:22] [INFO   ] Nueva orden ORD_00732 desde R18
[00:43:22] [INFO   ] Nueva orden ORD_00733 desde R24
[00:43:22] [INFO   ] Nueva orden ORD_00734 desde R16
[00:43:22] [INFO   ] Nueva orden ORD_00735 desde R14
[00:43:22] [INFO   ] Nueva orden ORD_00736 desde R10
[00:43:22] [INFO   ] Nueva orden ORD_00737 desde R11
[00:43:22] [INFO   ] Nueva orden ORD_00738 desde R14
[00:43:22] [INFO   ] Nueva orden ORD_00739 desde R13
[00:43:22] [INFO   ] Nueva orden ORD_00740 desde R04
[00:43:22] [INFO   ] Nueva orden ORD_00741 desde R02
[00:43:22] [INFO   ] Nueva orden ORD_00742 desde R20
[00:43:22] [INFO   ] Nueva orden ORD_00743 desde R09
[00:43:22] [INFO   ] Nueva orden ORD_00744 desde R04
[00:43:23] [INFO   ] Nueva orden ORD_00745 desde R11
[00:43:23] [INFO   ] Nueva orden ORD_00746 desde R11
[00:43:23] [INFO   ] Nueva orden ORD_00747 desde R20
[00:43:23] [INFO   ] Nueva orden ORD_00748 desde R17
[00:43:23] [INFO   ] Nueva orden ORD_00749 desde R10
[00:43:23] [INFO   ] Nueva orden ORD_00750 desde R04
[00:43:23] [INFO   ] Nueva orden ORD_00751 desde R16
[00:43:23] [INFO   ] Nueva orden ORD_00752 desde R17
[00:43:23] [INFO   ] Nueva orden ORD_00753 desde R12
[00:43:23] [INFO   ] Nueva orden ORD_00754 desde R03
[00:43:23] [INFO   ] Nueva orden ORD_00755 desde R19
[00:43:23] [INFO   ] Nueva orden ORD_00756 desde R16
[00:43:23] [INFO   ] Nueva orden ORD_00757 desde R16
[00:43:23] [INFO   ] Nueva orden ORD_00758 desde R15
[00:43:23] [INFO   ] Nueva orden ORD_00759 desde R06
[00:43:23] [INFO   ] Nueva orden ORD_00760 desde R12
[00:43:23] [INFO   ] Nueva orden ORD_00761 desde R07
[00:43:23] [INFO   ] Nueva orden ORD_00762 desde R24
[00:43:23] [INFO   ] Nueva orden ORD_00763 desde R21
[00:43:23] [INFO   ] Nueva orden ORD_00764 desde R02
[00:43:23] [INFO   ] Nueva orden ORD_00765 desde R21
[00:43:23] [INFO   ] Nueva orden ORD_00766 desde R19
[00:43:23] [INFO   ] Nueva orden ORD_00767 desde R04
[00:43:23] [INFO   ] Nueva orden ORD_00768 desde R18
[00:43:23] [INFO   ] Nueva orden ORD_00769 desde R19
[00:43:23] [INFO   ] Nueva orden ORD_00770 desde R20
[00:43:23] [INFO   ] Nueva orden ORD_00771 desde R12
[00:43:24] [INFO   ] Nueva orden ORD_00772 desde R22
[00:43:24] [INFO   ] Nueva orden ORD_00773 desde R23
[00:43:24] [INFO   ] Nueva orden ORD_00774 desde R03
[00:43:24] [INFO   ] Nueva orden ORD_00775 desde R07
[00:43:24] [INFO   ] Nueva orden ORD_00776 desde R17
[00:43:24] [INFO   ] Nueva orden ORD_00777 desde R02
[00:43:24] [INFO   ] Nueva orden ORD_00778 desde R12
[00:43:24] [INFO   ] Nueva orden ORD_00779 desde R20
[00:43:24] [INFO   ] Nueva orden ORD_00780 desde R23
[00:43:24] [INFO   ] Nueva orden ORD_00781 desde R02
[00:43:24] [INFO   ] Nueva orden ORD_00782 desde R22
[00:43:24] [INFO   ] Nueva orden ORD_00783 desde R19
[00:43:24] [INFO   ] Nueva orden ORD_00784 desde R13
[00:43:24] [INFO   ] Nueva orden ORD_00785 desde R10
[00:43:24] [INFO   ] Nueva orden ORD_00786 desde R18
[00:43:24] [INFO   ] Nueva orden ORD_00787 desde R22
[00:43:24] [INFO   ] Nueva orden ORD_00788 desde R10
[00:43:24] [INFO   ] Nueva orden ORD_00789 desde R17
[00:43:24] [INFO   ] Nueva orden ORD_00790 desde R25
[00:43:24] [INFO   ] Nueva orden ORD_00791 desde R12
[00:43:24] [INFO   ] Nueva orden ORD_00792 desde R04
[00:43:24] [INFO   ] Nueva orden ORD_00793 desde R12
[00:43:24] [INFO   ] Nueva orden ORD_00794 desde R19
[00:43:24] [INFO   ] Nueva orden ORD_00795 desde R12
[00:43:25] [INFO   ] Nueva orden ORD_00796 desde R11
[00:43:25] [INFO   ] Nueva orden ORD_00797 desde R01
[00:43:25] [INFO   ] Nueva orden ORD_00798 desde R05
[00:43:25] [INFO   ] Nueva orden ORD_00799 desde R19
[00:43:25] [INFO   ] Nueva orden ORD_00800 desde R21
[00:43:25] [INFO   ] Nueva orden ORD_00801 desde R16
[00:43:25] [INFO   ] Nueva orden ORD_00802 desde R20
[00:43:25] [INFO   ] Nueva orden ORD_00803 desde R11
[00:43:25] [INFO   ] Nueva orden ORD_00804 desde R09
[00:43:25] [INFO   ] Nueva orden ORD_00805 desde R01
[00:43:25] [INFO   ] Nueva orden ORD_00806 desde R12
[00:43:25] [INFO   ] Nueva orden ORD_00807 desde R03
[00:43:25] [INFO   ] Nueva orden ORD_00808 desde R11
[00:43:25] [INFO   ] Nueva orden ORD_00809 desde R03
[00:43:25] [INFO   ] Nueva orden ORD_00810 desde R01
[00:43:25] [INFO   ] Nueva orden ORD_00811 desde R16
[00:43:25] [INFO   ] Nueva orden ORD_00812 desde R24
[00:43:25] [INFO   ] Nueva orden ORD_00813 desde R22
[00:43:25] [INFO   ] Nueva orden ORD_00814 desde R02
[00:43:25] [INFO   ] Nueva orden ORD_00815 desde R14
[00:43:25] [INFO   ] Nueva orden ORD_00816 desde R17
[00:43:25] [INFO   ] Nueva orden ORD_00817 desde R08
[00:43:25] [INFO   ] Nueva orden ORD_00818 desde R20
[00:43:25] [INFO   ] Nueva orden ORD_00819 desde R05
[00:43:25] [INFO   ] Nueva orden ORD_00820 desde R05
[00:43:25] [INFO   ] Nueva orden ORD_00821 desde R19
[00:43:25] [INFO   ] Nueva orden ORD_00822 desde R22
[00:43:26] [INFO   ] Nueva orden ORD_00823 desde R20
[00:43:26] [INFO   ] Nueva orden ORD_00824 desde R17
[00:43:26] [INFO   ] Nueva orden ORD_00825 desde R25
[00:43:26] [INFO   ] Nueva orden ORD_00826 desde R20
[00:43:26] [INFO   ] Nueva orden ORD_00827 desde R13
[00:43:26] [INFO   ] Nueva orden ORD_00828 desde R20
[00:43:26] [INFO   ] Nueva orden ORD_00829 desde R13
[00:43:26] [INFO   ] Nueva orden ORD_00830 desde R23
[00:43:26] [INFO   ] Nueva orden ORD_00831 desde R02
[00:43:26] [INFO   ] Nueva orden ORD_00832 desde R21
[00:43:26] [INFO   ] Nueva orden ORD_00833 desde R13
[00:43:26] [INFO   ] Nueva orden ORD_00834 desde R04
[00:43:26] [INFO   ] Nueva orden ORD_00835 desde R12
[00:43:26] [INFO   ] Nueva orden ORD_00836 desde R02
[00:43:26] [INFO   ] Nueva orden ORD_00837 desde R23
[00:43:26] [INFO   ] Nueva orden ORD_00838 desde R21
[00:43:26] [INFO   ] Nueva orden ORD_00839 desde R13
[00:43:26] [INFO   ] Nueva orden ORD_00840 desde R02
[00:43:26] [INFO   ] Nueva orden ORD_00841 desde R19
[00:43:26] [INFO   ] Nueva orden ORD_00842 desde R02
[00:43:26] [INFO   ] Nueva orden ORD_00843 desde R14
[00:43:26] [INFO   ] Nueva orden ORD_00844 desde R16
[00:43:26] [INFO   ] Nueva orden ORD_00845 desde R10
[00:43:26] [INFO   ] Nueva orden ORD_00846 desde R23
[00:43:26] [INFO   ] Nueva orden ORD_00847 desde R08
[00:43:26] [INFO   ] Nueva orden ORD_00848 desde R09
[00:43:26] [INFO   ] Nueva orden ORD_00849 desde R08
[00:43:26] [INFO   ] Nueva orden ORD_00850 desde R19
[00:43:26] [INFO   ] Nueva orden ORD_00851 desde R17
[00:43:26] [INFO   ] Nueva orden ORD_00852 desde R05
[00:43:26] [INFO   ] Nueva orden ORD_00853 desde R03
[00:43:26] [INFO   ] Nueva orden ORD_00854 desde R14
[00:43:26] [INFO   ] Nueva orden ORD_00855 desde R25
[00:43:26] [INFO   ] Nueva orden ORD_00856 desde R02
[00:43:26] [INFO   ] Nueva orden ORD_00857 desde R11
[00:43:26] [INFO   ] Nueva orden ORD_00858 desde R11
[00:43:26] [INFO   ] Nueva orden ORD_00859 desde R09
[00:43:26] [INFO   ] Nueva orden ORD_00860 desde R12
[00:43:26] [INFO   ] Nueva orden ORD_00861 desde R25
[00:43:26] [INFO   ] Nueva orden ORD_00862 desde R21
[00:43:26] [INFO   ] Nueva orden ORD_00863 desde R02
[00:43:26] [INFO   ] Nueva orden ORD_00864 desde R18
[00:43:26] [INFO   ] Nueva orden ORD_00865 desde R03
[00:43:26] [INFO   ] Nueva orden ORD_00866 desde R02
[00:43:26] [INFO   ] Nueva orden ORD_00867 desde R19
[00:43:27] [INFO   ] Nueva orden ORD_00868 desde R06
[00:43:27] [INFO   ] Nueva orden ORD_00869 desde R07
[00:43:27] [INFO   ] Nueva orden ORD_00870 desde R25
[00:43:27] [INFO   ] Nueva orden ORD_00871 desde R10
[00:43:27] [INFO   ] Nueva orden ORD_00872 desde R11
[00:43:27] [INFO   ] Nueva orden ORD_00873 desde R15
[00:43:27] [INFO   ] Nueva orden ORD_00874 desde R17
[00:43:27] [INFO   ] Nueva orden ORD_00875 desde R24
[00:43:27] [INFO   ] Nueva orden ORD_00876 desde R04
[00:43:27] [INFO   ] Nueva orden ORD_00877 desde R11
[00:43:27] [INFO   ] Nueva orden ORD_00878 desde R21
[00:43:27] [INFO   ] Nueva orden ORD_00879 desde R21
[00:43:27] [INFO   ] Nueva orden ORD_00880 desde R24
[00:43:27] [INFO   ] Nueva orden ORD_00881 desde R23
[00:43:27] [INFO   ] Nueva orden ORD_00882 desde R20
[00:43:27] [INFO   ] Nueva orden ORD_00883 desde R15
[00:43:27] [INFO   ] Nueva orden ORD_00884 desde R13
[00:43:27] [INFO   ] Nueva orden ORD_00885 desde R23
[00:43:27] [INFO   ] Nueva orden ORD_00886 desde R04
[00:43:27] [INFO   ] Nueva orden ORD_00887 desde R11
[00:43:27] [INFO   ] Nueva orden ORD_00888 desde R07
[00:43:27] [INFO   ] Nueva orden ORD_00889 desde R17
[00:43:27] [INFO   ] Nueva orden ORD_00890 desde R21
[00:43:27] [INFO   ] Nueva orden ORD_00891 desde R05
[00:43:27] [INFO   ] Nueva orden ORD_00892 desde R20
[00:43:27] [INFO   ] Nueva orden ORD_00893 desde R15
[00:43:27] [INFO   ] Nueva orden ORD_00894 desde R25
[00:43:27] [INFO   ] Nueva orden ORD_00895 desde R21
[00:43:27] [INFO   ] Nueva orden ORD_00896 desde R01
[00:43:27] [INFO   ] Nueva orden ORD_00897 desde R11
[00:43:27] [INFO   ] Nueva orden ORD_00898 desde R24
[00:43:27] [INFO   ] Nueva orden ORD_00899 desde R23
[00:43:27] [INFO   ] Nueva orden ORD_00900 desde R08
[00:43:27] [INFO   ] Nueva orden ORD_00901 desde R10
[00:43:27] [INFO   ] Nueva orden ORD_00902 desde R22
[00:43:27] [INFO   ] Nueva orden ORD_00903 desde R19
[00:43:27] [INFO   ] Nueva orden ORD_00904 desde R16
[00:43:27] [INFO   ] Nueva orden ORD_00905 desde R19
[00:43:27] [INFO   ] Nueva orden ORD_00906 desde R04
[00:43:27] [INFO   ] Nueva orden ORD_00907 desde R23
[00:43:27] [INFO   ] Nueva orden ORD_00908 desde R04
[00:43:27] [INFO   ] Nueva orden ORD_00909 desde R08
[00:43:27] [INFO   ] Nueva orden ORD_00910 desde R01
[00:43:27] [INFO   ] Nueva orden ORD_00911 desde R21
[00:43:27] [INFO   ] Nueva orden ORD_00912 desde R12
[00:43:27] [INFO   ] Nueva orden ORD_00913 desde R15
[00:43:27] [INFO   ] Nueva orden ORD_00914 desde R13
[00:43:27] [INFO   ] Nueva orden ORD_00915 desde R19
[00:43:27] [INFO   ] Nueva orden ORD_00916 desde R08
[00:43:27] [INFO   ] Nueva orden ORD_00917 desde R25
[00:43:27] [INFO   ] Nueva orden ORD_00918 desde R11
[00:43:27] [INFO   ] Nueva orden ORD_00919 desde R24
[00:43:27] [INFO   ] Nueva orden ORD_00920 desde R13
[00:43:27] [INFO   ] Nueva orden ORD_00921 desde R05
[00:43:27] [INFO   ] Nueva orden ORD_00922 desde R16
[00:43:27] [INFO   ] Nueva orden ORD_00923 desde R07
[00:43:27] [INFO   ] Nueva orden ORD_00924 desde R24
[00:43:27] [INFO   ] Nueva orden ORD_00925 desde R16
[00:43:27] [INFO   ] Nueva orden ORD_00926 desde R03
[00:43:27] [INFO   ] Nueva orden ORD_00927 desde R16
[00:43:28] [INFO   ] Nueva orden ORD_00928 desde R03
[00:43:28] [INFO   ] Nueva orden ORD_00929 desde R15
[00:43:28] [INFO   ] Nueva orden ORD_00930 desde R21
[00:43:28] [INFO   ] Nueva orden ORD_00931 desde R09
[00:43:28] [INFO   ] Nueva orden ORD_00932 desde R21
[00:43:28] [INFO   ] Nueva orden ORD_00933 desde R15
[00:43:28] [INFO   ] Nueva orden ORD_00934 desde R19
[00:43:28] [INFO   ] Nueva orden ORD_00935 desde R20
[00:43:28] [INFO   ] Nueva orden ORD_00936 desde R02
[00:43:28] [INFO   ] Nueva orden ORD_00937 desde R09
[00:43:28] [INFO   ] Nueva orden ORD_00938 desde R21
[00:43:28] [INFO   ] Nueva orden ORD_00939 desde R05
[00:43:28] [INFO   ] Nueva orden ORD_00940 desde R13
[00:43:28] [INFO   ] Nueva orden ORD_00941 desde R20
[00:43:28] [INFO   ] Nueva orden ORD_00942 desde R21
[00:43:28] [INFO   ] Nueva orden ORD_00943 desde R01
[00:43:28] [INFO   ] Nueva orden ORD_00944 desde R16
[00:43:28] [INFO   ] Nueva orden ORD_00945 desde R12
[00:43:28] [INFO   ] Nueva orden ORD_00946 desde R16
[00:43:28] [INFO   ] Nueva orden ORD_00947 desde R14
[00:43:28] [INFO   ] Nueva orden ORD_00948 desde R23
[00:43:28] [INFO   ] Nueva orden ORD_00949 desde R05
[00:43:28] [INFO   ] Nueva orden ORD_00950 desde R06
[00:43:28] [INFO   ] Nueva orden ORD_00951 desde R03
[00:43:28] [INFO   ] Nueva orden ORD_00952 desde R12
[00:43:28] [INFO   ] Nueva orden ORD_00953 desde R21
[00:43:28] [INFO   ] Nueva orden ORD_00954 desde R17
[00:43:28] [INFO   ] Nueva orden ORD_00955 desde R07
[00:43:28] [INFO   ] Nueva orden ORD_00956 desde R04
[00:43:28] [INFO   ] Nueva orden ORD_00957 desde R03
[00:43:28] [INFO   ] Nueva orden ORD_00958 desde R14
[00:43:28] [INFO   ] Nueva orden ORD_00959 desde R03
[00:43:28] [INFO   ] Nueva orden ORD_00960 desde R11
[00:43:28] [INFO   ] Nueva orden ORD_00961 desde R24
[00:43:28] [INFO   ] Nueva orden ORD_00962 desde R13
[00:43:28] [INFO   ] Nueva orden ORD_00963 desde R02
[00:43:28] [INFO   ] Nueva orden ORD_00964 desde R15
[00:43:28] [INFO   ] Nueva orden ORD_00965 desde R25
[00:43:28] [INFO   ] Nueva orden ORD_00966 desde R05
[00:43:28] [INFO   ] Nueva orden ORD_00967 desde R04
[00:43:28] [INFO   ] Nueva orden ORD_00968 desde R20
[00:43:29] [INFO   ] Nueva orden ORD_00969 desde R21
[00:43:29] [INFO   ] Nueva orden ORD_00970 desde R10
[00:43:29] [INFO   ] Nueva orden ORD_00971 desde R03
[00:43:29] [INFO   ] Nueva orden ORD_00972 desde R18
[00:43:29] [INFO   ] Nueva orden ORD_00973 desde R02
[00:43:29] [INFO   ] Nueva orden ORD_00974 desde R15
[00:43:29] [INFO   ] Nueva orden ORD_00975 desde R22
[00:43:29] [INFO   ] Nueva orden ORD_00976 desde R05
[00:43:29] [INFO   ] Nueva orden ORD_00977 desde R11
[00:43:29] [INFO   ] Nueva orden ORD_00978 desde R21
[00:43:29] [INFO   ] Nueva orden ORD_00979 desde R06
[00:43:29] [INFO   ] Nueva orden ORD_00980 desde R14
[00:43:29] [INFO   ] Nueva orden ORD_00981 desde R23
[00:43:29] [INFO   ] Nueva orden ORD_00982 desde R06
[00:43:29] [INFO   ] Nueva orden ORD_00983 desde R12
[00:43:29] [INFO   ] Nueva orden ORD_00984 desde R13
[00:43:29] [INFO   ] Nueva orden ORD_00985 desde R05
[00:43:29] [INFO   ] Nueva orden ORD_00986 desde R04
[00:43:29] [INFO   ] Nueva orden ORD_00987 desde R04
[00:43:29] [INFO   ] Nueva orden ORD_00988 desde R22
[00:43:29] [INFO   ] Nueva orden ORD_00989 desde R21
[00:43:30] [INFO   ] Nueva orden ORD_00990 desde R20
[00:43:30] [INFO   ] Nueva orden ORD_00991 desde R07
[00:43:30] [INFO   ] Nueva orden ORD_00992 desde R04
[00:43:30] [INFO   ] Nueva orden ORD_00993 desde R13
[00:43:30] [INFO   ] Nueva orden ORD_00994 desde R22
[00:43:30] [INFO   ] Nueva orden ORD_00995 desde R25
[00:43:30] [INFO   ] Nueva orden ORD_00996 desde R25
[00:43:30] [INFO   ] Nueva orden ORD_00997 desde R09
[00:43:30] [INFO   ] Nueva orden ORD_00998 desde R16
[00:43:30] [INFO   ] Nueva orden ORD_00999 desde R03
[00:43:30] [INFO   ] Nueva orden ORD_01000 desde R15
[00:43:30] [INFO   ] Nueva orden ORD_01001 desde R19
[00:43:30] [INFO   ] Nueva orden ORD_01002 desde R21
[00:43:30] [INFO   ] Nueva orden ORD_01003 desde R13
[00:43:30] [INFO   ] Nueva orden ORD_01004 desde R04
[00:43:30] [INFO   ] Nueva orden ORD_01005 desde R01
[00:43:30] [INFO   ] Nueva orden ORD_01006 desde R23
[00:43:30] [INFO   ] Nueva orden ORD_01007 desde R08
[00:43:30] [INFO   ] Nueva orden ORD_01008 desde R21
[00:43:30] [INFO   ] Nueva orden ORD_01009 desde R25
[00:43:30] [INFO   ] Nueva orden ORD_01010 desde R15
[00:43:31] [INFO   ] Nueva orden ORD_01011 desde R06
[00:43:31] [INFO   ] Nueva orden ORD_01012 desde R12
[00:43:31] [INFO   ] Nueva orden ORD_01013 desde R22
[00:43:31] [INFO   ] Nueva orden ORD_01014 desde R21
[00:43:31] [INFO   ] Nueva orden ORD_01015 desde R07
[00:43:31] [INFO   ] Nueva orden ORD_01016 desde R13
[00:43:31] [INFO   ] Nueva orden ORD_01017 desde R07
[00:43:31] [INFO   ] Nueva orden ORD_01018 desde R12
[00:43:31] [INFO   ] Nueva orden ORD_01019 desde R02
[00:43:31] [INFO   ] Nueva orden ORD_01020 desde R05
[00:43:31] [INFO   ] Nueva orden ORD_01021 desde R22
[00:43:31] [INFO   ] Nueva orden ORD_01022 desde R03
[00:43:31] [INFO   ] Nueva orden ORD_01023 desde R24
[00:43:31] [INFO   ] Nueva orden ORD_01024 desde R11
[00:43:31] [INFO   ] Nueva orden ORD_01025 desde R10
[00:43:31] [INFO   ] Nueva orden ORD_01026 desde R24
[00:43:31] [INFO   ] Nueva orden ORD_01027 desde R17
[00:43:31] [INFO   ] Nueva orden ORD_01028 desde R16
[00:43:31] [INFO   ] Nueva orden ORD_01029 desde R15
[00:43:31] [INFO   ] Nueva orden ORD_01030 desde R13
[00:43:31] [INFO   ] Nueva orden ORD_01031 desde R21
[00:43:32] [INFO   ] Nueva orden ORD_01032 desde R01
[00:43:32] [INFO   ] Nueva orden ORD_01033 desde R14
[00:43:32] [INFO   ] Nueva orden ORD_01034 desde R02
[00:43:32] [INFO   ] Nueva orden ORD_01035 desde R05
[00:43:32] [INFO   ] Nueva orden ORD_01036 desde R09
[00:43:32] [INFO   ] Nueva orden ORD_01037 desde R23
[00:43:32] [INFO   ] Nueva orden ORD_01038 desde R13
[00:43:32] [INFO   ] Nueva orden ORD_01039 desde R03
[00:43:32] [INFO   ] Nueva orden ORD_01040 desde R24
[00:43:32] [INFO   ] Nueva orden ORD_01041 desde R04
[00:43:32] [INFO   ] Nueva orden ORD_01042 desde R07
[00:43:32] [INFO   ] Nueva orden ORD_01043 desde R05
[00:43:32] [INFO   ] Nueva orden ORD_01044 desde R13
[00:43:32] [INFO   ] Nueva orden ORD_01045 desde R13
[00:43:32] [INFO   ] Nueva orden ORD_01046 desde R02
[00:43:32] [INFO   ] Nueva orden ORD_01047 desde R06
[00:43:32] [INFO   ] Nueva orden ORD_01048 desde R16
[00:43:32] [INFO   ] Nueva orden ORD_01049 desde R23
[00:43:32] [INFO   ] Nueva orden ORD_01050 desde R08
[00:43:32] [INFO   ] Nueva orden ORD_01051 desde R07
[00:43:32] [INFO   ] Nueva orden ORD_01052 desde R22
[00:43:32] [INFO   ] Nueva orden ORD_01053 desde R20
[00:43:32] [INFO   ] Nueva orden ORD_01054 desde R24
[00:43:32] [INFO   ] Nueva orden ORD_01055 desde R10
[00:43:32] [INFO   ] Nueva orden ORD_01056 desde R12
[00:43:33] [INFO   ] Nueva orden ORD_01057 desde R11
[00:43:33] [INFO   ] Nueva orden ORD_01058 desde R15
[00:43:33] [INFO   ] Nueva orden ORD_01059 desde R09
[00:43:33] [INFO   ] Nueva orden ORD_01060 desde R16
[00:43:33] [INFO   ] Nueva orden ORD_01061 desde R02
[00:43:33] [INFO   ] Nueva orden ORD_01062 desde R09
[00:43:33] [INFO   ] Nueva orden ORD_01063 desde R01
[00:43:33] [INFO   ] Nueva orden ORD_01064 desde R19
[00:43:33] [INFO   ] VousCommandez cerrado.
