[18:15:01] [INFO   ] Logger inicializado — VousCommandez
[18:15:01] [INFO   ] Iniciando VousCommandez...
[18:15:01] [INFO   ] Grafo cargado: 78 nodos, 290 aristas
[18:15:01] [INFO   ] Verificando nodos de dealers...
[18:15:01] [INFO   ] Simulator configurado. Iniciando render...
[18:15:01] [INFO   ] RendererSFML inicializado — ventana 1280x720
[18:15:01] [INFO   ] Nueva orden ORD_00001 desde R18
[18:15:02] [INFO   ] Nueva orden ORD_00002 desde R25
[18:15:02] [INFO   ] Nueva orden ORD_00003 desde R02
[18:15:02] [INFO   ] Nueva orden ORD_00004 desde R05
[18:15:02] [INFO   ] Nueva orden ORD_00005 desde R14
[18:15:02] [INFO   ] Nueva orden ORD_00006 desde R12
[18:15:02] [INFO   ] Nueva orden ORD_00007 desde R01
[18:15:02] [INFO   ] Nueva orden ORD_00008 desde R05
[18:15:02] [INFO   ] Nueva orden ORD_00009 desde R15
[18:15:03] [INFO   ] Nueva orden ORD_00010 desde R11
[18:15:03] [INFO   ] Nueva orden ORD_00011 desde R17
[18:15:03] [INFO   ] Nueva orden ORD_00012 desde R23
[18:15:03] [INFO   ] Nueva orden ORD_00013 desde R16
[18:15:03] [INFO   ] Nueva orden ORD_00014 desde R10
[18:15:03] [INFO   ] Nueva orden ORD_00015 desde R08
[18:15:04] [INFO   ] Nueva orden ORD_00016 desde R23
[18:15:04] [INFO   ] Nueva orden ORD_00017 desde R19
[18:15:04] [INFO   ] Nueva orden ORD_00018 desde R25
[18:15:04] [INFO   ] Nueva orden ORD_00019 desde R15
[18:15:04] [INFO   ] Nueva orden ORD_00020 desde R10
[18:15:04] [INFO   ] Nueva orden ORD_00021 desde R22
[18:15:05] [INFO   ] Nueva orden ORD_00022 desde R06
[18:15:05] [INFO   ] Nueva orden ORD_00023 desde R25
[18:15:05] [INFO   ] Nueva orden ORD_00024 desde R14
[18:15:05] [INFO   ] Nueva orden ORD_00025 desde R10
[18:15:05] [INFO   ] Nueva orden ORD_00026 desde R01
[18:15:05] [INFO   ] Nueva orden ORD_00027 desde R25
[18:15:06] [INFO   ] Nueva orden ORD_00028 desde R17
[18:15:06] [INFO   ] Nueva orden ORD_00029 desde R19
[18:15:06] [INFO   ] Nueva orden ORD_00030 desde R14
[18:15:06] [INFO   ] Nueva orden ORD_00031 desde R20
[18:15:06] [INFO   ] Nueva orden ORD_00032 desde R22
[18:15:06] [INFO   ] Nueva orden ORD_00033 desde R07
[18:15:07] [INFO   ] Nueva orden ORD_00034 desde R10
[18:15:07] [INFO   ] Nueva orden ORD_00035 desde R01
[18:15:07] [INFO   ] Nueva orden ORD_00036 desde R24
[18:15:07] [INFO   ] Nueva orden ORD_00037 desde R14
[18:15:07] [INFO   ] Nueva orden ORD_00038 desde R15
[18:15:07] [INFO   ] Nueva orden ORD_00039 desde R20
[18:15:07] [INFO   ] Nueva orden ORD_00040 desde R10
[18:15:07] [INFO   ] Nueva orden ORD_00041 desde R25
[18:15:07] [INFO   ] Nueva orden ORD_00042 desde R06
[18:15:07] [INFO   ] Nueva orden ORD_00043 desde R08
[18:15:07] [INFO   ] Nueva orden ORD_00044 desde R19
[18:15:07] [INFO   ] Nueva orden ORD_00045 desde R07
[18:15:07] [INFO   ] Nueva orden ORD_00046 desde R19
[18:15:07] [INFO   ] Nueva orden ORD_00047 desde R17
[18:15:07] [INFO   ] Nueva orden ORD_00048 desde R18
[18:15:07] [INFO   ] Nueva orden ORD_00049 desde R08
[18:15:07] [INFO   ] Nueva orden ORD_00050 desde R15
[18:15:07] [INFO   ] Nueva orden ORD_00051 desde R10
[18:15:07] [INFO   ] Nueva orden ORD_00052 desde R05
[18:15:07] [INFO   ] Nueva orden ORD_00053 desde R05
[18:15:07] [INFO   ] Nueva orden ORD_00054 desde R23
[18:15:07] [INFO   ] Nueva orden ORD_00055 desde R20
[18:15:08] [INFO   ] Nueva orden ORD_00056 desde R07
[18:15:08] [INFO   ] Nueva orden ORD_00057 desde R21
[18:15:08] [INFO   ] Nueva orden ORD_00058 desde R11
[18:15:08] [INFO   ] Nueva orden ORD_00059 desde R06
[18:15:08] [INFO   ] Nueva orden ORD_00060 desde R12
[18:15:08] [INFO   ] Nueva orden ORD_00061 desde R13
[18:15:08] [INFO   ] Nueva orden ORD_00062 desde R07
[18:15:08] [INFO   ] Nueva orden ORD_00063 desde R09
[18:15:08] [INFO   ] Nueva orden ORD_00064 desde R19
[18:15:08] [INFO   ] Nueva orden ORD_00065 desde R03
[18:15:08] [INFO   ] Nueva orden ORD_00066 desde R05
[18:15:08] [INFO   ] Nueva orden ORD_00067 desde R25
[18:15:08] [INFO   ] Nueva orden ORD_00068 desde R12
[18:15:08] [INFO   ] Nueva orden ORD_00069 desde R09
[18:15:08] [INFO   ] Nueva orden ORD_00070 desde R12
[18:15:08] [INFO   ] Nueva orden ORD_00071 desde R12
[18:15:08] [INFO   ] Nueva orden ORD_00072 desde R06
[18:15:08] [INFO   ] Nueva orden ORD_00073 desde R11
[18:15:08] [INFO   ] Nueva orden ORD_00074 desde R21
[18:15:08] [INFO   ] Nueva orden ORD_00075 desde R18
[18:15:08] [INFO   ] Nueva orden ORD_00076 desde R18
[18:15:08] [INFO   ] Nueva orden ORD_00077 desde R09
[18:15:08] [INFO   ] Nueva orden ORD_00078 desde R15
[18:15:08] [INFO   ] Nueva orden ORD_00079 desde R01
[18:15:08] [INFO   ] Nueva orden ORD_00080 desde R04
[18:15:08] [INFO   ] Nueva orden ORD_00081 desde R01
[18:15:08] [INFO   ] Nueva orden ORD_00082 desde R14
[18:15:08] [INFO   ] Nueva orden ORD_00083 desde R15
[18:15:08] [INFO   ] Nueva orden ORD_00084 desde R13
[18:15:08] [INFO   ] Nueva orden ORD_00085 desde R18
[18:15:09] [INFO   ] Nueva orden ORD_00086 desde R20
[18:15:09] [INFO   ] Nueva orden ORD_00087 desde R08
[18:15:09] [INFO   ] Nueva orden ORD_00088 desde R22
[18:15:09] [INFO   ] Nueva orden ORD_00089 desde R22
[18:15:09] [INFO   ] Nueva orden ORD_00090 desde R07
[18:15:09] [INFO   ] Nueva orden ORD_00091 desde R11
[18:15:09] [INFO   ] Nueva orden ORD_00092 desde R05
[18:15:09] [INFO   ] Nueva orden ORD_00093 desde R25
[18:15:09] [INFO   ] Nueva orden ORD_00094 desde R25
[18:15:09] [INFO   ] Nueva orden ORD_00095 desde R14
[18:15:09] [INFO   ] Nueva orden ORD_00096 desde R20
[18:15:09] [INFO   ] Nueva orden ORD_00097 desde R02
[18:15:09] [INFO   ] Nueva orden ORD_00098 desde R02
[18:15:09] [INFO   ] Nueva orden ORD_00099 desde R05
[18:15:09] [INFO   ] Nueva orden ORD_00100 desde R24
[18:15:09] [INFO   ] Nueva orden ORD_00101 desde R24
[18:15:09] [INFO   ] Nueva orden ORD_00102 desde R10
[18:15:09] [INFO   ] Nueva orden ORD_00103 desde R06
[18:15:09] [INFO   ] Nueva orden ORD_00104 desde R24
[18:15:09] [INFO   ] Nueva orden ORD_00105 desde R03
[18:15:09] [INFO   ] Nueva orden ORD_00106 desde R16
[18:15:09] [INFO   ] Nueva orden ORD_00107 desde R21
[18:15:09] [INFO   ] Nueva orden ORD_00108 desde R19
[18:15:09] [INFO   ] Nueva orden ORD_00109 desde R24
[18:15:09] [INFO   ] Nueva orden ORD_00110 desde R13
[18:15:09] [INFO   ] Nueva orden ORD_00111 desde R14
[18:15:09] [INFO   ] Nueva orden ORD_00112 desde R15
[18:15:09] [INFO   ] Nueva orden ORD_00113 desde R24
[18:15:09] [INFO   ] Nueva orden ORD_00114 desde R19
[18:15:09] [INFO   ] Nueva orden ORD_00115 desde R21
[18:15:10] [INFO   ] Nueva orden ORD_00116 desde R11
[18:15:10] [INFO   ] Nueva orden ORD_00117 desde R11
[18:15:10] [INFO   ] Nueva orden ORD_00118 desde R18
[18:15:10] [INFO   ] Nueva orden ORD_00119 desde R18
[18:15:10] [INFO   ] Nueva orden ORD_00120 desde R18
[18:15:10] [INFO   ] Nueva orden ORD_00121 desde R02
[18:15:10] [INFO   ] Nueva orden ORD_00122 desde R08
[18:15:10] [INFO   ] Nueva orden ORD_00123 desde R09
[18:15:10] [INFO   ] Nueva orden ORD_00124 desde R16
[18:15:10] [INFO   ] Nueva orden ORD_00125 desde R01
[18:15:10] [INFO   ] Nueva orden ORD_00126 desde R12
[18:15:10] [INFO   ] Nueva orden ORD_00127 desde R06
[18:15:10] [INFO   ] Nueva orden ORD_00128 desde R01
[18:15:10] [INFO   ] Nueva orden ORD_00129 desde R07
[18:15:10] [INFO   ] Nueva orden ORD_00130 desde R06
[18:15:10] [INFO   ] Nueva orden ORD_00131 desde R16
[18:15:10] [INFO   ] Nueva orden ORD_00132 desde R05
[18:15:10] [INFO   ] Nueva orden ORD_00133 desde R07
[18:15:10] [INFO   ] Nueva orden ORD_00134 desde R10
[18:15:10] [INFO   ] Nueva orden ORD_00135 desde R08
[18:15:10] [INFO   ] Nueva orden ORD_00136 desde R04
[18:15:10] [INFO   ] Nueva orden ORD_00137 desde R01
[18:15:10] [INFO   ] Nueva orden ORD_00138 desde R21
[18:15:10] [INFO   ] Nueva orden ORD_00139 desde R24
[18:15:10] [INFO   ] Nueva orden ORD_00140 desde R16
[18:15:10] [INFO   ] Nueva orden ORD_00141 desde R16
[18:15:10] [INFO   ] Nueva orden ORD_00142 desde R18
[18:15:11] [INFO   ] Nueva orden ORD_00143 desde R14
[18:15:11] [INFO   ] Nueva orden ORD_00144 desde R22
[18:15:11] [INFO   ] Nueva orden ORD_00145 desde R07
[18:15:11] [INFO   ] Nueva orden ORD_00146 desde R23
[18:15:11] [INFO   ] Nueva orden ORD_00147 desde R05
[18:15:11] [INFO   ] Nueva orden ORD_00148 desde R05
[18:15:11] [INFO   ] Nueva orden ORD_00149 desde R06
[18:15:11] [INFO   ] Nueva orden ORD_00150 desde R13
[18:15:11] [INFO   ] Nueva orden ORD_00151 desde R04
[18:15:11] [INFO   ] Nueva orden ORD_00152 desde R02
[18:15:11] [INFO   ] Nueva orden ORD_00153 desde R14
[18:15:11] [INFO   ] Nueva orden ORD_00154 desde R24
[18:15:11] [INFO   ] Nueva orden ORD_00155 desde R11
[18:15:11] [INFO   ] Nueva orden ORD_00156 desde R12
[18:15:11] [INFO   ] Nueva orden ORD_00157 desde R17
[18:15:11] [INFO   ] Nueva orden ORD_00158 desde R09
[18:15:11] [INFO   ] Nueva orden ORD_00159 desde R20
[18:15:11] [INFO   ] Nueva orden ORD_00160 desde R14
[18:15:11] [INFO   ] Nueva orden ORD_00161 desde R09
[18:15:11] [INFO   ] Nueva orden ORD_00162 desde R01
[18:15:11] [INFO   ] Nueva orden ORD_00163 desde R08
[18:15:11] [INFO   ] Nueva orden ORD_00164 desde R01
[18:15:11] [INFO   ] Nueva orden ORD_00165 desde R12
[18:15:11] [INFO   ] Nueva orden ORD_00166 desde R02
[18:15:12] [INFO   ] Nueva orden ORD_00167 desde R19
[18:15:12] [INFO   ] Nueva orden ORD_00168 desde R21
[18:15:12] [INFO   ] Nueva orden ORD_00169 desde R04
[18:15:12] [INFO   ] Nueva orden ORD_00170 desde R16
[18:15:12] [INFO   ] Nueva orden ORD_00171 desde R23
[18:15:12] [INFO   ] Nueva orden ORD_00172 desde R18
[18:15:12] [INFO   ] Nueva orden ORD_00173 desde R12
[18:15:12] [INFO   ] Nueva orden ORD_00174 desde R11
[18:15:12] [INFO   ] Nueva orden ORD_00175 desde R23
[18:15:12] [INFO   ] Nueva orden ORD_00176 desde R08
[18:15:12] [INFO   ] Nueva orden ORD_00177 desde R12
[18:15:12] [INFO   ] Nueva orden ORD_00178 desde R19
[18:15:12] [INFO   ] Nueva orden ORD_00179 desde R21
[18:15:12] [INFO   ] Nueva orden ORD_00180 desde R22
[18:15:12] [INFO   ] Nueva orden ORD_00181 desde R21
[18:15:12] [INFO   ] Nueva orden ORD_00182 desde R07
[18:15:12] [INFO   ] Nueva orden ORD_00183 desde R15
[18:15:12] [INFO   ] Nueva orden ORD_00184 desde R03
[18:15:12] [INFO   ] Nueva orden ORD_00185 desde R20
[18:15:12] [INFO   ] Nueva orden ORD_00186 desde R11
[18:15:12] [INFO   ] Nueva orden ORD_00187 desde R05
[18:15:12] [INFO   ] Nueva orden ORD_00188 desde R05
[18:15:12] [INFO   ] Nueva orden ORD_00189 desde R01
[18:15:12] [INFO   ] Nueva orden ORD_00190 desde R14
[18:15:12] [INFO   ] Nueva orden ORD_00191 desde R07
[18:15:12] [INFO   ] Nueva orden ORD_00192 desde R18
[18:15:12] [INFO   ] Nueva orden ORD_00193 desde R23
[18:15:13] [INFO   ] Nueva orden ORD_00194 desde R25
[18:15:13] [INFO   ] Nueva orden ORD_00195 desde R18
[18:15:13] [INFO   ] Nueva orden ORD_00196 desde R05
[18:15:13] [INFO   ] Nueva orden ORD_00197 desde R04
[18:15:13] [INFO   ] Nueva orden ORD_00198 desde R08
[18:15:13] [INFO   ] Nueva orden ORD_00199 desde R24
[18:15:13] [INFO   ] Nueva orden ORD_00200 desde R05
[18:15:13] [INFO   ] Nueva orden ORD_00201 desde R23
[18:15:13] [INFO   ] Nueva orden ORD_00202 desde R19
[18:15:13] [INFO   ] Nueva orden ORD_00203 desde R13
[18:15:13] [INFO   ] Nueva orden ORD_00204 desde R01
[18:15:13] [INFO   ] Nueva orden ORD_00205 desde R21
[18:15:13] [INFO   ] Nueva orden ORD_00206 desde R10
[18:15:13] [INFO   ] Nueva orden ORD_00207 desde R02
[18:15:13] [INFO   ] Nueva orden ORD_00208 desde R09
[18:15:13] [INFO   ] Nueva orden ORD_00209 desde R06
[18:15:13] [INFO   ] Nueva orden ORD_00210 desde R25
[18:15:13] [INFO   ] Nueva orden ORD_00211 desde R08
[18:15:13] [INFO   ] Nueva orden ORD_00212 desde R07
[18:15:13] [INFO   ] Nueva orden ORD_00213 desde R08
[18:15:13] [INFO   ] Nueva orden ORD_00214 desde R01
[18:15:13] [INFO   ] Nueva orden ORD_00215 desde R02
[18:15:13] [INFO   ] Nueva orden ORD_00216 desde R21
[18:15:13] [INFO   ] Nueva orden ORD_00217 desde R07
[18:15:13] [INFO   ] Nueva orden ORD_00218 desde R07
[18:15:13] [INFO   ] Nueva orden ORD_00219 desde R20
[18:15:13] [INFO   ] Nueva orden ORD_00220 desde R22
[18:15:13] [INFO   ] Nueva orden ORD_00221 desde R11
[18:15:13] [INFO   ] Nueva orden ORD_00222 desde R10
[18:15:13] [INFO   ] Nueva orden ORD_00223 desde R20
[18:15:13] [INFO   ] Nueva orden ORD_00224 desde R08
[18:15:13] [INFO   ] Nueva orden ORD_00225 desde R19
[18:15:13] [INFO   ] Nueva orden ORD_00226 desde R23
[18:15:13] [INFO   ] Nueva orden ORD_00227 desde R24
[18:15:13] [INFO   ] Nueva orden ORD_00228 desde R12
[18:15:13] [INFO   ] Nueva orden ORD_00229 desde R16
[18:15:13] [INFO   ] Nueva orden ORD_00230 desde R04
[18:15:13] [INFO   ] Nueva orden ORD_00231 desde R13
[18:15:13] [INFO   ] Nueva orden ORD_00232 desde R22
[18:15:13] [INFO   ] Nueva orden ORD_00233 desde R18
[18:15:13] [INFO   ] Nueva orden ORD_00234 desde R03
[18:15:13] [INFO   ] Nueva orden ORD_00235 desde R19
[18:15:13] [INFO   ] Nueva orden ORD_00236 desde R13
[18:15:13] [INFO   ] Nueva orden ORD_00237 desde R15
[18:15:13] [INFO   ] Nueva orden ORD_00238 desde R05
[18:15:13] [INFO   ] Nueva orden ORD_00239 desde R24
[18:15:13] [INFO   ] Nueva orden ORD_00240 desde R12
[18:15:14] [INFO   ] Nueva orden ORD_00241 desde R08
[18:15:14] [INFO   ] Nueva orden ORD_00242 desde R04
[18:15:14] [INFO   ] Nueva orden ORD_00243 desde R08
[18:15:14] [INFO   ] Nueva orden ORD_00244 desde R16
[18:15:14] [INFO   ] Nueva orden ORD_00245 desde R20
[18:15:14] [INFO   ] Nueva orden ORD_00246 desde R21
[18:15:14] [INFO   ] Nueva orden ORD_00247 desde R23
[18:15:14] [INFO   ] Nueva orden ORD_00248 desde R01
[18:15:14] [INFO   ] Nueva orden ORD_00249 desde R23
[18:15:14] [INFO   ] Nueva orden ORD_00250 desde R23
[18:15:14] [INFO   ] Nueva orden ORD_00251 desde R20
[18:15:14] [INFO   ] Nueva orden ORD_00252 desde R07
[18:15:14] [INFO   ] Nueva orden ORD_00253 desde R17
[18:15:14] [INFO   ] Nueva orden ORD_00254 desde R08
[18:15:14] [INFO   ] Nueva orden ORD_00255 desde R04
[18:15:14] [INFO   ] Nueva orden ORD_00256 desde R06
[18:15:14] [INFO   ] Nueva orden ORD_00257 desde R16
[18:15:14] [INFO   ] Nueva orden ORD_00258 desde R16
[18:15:14] [INFO   ] Nueva orden ORD_00259 desde R23
[18:15:14] [INFO   ] Nueva orden ORD_00260 desde R02
[18:15:14] [INFO   ] Nueva orden ORD_00261 desde R11
[18:15:14] [INFO   ] Nueva orden ORD_00262 desde R04
[18:15:14] [INFO   ] Nueva orden ORD_00263 desde R08
[18:15:14] [INFO   ] Nueva orden ORD_00264 desde R20
[18:15:14] [INFO   ] Nueva orden ORD_00265 desde R07
[18:15:14] [INFO   ] Nueva orden ORD_00266 desde R24
[18:15:14] [INFO   ] Nueva orden ORD_00267 desde R08
[18:15:14] [INFO   ] Nueva orden ORD_00268 desde R02
[18:15:14] [INFO   ] Nueva orden ORD_00269 desde R02
[18:15:14] [INFO   ] Nueva orden ORD_00270 desde R06
[18:15:14] [INFO   ] Nueva orden ORD_00271 desde R13
[18:15:14] [INFO   ] Nueva orden ORD_00272 desde R02
[18:15:14] [INFO   ] Nueva orden ORD_00273 desde R05
[18:15:14] [INFO   ] Nueva orden ORD_00274 desde R18
[18:15:14] [INFO   ] Nueva orden ORD_00275 desde R03
[18:15:14] [INFO   ] Nueva orden ORD_00276 desde R14
[18:15:14] [INFO   ] Nueva orden ORD_00277 desde R25
[18:15:14] [INFO   ] Nueva orden ORD_00278 desde R24
[18:15:14] [INFO   ] Nueva orden ORD_00279 desde R17
[18:15:14] [INFO   ] Nueva orden ORD_00280 desde R06
[18:15:14] [INFO   ] Nueva orden ORD_00281 desde R25
[18:15:14] [INFO   ] Nueva orden ORD_00282 desde R03
[18:15:14] [INFO   ] Nueva orden ORD_00283 desde R11
[18:15:14] [INFO   ] Nueva orden ORD_00284 desde R11
[18:15:14] [INFO   ] Nueva orden ORD_00285 desde R09
[18:15:14] [INFO   ] Nueva orden ORD_00286 desde R19
[18:15:14] [INFO   ] Nueva orden ORD_00287 desde R06
[18:15:14] [INFO   ] Nueva orden ORD_00288 desde R15
[18:15:14] [INFO   ] Nueva orden ORD_00289 desde R03
[18:15:14] [INFO   ] Nueva orden ORD_00290 desde R02
[18:15:14] [INFO   ] Nueva orden ORD_00291 desde R01
[18:15:14] [INFO   ] Nueva orden ORD_00292 desde R24
[18:15:14] [INFO   ] Nueva orden ORD_00293 desde R13
[18:15:14] [INFO   ] Nueva orden ORD_00294 desde R04
[18:15:14] [INFO   ] Nueva orden ORD_00295 desde R15
[18:15:14] [INFO   ] Nueva orden ORD_00296 desde R12
[18:15:14] [INFO   ] Nueva orden ORD_00297 desde R18
[18:15:14] [INFO   ] Nueva orden ORD_00298 desde R14
[18:15:14] [INFO   ] Nueva orden ORD_00299 desde R25
[18:15:14] [INFO   ] Nueva orden ORD_00300 desde R10
[18:15:15] [INFO   ] Nueva orden ORD_00301 desde R09
[18:15:15] [INFO   ] Nueva orden ORD_00302 desde R16
[18:15:15] [INFO   ] Nueva orden ORD_00303 desde R09
[18:15:15] [INFO   ] Nueva orden ORD_00304 desde R05
[18:15:15] [INFO   ] Nueva orden ORD_00305 desde R15
[18:15:15] [INFO   ] Nueva orden ORD_00306 desde R23
[18:15:15] [INFO   ] Nueva orden ORD_00307 desde R13
[18:15:15] [INFO   ] Nueva orden ORD_00308 desde R19
[18:15:15] [INFO   ] Nueva orden ORD_00309 desde R04
[18:15:15] [INFO   ] Nueva orden ORD_00310 desde R12
[18:15:15] [INFO   ] Nueva orden ORD_00311 desde R25
[18:15:15] [INFO   ] Nueva orden ORD_00312 desde R02
[18:15:15] [INFO   ] Nueva orden ORD_00313 desde R18
[18:15:15] [INFO   ] Nueva orden ORD_00314 desde R20
[18:15:15] [INFO   ] Nueva orden ORD_00315 desde R21
[18:15:15] [INFO   ] Nueva orden ORD_00316 desde R23
[18:15:15] [INFO   ] Nueva orden ORD_00317 desde R03
[18:15:15] [INFO   ] Nueva orden ORD_00318 desde R02
[18:15:15] [INFO   ] Nueva orden ORD_00319 desde R06
[18:15:15] [INFO   ] Nueva orden ORD_00320 desde R23
[18:15:15] [INFO   ] Nueva orden ORD_00321 desde R21
[18:15:15] [INFO   ] Nueva orden ORD_00322 desde R05
[18:15:15] [INFO   ] Nueva orden ORD_00323 desde R23
[18:15:15] [INFO   ] Nueva orden ORD_00324 desde R15
[18:15:15] [INFO   ] Nueva orden ORD_00325 desde R24
[18:15:15] [INFO   ] Nueva orden ORD_00326 desde R16
[18:15:15] [INFO   ] Nueva orden ORD_00327 desde R12
[18:15:15] [INFO   ] Nueva orden ORD_00328 desde R08
[18:15:15] [INFO   ] Nueva orden ORD_00329 desde R15
[18:15:15] [INFO   ] Nueva orden ORD_00330 desde R13
[18:15:15] [INFO   ] Nueva orden ORD_00331 desde R16
[18:15:15] [INFO   ] Nueva orden ORD_00332 desde R01
[18:15:15] [INFO   ] Nueva orden ORD_00333 desde R24
[18:15:15] [INFO   ] Nueva orden ORD_00334 desde R01
[18:15:15] [INFO   ] Nueva orden ORD_00335 desde R01
[18:15:15] [INFO   ] Nueva orden ORD_00336 desde R03
[18:15:15] [INFO   ] Nueva orden ORD_00337 desde R09
[18:15:15] [INFO   ] Nueva orden ORD_00338 desde R18
[18:15:16] [INFO   ] Nueva orden ORD_00339 desde R15
[18:15:16] [INFO   ] Nueva orden ORD_00340 desde R12
[18:15:16] [INFO   ] Nueva orden ORD_00341 desde R01
[18:15:16] [INFO   ] Nueva orden ORD_00342 desde R14
[18:15:16] [INFO   ] Nueva orden ORD_00343 desde R03
[18:15:16] [INFO   ] Nueva orden ORD_00344 desde R22
[18:15:16] [INFO   ] Nueva orden ORD_00345 desde R05
[18:15:16] [INFO   ] Nueva orden ORD_00346 desde R06
[18:15:16] [INFO   ] Nueva orden ORD_00347 desde R05
[18:15:16] [INFO   ] Nueva orden ORD_00348 desde R18
[18:15:16] [INFO   ] Nueva orden ORD_00349 desde R20
[18:15:16] [INFO   ] Nueva orden ORD_00350 desde R03
[18:15:16] [INFO   ] Nueva orden ORD_00351 desde R12
[18:15:16] [INFO   ] Nueva orden ORD_00352 desde R06
[18:15:16] [INFO   ] Nueva orden ORD_00353 desde R12
[18:15:16] [INFO   ] Nueva orden ORD_00354 desde R20
[18:15:16] [INFO   ] Nueva orden ORD_00355 desde R16
[18:15:16] [INFO   ] Nueva orden ORD_00356 desde R01
[18:15:16] [INFO   ] Nueva orden ORD_00357 desde R04
[18:15:16] [INFO   ] Nueva orden ORD_00358 desde R12
[18:15:16] [INFO   ] Nueva orden ORD_00359 desde R23
[18:15:17] [INFO   ] Nueva orden ORD_00360 desde R17
[18:15:17] [INFO   ] Nueva orden ORD_00361 desde R07
[18:15:17] [INFO   ] Nueva orden ORD_00362 desde R10
[18:15:17] [INFO   ] Nueva orden ORD_00363 desde R19
[18:15:17] [INFO   ] Nueva orden ORD_00364 desde R09
[18:15:17] [INFO   ] Nueva orden ORD_00365 desde R25
[18:15:17] [INFO   ] Nueva orden ORD_00366 desde R06
[18:15:17] [INFO   ] Nueva orden ORD_00367 desde R04
[18:15:17] [INFO   ] Nueva orden ORD_00368 desde R03
[18:15:17] [INFO   ] Nueva orden ORD_00369 desde R13
[18:15:17] [INFO   ] Nueva orden ORD_00370 desde R08
[18:15:17] [INFO   ] Nueva orden ORD_00371 desde R15
[18:15:17] [INFO   ] Nueva orden ORD_00372 desde R17
[18:15:17] [INFO   ] Nueva orden ORD_00373 desde R15
[18:15:17] [INFO   ] Nueva orden ORD_00374 desde R16
[18:15:17] [INFO   ] Nueva orden ORD_00375 desde R21
[18:15:17] [INFO   ] Nueva orden ORD_00376 desde R20
[18:15:17] [INFO   ] Nueva orden ORD_00377 desde R13
[18:15:17] [INFO   ] Nueva orden ORD_00378 desde R18
[18:15:17] [INFO   ] Nueva orden ORD_00379 desde R08
[18:15:17] [INFO   ] Nueva orden ORD_00380 desde R06
[18:15:18] [INFO   ] Nueva orden ORD_00381 desde R24
[18:15:18] [INFO   ] Nueva orden ORD_00382 desde R18
[18:15:18] [INFO   ] Nueva orden ORD_00383 desde R03
[18:15:18] [INFO   ] Nueva orden ORD_00384 desde R06
[18:15:18] [INFO   ] Nueva orden ORD_00385 desde R22
[18:15:18] [INFO   ] Nueva orden ORD_00386 desde R21
[18:15:18] [INFO   ] Nueva orden ORD_00387 desde R15
[18:15:18] [INFO   ] Nueva orden ORD_00388 desde R04
[18:15:18] [INFO   ] Nueva orden ORD_00389 desde R13
[18:15:18] [INFO   ] Nueva orden ORD_00390 desde R08
[18:15:18] [INFO   ] Nueva orden ORD_00391 desde R25
[18:15:18] [INFO   ] Nueva orden ORD_00392 desde R12
[18:15:18] [INFO   ] Nueva orden ORD_00393 desde R09
[18:15:18] [INFO   ] Nueva orden ORD_00394 desde R13
[18:15:18] [INFO   ] Nueva orden ORD_00395 desde R16
[18:15:18] [INFO   ] Nueva orden ORD_00396 desde R22
[18:15:18] [INFO   ] Nueva orden ORD_00397 desde R09
[18:15:18] [INFO   ] Nueva orden ORD_00398 desde R20
[18:15:18] [INFO   ] Nueva orden ORD_00399 desde R10
[18:15:18] [INFO   ] Nueva orden ORD_00400 desde R23
[18:15:18] [INFO   ] Nueva orden ORD_00401 desde R07
[18:15:19] [INFO   ] Nueva orden ORD_00402 desde R05
[18:15:19] [INFO   ] Nueva orden ORD_00403 desde R25
[18:15:19] [INFO   ] Nueva orden ORD_00404 desde R08
[18:15:19] [INFO   ] Nueva orden ORD_00405 desde R06
[18:15:19] [INFO   ] Nueva orden ORD_00406 desde R07
[18:15:19] [INFO   ] Nueva orden ORD_00407 desde R25
[18:15:19] [INFO   ] Nueva orden ORD_00408 desde R08
[18:15:19] [INFO   ] Nueva orden ORD_00409 desde R24
[18:15:19] [INFO   ] Nueva orden ORD_00410 desde R05
[18:15:19] [INFO   ] Nueva orden ORD_00411 desde R08
[18:15:19] [INFO   ] Nueva orden ORD_00412 desde R03
[18:15:19] [INFO   ] Nueva orden ORD_00413 desde R16
[18:15:19] [INFO   ] Nueva orden ORD_00414 desde R08
[18:15:19] [INFO   ] Nueva orden ORD_00415 desde R06
[18:15:19] [INFO   ] Nueva orden ORD_00416 desde R10
[18:15:19] [INFO   ] Nueva orden ORD_00417 desde R16
[18:15:19] [INFO   ] Nueva orden ORD_00418 desde R01
[18:15:19] [INFO   ] Nueva orden ORD_00419 desde R12
[18:15:19] [INFO   ] Nueva orden ORD_00420 desde R01
[18:15:19] [INFO   ] Nueva orden ORD_00421 desde R20
[18:15:19] [INFO   ] Nueva orden ORD_00422 desde R07
[18:15:19] [INFO   ] Nueva orden ORD_00423 desde R22
[18:15:19] [INFO   ] Nueva orden ORD_00424 desde R14
[18:15:19] [INFO   ] Nueva orden ORD_00425 desde R14
[18:15:19] [INFO   ] Nueva orden ORD_00426 desde R02
[18:15:19] [INFO   ] Nueva orden ORD_00427 desde R06
[18:15:20] [INFO   ] Nueva orden ORD_00428 desde R22
[18:15:20] [INFO   ] Nueva orden ORD_00429 desde R16
[18:15:20] [INFO   ] Nueva orden ORD_00430 desde R05
[18:15:20] [INFO   ] Nueva orden ORD_00431 desde R03
[18:15:20] [INFO   ] Nueva orden ORD_00432 desde R06
[18:15:20] [INFO   ] Nueva orden ORD_00433 desde R03
[18:15:20] [INFO   ] Nueva orden ORD_00434 desde R11
[18:15:20] [INFO   ] Nueva orden ORD_00435 desde R06
[18:15:20] [INFO   ] Nueva orden ORD_00436 desde R25
[18:15:20] [INFO   ] Nueva orden ORD_00437 desde R10
[18:15:20] [INFO   ] Nueva orden ORD_00438 desde R23
[18:15:20] [INFO   ] Nueva orden ORD_00439 desde R06
[18:15:20] [INFO   ] Nueva orden ORD_00440 desde R07
[18:15:20] [INFO   ] Nueva orden ORD_00441 desde R12
[18:15:20] [INFO   ] Nueva orden ORD_00442 desde R08
[18:15:20] [INFO   ] Nueva orden ORD_00443 desde R04
[18:15:20] [INFO   ] Nueva orden ORD_00444 desde R24
[18:15:20] [INFO   ] Nueva orden ORD_00445 desde R20
[18:15:20] [INFO   ] Nueva orden ORD_00446 desde R04
[18:15:20] [INFO   ] Nueva orden ORD_00447 desde R19
[18:15:20] [INFO   ] Nueva orden ORD_00448 desde R13
[18:15:20] [INFO   ] Nueva orden ORD_00449 desde R20
[18:15:20] [INFO   ] Nueva orden ORD_00450 desde R01
[18:15:20] [INFO   ] Nueva orden ORD_00451 desde R09
[18:15:20] [INFO   ] Nueva orden ORD_00452 desde R11
[18:15:20] [INFO   ] Nueva orden ORD_00453 desde R17
[18:15:20] [INFO   ] Nueva orden ORD_00454 desde R13
[18:15:20] [INFO   ] Nueva orden ORD_00455 desde R16
[18:15:20] [INFO   ] Nueva orden ORD_00456 desde R08
[18:15:20] [INFO   ] Nueva orden ORD_00457 desde R20
[18:15:20] [INFO   ] Nueva orden ORD_00458 desde R21
[18:15:20] [INFO   ] Nueva orden ORD_00459 desde R19
[18:15:20] [INFO   ] Nueva orden ORD_00460 desde R21
[18:15:20] [INFO   ] Nueva orden ORD_00461 desde R08
[18:15:20] [INFO   ] Nueva orden ORD_00462 desde R20
[18:15:20] [INFO   ] Nueva orden ORD_00463 desde R19
[18:15:20] [INFO   ] Nueva orden ORD_00464 desde R02
[18:15:20] [INFO   ] Nueva orden ORD_00465 desde R02
[18:15:20] [INFO   ] Nueva orden ORD_00466 desde R19
[18:15:20] [INFO   ] Nueva orden ORD_00467 desde R14
[18:15:20] [INFO   ] Nueva orden ORD_00468 desde R06
[18:15:20] [INFO   ] Nueva orden ORD_00469 desde R11
[18:15:20] [INFO   ] Nueva orden ORD_00470 desde R03
[18:15:21] [INFO   ] Nueva orden ORD_00471 desde R03
[18:15:21] [INFO   ] Nueva orden ORD_00472 desde R12
[18:15:21] [INFO   ] Nueva orden ORD_00473 desde R03
[18:15:21] [INFO   ] Nueva orden ORD_00474 desde R19
[18:15:21] [INFO   ] Nueva orden ORD_00475 desde R25
[18:15:21] [INFO   ] Nueva orden ORD_00476 desde R23
[18:15:21] [INFO   ] Nueva orden ORD_00477 desde R19
[18:15:21] [INFO   ] Nueva orden ORD_00478 desde R08
[18:15:21] [INFO   ] Nueva orden ORD_00479 desde R20
[18:15:21] [INFO   ] Nueva orden ORD_00480 desde R15
[18:15:21] [INFO   ] Nueva orden ORD_00481 desde R23
[18:15:21] [INFO   ] Nueva orden ORD_00482 desde R11
[18:15:21] [INFO   ] Nueva orden ORD_00483 desde R03
[18:15:21] [INFO   ] Nueva orden ORD_00484 desde R19
[18:15:21] [INFO   ] Nueva orden ORD_00485 desde R17
[18:15:21] [INFO   ] Nueva orden ORD_00486 desde R13
[18:15:21] [INFO   ] Nueva orden ORD_00487 desde R07
[18:15:21] [INFO   ] Nueva orden ORD_00488 desde R05
[18:15:21] [INFO   ] Nueva orden ORD_00489 desde R09
[18:15:21] [INFO   ] Nueva orden ORD_00490 desde R20
[18:15:21] [INFO   ] Nueva orden ORD_00491 desde R19
[18:15:21] [INFO   ] Nueva orden ORD_00492 desde R11
[18:15:21] [INFO   ] Nueva orden ORD_00493 desde R10
[18:15:21] [INFO   ] Nueva orden ORD_00494 desde R18
[18:15:21] [INFO   ] Nueva orden ORD_00495 desde R20
[18:15:21] [INFO   ] Nueva orden ORD_00496 desde R19
[18:15:21] [INFO   ] Nueva orden ORD_00497 desde R16
[18:15:21] [INFO   ] Nueva orden ORD_00498 desde R08
[18:15:21] [INFO   ] Nueva orden ORD_00499 desde R03
[18:15:21] [INFO   ] Nueva orden ORD_00500 desde R09
[18:15:21] [INFO   ] Nueva orden ORD_00501 desde R23
[18:15:21] [INFO   ] Nueva orden ORD_00502 desde R08
[18:15:21] [INFO   ] Nueva orden ORD_00503 desde R19
[18:15:21] [INFO   ] Nueva orden ORD_00504 desde R20
[18:15:21] [INFO   ] Nueva orden ORD_00505 desde R22
[18:15:21] [INFO   ] Nueva orden ORD_00506 desde R24
[18:15:21] [INFO   ] Nueva orden ORD_00507 desde R24
[18:15:21] [INFO   ] Nueva orden ORD_00508 desde R12
[18:15:21] [INFO   ] Nueva orden ORD_00509 desde R20
[18:15:21] [INFO   ] Nueva orden ORD_00510 desde R02
[18:15:21] [INFO   ] Nueva orden ORD_00511 desde R04
[18:15:21] [INFO   ] Nueva orden ORD_00512 desde R07
[18:15:21] [INFO   ] Nueva orden ORD_00513 desde R18
[18:15:21] [INFO   ] Nueva orden ORD_00514 desde R13
[18:15:21] [INFO   ] Nueva orden ORD_00515 desde R18
[18:15:21] [INFO   ] Nueva orden ORD_00516 desde R10
[18:15:21] [INFO   ] Nueva orden ORD_00517 desde R16
[18:15:21] [INFO   ] Nueva orden ORD_00518 desde R18
[18:15:21] [INFO   ] Nueva orden ORD_00519 desde R15
[18:15:21] [INFO   ] Nueva orden ORD_00520 desde R25
[18:15:21] [INFO   ] Nueva orden ORD_00521 desde R22
[18:15:21] [INFO   ] Nueva orden ORD_00522 desde R23
[18:15:21] [INFO   ] Nueva orden ORD_00523 desde R10
[18:15:21] [INFO   ] Nueva orden ORD_00524 desde R16
[18:15:22] [INFO   ] Nueva orden ORD_00525 desde R12
[18:15:22] [INFO   ] Nueva orden ORD_00526 desde R11
[18:15:22] [INFO   ] Nueva orden ORD_00527 desde R20
[18:15:22] [INFO   ] Nueva orden ORD_00528 desde R11
[18:15:22] [INFO   ] Nueva orden ORD_00529 desde R25
[18:15:22] [INFO   ] Nueva orden ORD_00530 desde R10
[18:15:22] [INFO   ] Nueva orden ORD_00531 desde R24
[18:15:22] [INFO   ] Nueva orden ORD_00532 desde R18
[18:15:22] [INFO   ] Nueva orden ORD_00533 desde R07
[18:15:22] [INFO   ] Nueva orden ORD_00534 desde R22
[18:15:22] [INFO   ] Nueva orden ORD_00535 desde R12
[18:15:22] [INFO   ] Nueva orden ORD_00536 desde R11
[18:15:22] [INFO   ] Nueva orden ORD_00537 desde R19
[18:15:22] [INFO   ] Nueva orden ORD_00538 desde R04
[18:15:22] [INFO   ] Nueva orden ORD_00539 desde R20
[18:15:22] [INFO   ] Nueva orden ORD_00540 desde R04
[18:15:22] [INFO   ] Nueva orden ORD_00541 desde R10
[18:15:22] [INFO   ] Nueva orden ORD_00542 desde R23
[18:15:22] [INFO   ] Nueva orden ORD_00543 desde R15
[18:15:22] [INFO   ] Nueva orden ORD_00544 desde R06
[18:15:22] [INFO   ] Nueva orden ORD_00545 desde R19
[18:15:22] [INFO   ] Nueva orden ORD_00546 desde R05
[18:15:22] [INFO   ] Nueva orden ORD_00547 desde R13
[18:15:22] [INFO   ] Nueva orden ORD_00548 desde R14
[18:15:22] [INFO   ] Nueva orden ORD_00549 desde R18
[18:15:22] [INFO   ] Nueva orden ORD_00550 desde R20
[18:15:22] [INFO   ] Nueva orden ORD_00551 desde R08
[18:15:22] [INFO   ] Nueva orden ORD_00552 desde R23
[18:15:22] [INFO   ] Nueva orden ORD_00553 desde R25
[18:15:22] [INFO   ] Nueva orden ORD_00554 desde R25
[18:15:22] [INFO   ] Nueva orden ORD_00555 desde R11
[18:15:22] [INFO   ] Nueva orden ORD_00556 desde R14
[18:15:22] [INFO   ] Nueva orden ORD_00557 desde R01
[18:15:22] [INFO   ] Nueva orden ORD_00558 desde R14
[18:15:22] [INFO   ] Nueva orden ORD_00559 desde R07
[18:15:22] [INFO   ] Nueva orden ORD_00560 desde R14
[18:15:22] [INFO   ] Nueva orden ORD_00561 desde R07
[18:15:22] [INFO   ] Nueva orden ORD_00562 desde R22
[18:15:22] [INFO   ] Nueva orden ORD_00563 desde R08
[18:15:22] [INFO   ] Nueva orden ORD_00564 desde R04
[18:15:22] [INFO   ] Nueva orden ORD_00565 desde R17
[18:15:22] [INFO   ] Nueva orden ORD_00566 desde R08
[18:15:22] [INFO   ] Nueva orden ORD_00567 desde R24
[18:15:22] [INFO   ] Nueva orden ORD_00568 desde R14
[18:15:22] [INFO   ] Nueva orden ORD_00569 desde R10
[18:15:22] [INFO   ] Nueva orden ORD_00570 desde R01
[18:15:22] [INFO   ] Nueva orden ORD_00571 desde R10
[18:15:22] [INFO   ] Nueva orden ORD_00572 desde R05
[18:15:22] [INFO   ] Nueva orden ORD_00573 desde R08
[18:15:22] [INFO   ] Nueva orden ORD_00574 desde R14
[18:15:22] [INFO   ] Nueva orden ORD_00575 desde R04
[18:15:22] [INFO   ] Nueva orden ORD_00576 desde R12
[18:15:22] [INFO   ] Nueva orden ORD_00577 desde R01
[18:15:22] [INFO   ] Nueva orden ORD_00578 desde R13
[18:15:23] [INFO   ] Nueva orden ORD_00579 desde R06
[18:15:23] [INFO   ] Nueva orden ORD_00580 desde R10
[18:15:23] [INFO   ] Nueva orden ORD_00581 desde R12
[18:15:23] [INFO   ] Nueva orden ORD_00582 desde R25
[18:15:23] [INFO   ] Nueva orden ORD_00583 desde R10
[18:15:23] [INFO   ] Nueva orden ORD_00584 desde R07
[18:15:23] [INFO   ] Nueva orden ORD_00585 desde R07
[18:15:23] [INFO   ] Nueva orden ORD_00586 desde R24
[18:15:23] [INFO   ] Nueva orden ORD_00587 desde R23
[18:15:23] [INFO   ] Nueva orden ORD_00588 desde R03
[18:15:23] [INFO   ] Nueva orden ORD_00589 desde R05
[18:15:23] [INFO   ] Nueva orden ORD_00590 desde R19
[18:15:23] [INFO   ] Nueva orden ORD_00591 desde R08
[18:15:23] [INFO   ] Nueva orden ORD_00592 desde R22
[18:15:23] [INFO   ] Nueva orden ORD_00593 desde R09
[18:15:23] [INFO   ] Nueva orden ORD_00594 desde R12
[18:15:23] [INFO   ] Nueva orden ORD_00595 desde R10
[18:15:23] [INFO   ] Nueva orden ORD_00596 desde R20
[18:15:23] [INFO   ] Nueva orden ORD_00597 desde R15
[18:15:23] [INFO   ] Nueva orden ORD_00598 desde R06
[18:15:23] [INFO   ] Nueva orden ORD_00599 desde R25
[18:15:23] [INFO   ] Nueva orden ORD_00600 desde R20
[18:15:23] [INFO   ] Nueva orden ORD_00601 desde R05
[18:15:23] [INFO   ] Nueva orden ORD_00602 desde R23
[18:15:23] [INFO   ] Nueva orden ORD_00603 desde R21
[18:15:23] [INFO   ] Nueva orden ORD_00604 desde R11
[18:15:23] [INFO   ] Nueva orden ORD_00605 desde R04
[18:15:23] [INFO   ] Nueva orden ORD_00606 desde R05
[18:15:23] [INFO   ] Nueva orden ORD_00607 desde R01
[18:15:23] [INFO   ] Nueva orden ORD_00608 desde R11
[18:15:23] [INFO   ] Nueva orden ORD_00609 desde R22
[18:15:23] [INFO   ] Nueva orden ORD_00610 desde R21
[18:15:23] [INFO   ] Nueva orden ORD_00611 desde R01
[18:15:24] [INFO   ] Nueva orden ORD_00612 desde R17
[18:15:24] [INFO   ] Nueva orden ORD_00613 desde R04
[18:15:24] [INFO   ] Nueva orden ORD_00614 desde R01
[18:15:24] [INFO   ] Nueva orden ORD_00615 desde R02
[18:15:24] [INFO   ] Nueva orden ORD_00616 desde R02
[18:15:24] [INFO   ] Nueva orden ORD_00617 desde R09
[18:15:24] [INFO   ] Nueva orden ORD_00618 desde R10
[18:15:24] [INFO   ] Nueva orden ORD_00619 desde R07
[18:15:24] [INFO   ] Nueva orden ORD_00620 desde R14
[18:15:24] [INFO   ] Nueva orden ORD_00621 desde R25
[18:15:24] [INFO   ] Nueva orden ORD_00622 desde R25
[18:15:24] [INFO   ] Nueva orden ORD_00623 desde R25
[18:15:24] [INFO   ] Nueva orden ORD_00624 desde R24
[18:15:24] [INFO   ] Nueva orden ORD_00625 desde R10
[18:15:24] [INFO   ] Nueva orden ORD_00626 desde R20
[18:15:25] [INFO   ] Nueva orden ORD_00627 desde R08
[18:15:25] [INFO   ] Nueva orden ORD_00628 desde R02
[18:15:25] [INFO   ] Nueva orden ORD_00629 desde R07
[18:15:25] [INFO   ] Nueva orden ORD_00630 desde R10
[18:15:25] [INFO   ] Nueva orden ORD_00631 desde R17
[18:15:25] [INFO   ] Nueva orden ORD_00632 desde R23
[18:15:25] [INFO   ] Nueva orden ORD_00633 desde R13
[18:15:25] [INFO   ] Nueva orden ORD_00634 desde R24
[18:15:25] [INFO   ] Nueva orden ORD_00635 desde R20
[18:15:25] [INFO   ] Nueva orden ORD_00636 desde R06
[18:15:26] [INFO   ] Nueva orden ORD_00637 desde R24
[18:15:26] [INFO   ] Nueva orden ORD_00638 desde R23
[18:15:26] [INFO   ] VousCommandez cerrado.
[18:19:44] [INFO   ] Logger inicializado — VousCommandez
[18:19:44] [INFO   ] Iniciando VousCommandez...
[18:19:44] [INFO   ] Grafo cargado: 78 nodos, 290 aristas
[18:19:44] [INFO   ] Verificando nodos de dealers...
[18:19:44] [INFO   ] Simulator configurado. Iniciando render...
[18:19:44] [INFO   ] RendererSFML inicializado — ventana 1280x720
[18:19:44] [INFO   ] Nueva orden ORD_00001 desde R15
[18:19:44] [INFO   ] Nueva orden ORD_00002 desde R20
[18:19:45] [INFO   ] Nueva orden ORD_00003 desde R21
[18:19:45] [INFO   ] Nueva orden ORD_00004 desde R14
[18:19:45] [INFO   ] Nueva orden ORD_00005 desde R11
[18:19:45] [INFO   ] Nueva orden ORD_00006 desde R11
[18:19:45] [INFO   ] Nueva orden ORD_00007 desde R14
[18:19:45] [INFO   ] Nueva orden ORD_00008 desde R03
[18:19:46] [INFO   ] Nueva orden ORD_00009 desde R19
[18:19:46] [INFO   ] Nueva orden ORD_00010 desde R19
[18:19:46] [INFO   ] Nueva orden ORD_00011 desde R21
[18:19:46] [INFO   ] Nueva orden ORD_00012 desde R22
[18:19:46] [INFO   ] Nueva orden ORD_00013 desde R06
[18:19:46] [INFO   ] Nueva orden ORD_00014 desde R08
[18:19:47] [INFO   ] Nueva orden ORD_00015 desde R08
[18:19:47] [INFO   ] Nueva orden ORD_00016 desde R05
[18:19:47] [INFO   ] Nueva orden ORD_00017 desde R12
[18:19:47] [INFO   ] Nueva orden ORD_00018 desde R22
[18:19:47] [INFO   ] Nueva orden ORD_00019 desde R13
[18:19:47] [INFO   ] Nueva orden ORD_00020 desde R11
[18:19:48] [INFO   ] Nueva orden ORD_00021 desde R07
[18:19:48] [INFO   ] Nueva orden ORD_00022 desde R09
[18:19:48] [INFO   ] Nueva orden ORD_00023 desde R05
[18:19:48] [INFO   ] Nueva orden ORD_00024 desde R07
[18:19:48] [INFO   ] Nueva orden ORD_00025 desde R12
[18:19:48] [INFO   ] Nueva orden ORD_00026 desde R20
[18:19:49] [INFO   ] Nueva orden ORD_00027 desde R08
[18:19:49] [INFO   ] Nueva orden ORD_00028 desde R10
[18:19:49] [INFO   ] Nueva orden ORD_00029 desde R03
[18:19:49] [INFO   ] Nueva orden ORD_00030 desde R05
[18:19:49] [INFO   ] Nueva orden ORD_00031 desde R11
[18:19:49] [INFO   ] Nueva orden ORD_00032 desde R15
[18:19:50] [INFO   ] Nueva orden ORD_00033 desde R14
[18:19:50] [INFO   ] Nueva orden ORD_00034 desde R03
[18:19:50] [INFO   ] Nueva orden ORD_00035 desde R20
[18:19:50] [INFO   ] Nueva orden ORD_00036 desde R08
[18:19:50] [INFO   ] Nueva orden ORD_00037 desde R06
[18:19:50] [INFO   ] Nueva orden ORD_00038 desde R02
[18:19:50] [INFO   ] Nueva orden ORD_00039 desde R01
[18:19:50] [INFO   ] Nueva orden ORD_00040 desde R10
[18:19:50] [INFO   ] Nueva orden ORD_00041 desde R05
[18:19:50] [INFO   ] Nueva orden ORD_00042 desde R13
[18:19:50] [INFO   ] Nueva orden ORD_00043 desde R13
[18:19:50] [INFO   ] Nueva orden ORD_00044 desde R05
[18:19:50] [INFO   ] Nueva orden ORD_00045 desde R23
[18:19:50] [INFO   ] Nueva orden ORD_00046 desde R17
[18:19:50] [INFO   ] Nueva orden ORD_00047 desde R08
[18:19:50] [INFO   ] Nueva orden ORD_00048 desde R07
[18:19:50] [INFO   ] Nueva orden ORD_00049 desde R17
[18:19:50] [INFO   ] Nueva orden ORD_00050 desde R05
[18:19:50] [INFO   ] Nueva orden ORD_00051 desde R18
[18:19:50] [INFO   ] Nueva orden ORD_00052 desde R12
[18:19:50] [INFO   ] Nueva orden ORD_00053 desde R12
[18:19:51] [INFO   ] Nueva orden ORD_00054 desde R10
[18:19:51] [INFO   ] Nueva orden ORD_00055 desde R02
[18:19:51] [INFO   ] Nueva orden ORD_00056 desde R01
[18:19:51] [INFO   ] Nueva orden ORD_00057 desde R09
[18:19:51] [INFO   ] Nueva orden ORD_00058 desde R22
[18:19:51] [INFO   ] Nueva orden ORD_00059 desde R23
[18:19:51] [INFO   ] Nueva orden ORD_00060 desde R21
[18:19:51] [INFO   ] Nueva orden ORD_00061 desde R04
[18:19:51] [INFO   ] Nueva orden ORD_00062 desde R15
[18:19:51] [INFO   ] Nueva orden ORD_00063 desde R13
[18:19:51] [INFO   ] Nueva orden ORD_00064 desde R06
[18:19:51] [INFO   ] Nueva orden ORD_00065 desde R12
[18:19:51] [INFO   ] Nueva orden ORD_00066 desde R20
[18:19:51] [INFO   ] Nueva orden ORD_00067 desde R07
[18:19:51] [INFO   ] Nueva orden ORD_00068 desde R23
[18:19:51] [INFO   ] Nueva orden ORD_00069 desde R11
[18:19:51] [INFO   ] Nueva orden ORD_00070 desde R21
[18:19:51] [INFO   ] Nueva orden ORD_00071 desde R07
[18:19:51] [INFO   ] Nueva orden ORD_00072 desde R22
[18:19:51] [INFO   ] Nueva orden ORD_00073 desde R01
[18:19:51] [INFO   ] Nueva orden ORD_00074 desde R02
[18:19:51] [INFO   ] Nueva orden ORD_00075 desde R08
[18:19:51] [INFO   ] Nueva orden ORD_00076 desde R09
[18:19:51] [INFO   ] Nueva orden ORD_00077 desde R03
[18:19:51] [INFO   ] Nueva orden ORD_00078 desde R04
[18:19:51] [INFO   ] Nueva orden ORD_00079 desde R06
[18:19:51] [INFO   ] Nueva orden ORD_00080 desde R20
[18:19:51] [INFO   ] Nueva orden ORD_00081 desde R06
[18:19:51] [INFO   ] Nueva orden ORD_00082 desde R03
[18:19:52] [INFO   ] Nueva orden ORD_00083 desde R01
[18:19:52] [INFO   ] Nueva orden ORD_00084 desde R21
[18:19:52] [INFO   ] Nueva orden ORD_00085 desde R23
[18:19:52] [INFO   ] Nueva orden ORD_00086 desde R06
[18:19:52] [INFO   ] Nueva orden ORD_00087 desde R17
[18:19:52] [INFO   ] Nueva orden ORD_00088 desde R23
[18:19:52] [INFO   ] Nueva orden ORD_00089 desde R16
[18:19:52] [INFO   ] Nueva orden ORD_00090 desde R19
[18:19:52] [INFO   ] Nueva orden ORD_00091 desde R04
[18:19:52] [INFO   ] Nueva orden ORD_00092 desde R11
[18:19:52] [INFO   ] Nueva orden ORD_00093 desde R01
[18:19:52] [INFO   ] Nueva orden ORD_00094 desde R09
[18:19:52] [INFO   ] Nueva orden ORD_00095 desde R24
[18:19:52] [INFO   ] Nueva orden ORD_00096 desde R14
[18:19:52] [INFO   ] Nueva orden ORD_00097 desde R19
[18:19:52] [INFO   ] Nueva orden ORD_00098 desde R04
[18:19:52] [INFO   ] Nueva orden ORD_00099 desde R13
[18:19:52] [INFO   ] Nueva orden ORD_00100 desde R12
[18:19:52] [INFO   ] Nueva orden ORD_00101 desde R21
[18:19:52] [INFO   ] Nueva orden ORD_00102 desde R14
[18:19:52] [INFO   ] Nueva orden ORD_00103 desde R15
[18:19:52] [INFO   ] Nueva orden ORD_00104 desde R16
[18:19:52] [INFO   ] Nueva orden ORD_00105 desde R17
[18:19:52] [INFO   ] Nueva orden ORD_00106 desde R13
[18:19:52] [INFO   ] Nueva orden ORD_00107 desde R08
[18:19:52] [INFO   ] Nueva orden ORD_00108 desde R13
[18:19:52] [INFO   ] Nueva orden ORD_00109 desde R16
[18:19:52] [INFO   ] Nueva orden ORD_00110 desde R05
[18:19:52] [INFO   ] Nueva orden ORD_00111 desde R21
[18:19:52] [INFO   ] Nueva orden ORD_00112 desde R19
[18:19:52] [INFO   ] Nueva orden ORD_00113 desde R15
[18:19:53] [INFO   ] Nueva orden ORD_00114 desde R04
[18:19:53] [INFO   ] Nueva orden ORD_00115 desde R21
[18:19:53] [INFO   ] Nueva orden ORD_00116 desde R16
[18:19:53] [INFO   ] Nueva orden ORD_00117 desde R23
[18:19:53] [INFO   ] Nueva orden ORD_00118 desde R14
[18:19:53] [INFO   ] Nueva orden ORD_00119 desde R15
[18:19:53] [INFO   ] Nueva orden ORD_00120 desde R14
[18:19:53] [INFO   ] Nueva orden ORD_00121 desde R21
[18:19:53] [INFO   ] Nueva orden ORD_00122 desde R05
[18:19:53] [INFO   ] Nueva orden ORD_00123 desde R06
[18:19:53] [INFO   ] Nueva orden ORD_00124 desde R12
[18:19:53] [INFO   ] Nueva orden ORD_00125 desde R02
[18:19:53] [INFO   ] Nueva orden ORD_00126 desde R04
[18:19:53] [INFO   ] Nueva orden ORD_00127 desde R17
[18:19:53] [INFO   ] Nueva orden ORD_00128 desde R12
[18:19:53] [INFO   ] Nueva orden ORD_00129 desde R21
[18:19:53] [INFO   ] Nueva orden ORD_00130 desde R24
[18:19:53] [INFO   ] Nueva orden ORD_00131 desde R23
[18:19:53] [INFO   ] Nueva orden ORD_00132 desde R10
[18:19:53] [INFO   ] Nueva orden ORD_00133 desde R20
[18:19:53] [INFO   ] Nueva orden ORD_00134 desde R12
[18:19:53] [INFO   ] Nueva orden ORD_00135 desde R17
[18:19:53] [INFO   ] Nueva orden ORD_00136 desde R16
[18:19:53] [INFO   ] Nueva orden ORD_00137 desde R23
[18:19:53] [INFO   ] Nueva orden ORD_00138 desde R24
[18:19:53] [INFO   ] Nueva orden ORD_00139 desde R10
[18:19:53] [INFO   ] Nueva orden ORD_00140 desde R25
[18:19:54] [INFO   ] Nueva orden ORD_00141 desde R12
[18:19:54] [INFO   ] Nueva orden ORD_00142 desde R11
[18:19:54] [INFO   ] Nueva orden ORD_00143 desde R01
[18:19:54] [INFO   ] Nueva orden ORD_00144 desde R05
[18:19:54] [INFO   ] Nueva orden ORD_00145 desde R17
[18:19:54] [INFO   ] Nueva orden ORD_00146 desde R06
[18:19:54] [INFO   ] Nueva orden ORD_00147 desde R03
[18:19:54] [INFO   ] Nueva orden ORD_00148 desde R06
[18:19:54] [INFO   ] Nueva orden ORD_00149 desde R06
[18:19:54] [INFO   ] Nueva orden ORD_00150 desde R19
[18:19:54] [INFO   ] Nueva orden ORD_00151 desde R06
[18:19:54] [INFO   ] Nueva orden ORD_00152 desde R14
[18:19:54] [INFO   ] Nueva orden ORD_00153 desde R11
[18:19:54] [INFO   ] Nueva orden ORD_00154 desde R07
[18:19:54] [INFO   ] Nueva orden ORD_00155 desde R07
[18:19:54] [INFO   ] Nueva orden ORD_00156 desde R10
[18:19:54] [INFO   ] Nueva orden ORD_00157 desde R18
[18:19:54] [INFO   ] Nueva orden ORD_00158 desde R23
[18:19:54] [INFO   ] Nueva orden ORD_00159 desde R19
[18:19:54] [INFO   ] Nueva orden ORD_00160 desde R19
[18:19:54] [INFO   ] Nueva orden ORD_00161 desde R06
[18:19:54] [INFO   ] Nueva orden ORD_00162 desde R17
[18:19:54] [INFO   ] Nueva orden ORD_00163 desde R15
[18:19:54] [INFO   ] Nueva orden ORD_00164 desde R21
[18:19:55] [INFO   ] Nueva orden ORD_00165 desde R03
[18:19:55] [INFO   ] Nueva orden ORD_00166 desde R24
[18:19:55] [INFO   ] Nueva orden ORD_00167 desde R11
[18:19:55] [INFO   ] Nueva orden ORD_00168 desde R06
[18:19:55] [INFO   ] Nueva orden ORD_00169 desde R13
[18:19:55] [INFO   ] Nueva orden ORD_00170 desde R11
[18:19:55] [INFO   ] Nueva orden ORD_00171 desde R08
[18:19:55] [INFO   ] Nueva orden ORD_00172 desde R11
[18:19:55] [INFO   ] Nueva orden ORD_00173 desde R15
[18:19:55] [INFO   ] Nueva orden ORD_00174 desde R04
[18:19:55] [INFO   ] Nueva orden ORD_00175 desde R05
[18:19:55] [INFO   ] Nueva orden ORD_00176 desde R17
[18:19:55] [INFO   ] Nueva orden ORD_00177 desde R18
[18:19:55] [INFO   ] Nueva orden ORD_00178 desde R25
[18:19:55] [INFO   ] Nueva orden ORD_00179 desde R21
[18:19:55] [INFO   ] Nueva orden ORD_00180 desde R20
[18:19:55] [INFO   ] Nueva orden ORD_00181 desde R25
[18:19:55] [INFO   ] Nueva orden ORD_00182 desde R25
[18:19:55] [INFO   ] Nueva orden ORD_00183 desde R11
[18:19:55] [INFO   ] Nueva orden ORD_00184 desde R13
[18:19:55] [INFO   ] Nueva orden ORD_00185 desde R06
[18:19:55] [INFO   ] Nueva orden ORD_00186 desde R10
[18:19:55] [INFO   ] Nueva orden ORD_00187 desde R25
[18:19:55] [INFO   ] Nueva orden ORD_00188 desde R24
[18:19:55] [INFO   ] Nueva orden ORD_00189 desde R03
[18:19:55] [INFO   ] Nueva orden ORD_00190 desde R18
[18:19:56] [INFO   ] Nueva orden ORD_00191 desde R08
[18:19:56] [INFO   ] Nueva orden ORD_00192 desde R08
[18:19:56] [INFO   ] Nueva orden ORD_00193 desde R13
[18:19:56] [INFO   ] Nueva orden ORD_00194 desde R02
[18:19:56] [INFO   ] Nueva orden ORD_00195 desde R18
[18:19:56] [INFO   ] Nueva orden ORD_00196 desde R17
[18:19:56] [INFO   ] Nueva orden ORD_00197 desde R17
[18:19:56] [INFO   ] Nueva orden ORD_00198 desde R02
[18:19:56] [INFO   ] Nueva orden ORD_00199 desde R20
[18:19:56] [INFO   ] Nueva orden ORD_00200 desde R06
[18:19:56] [INFO   ] Nueva orden ORD_00201 desde R05
[18:19:56] [INFO   ] Nueva orden ORD_00202 desde R06
[18:19:56] [INFO   ] Nueva orden ORD_00203 desde R20
[18:19:56] [INFO   ] Nueva orden ORD_00204 desde R05
[18:19:56] [INFO   ] Nueva orden ORD_00205 desde R07
[18:19:56] [INFO   ] Nueva orden ORD_00206 desde R20
[18:19:56] [INFO   ] Nueva orden ORD_00207 desde R06
[18:19:56] [INFO   ] Nueva orden ORD_00208 desde R21
[18:19:56] [INFO   ] Nueva orden ORD_00209 desde R22
[18:19:56] [INFO   ] Nueva orden ORD_00210 desde R16
[18:19:56] [INFO   ] Nueva orden ORD_00211 desde R25
[18:19:56] [INFO   ] Nueva orden ORD_00212 desde R09
[18:19:56] [INFO   ] Nueva orden ORD_00213 desde R07
[18:19:56] [INFO   ] Nueva orden ORD_00214 desde R12
[18:19:56] [INFO   ] Nueva orden ORD_00215 desde R21
[18:19:56] [INFO   ] Nueva orden ORD_00216 desde R13
[18:19:56] [INFO   ] Nueva orden ORD_00217 desde R20
[18:19:56] [INFO   ] Nueva orden ORD_00218 desde R06
[18:19:56] [INFO   ] Nueva orden ORD_00219 desde R23
[18:19:56] [INFO   ] Nueva orden ORD_00220 desde R09
[18:19:56] [INFO   ] Nueva orden ORD_00221 desde R04
[18:19:56] [INFO   ] Nueva orden ORD_00222 desde R02
[18:19:56] [INFO   ] Nueva orden ORD_00223 desde R22
[18:19:56] [INFO   ] Nueva orden ORD_00224 desde R15
[18:19:56] [INFO   ] Nueva orden ORD_00225 desde R16
[18:19:56] [INFO   ] Nueva orden ORD_00226 desde R02
[18:19:56] [INFO   ] Nueva orden ORD_00227 desde R16
[18:19:56] [INFO   ] Nueva orden ORD_00228 desde R10
[18:19:56] [INFO   ] Nueva orden ORD_00229 desde R19
[18:19:56] [INFO   ] Nueva orden ORD_00230 desde R22
[18:19:56] [INFO   ] Nueva orden ORD_00231 desde R01
[18:19:56] [INFO   ] Nueva orden ORD_00232 desde R23
[18:19:56] [INFO   ] Nueva orden ORD_00233 desde R22
[18:19:56] [INFO   ] Nueva orden ORD_00234 desde R05
[18:19:57] [INFO   ] Nueva orden ORD_00235 desde R03
[18:19:57] [INFO   ] Nueva orden ORD_00236 desde R19
[18:19:57] [INFO   ] Nueva orden ORD_00237 desde R22
[18:19:57] [INFO   ] Nueva orden ORD_00238 desde R08
[18:19:57] [INFO   ] Nueva orden ORD_00239 desde R07
[18:19:57] [INFO   ] Nueva orden ORD_00240 desde R14
[18:19:57] [INFO   ] Nueva orden ORD_00241 desde R25
[18:19:57] [INFO   ] Nueva orden ORD_00242 desde R05
[18:19:57] [INFO   ] Nueva orden ORD_00243 desde R12
[18:19:57] [INFO   ] Nueva orden ORD_00244 desde R24
[18:19:57] [INFO   ] Nueva orden ORD_00245 desde R21
[18:19:57] [INFO   ] Nueva orden ORD_00246 desde R17
[18:19:57] [INFO   ] Nueva orden ORD_00247 desde R11
[18:19:57] [INFO   ] Nueva orden ORD_00248 desde R20
[18:19:57] [INFO   ] Nueva orden ORD_00249 desde R06
[18:19:57] [INFO   ] Nueva orden ORD_00250 desde R14
[18:19:57] [INFO   ] Nueva orden ORD_00251 desde R24
[18:19:57] [INFO   ] Nueva orden ORD_00252 desde R07
[18:19:57] [INFO   ] Nueva orden ORD_00253 desde R07
[18:19:57] [INFO   ] Nueva orden ORD_00254 desde R19
[18:19:57] [INFO   ] Nueva orden ORD_00255 desde R23
[18:19:57] [INFO   ] Nueva orden ORD_00256 desde R19
[18:19:57] [INFO   ] Nueva orden ORD_00257 desde R01
[18:19:57] [INFO   ] Nueva orden ORD_00258 desde R05
[18:19:57] [INFO   ] Nueva orden ORD_00259 desde R24
[18:19:57] [INFO   ] Nueva orden ORD_00260 desde R14
[18:19:57] [INFO   ] Nueva orden ORD_00261 desde R24
[18:19:57] [INFO   ] Nueva orden ORD_00262 desde R13
[18:19:57] [INFO   ] Nueva orden ORD_00263 desde R04
[18:19:57] [INFO   ] Nueva orden ORD_00264 desde R24
[18:19:57] [INFO   ] Nueva orden ORD_00265 desde R11
[18:19:57] [INFO   ] Nueva orden ORD_00266 desde R12
[18:19:57] [INFO   ] Nueva orden ORD_00267 desde R09
[18:19:57] [INFO   ] Nueva orden ORD_00268 desde R15
[18:19:57] [INFO   ] Nueva orden ORD_00269 desde R25
[18:19:57] [INFO   ] Nueva orden ORD_00270 desde R14
[18:19:57] [INFO   ] Nueva orden ORD_00271 desde R21
[18:19:57] [INFO   ] Nueva orden ORD_00272 desde R23
[18:19:57] [INFO   ] Nueva orden ORD_00273 desde R06
[18:19:57] [INFO   ] Nueva orden ORD_00274 desde R15
[18:19:57] [INFO   ] Nueva orden ORD_00275 desde R09
[18:19:57] [INFO   ] Nueva orden ORD_00276 desde R11
[18:19:57] [INFO   ] Nueva orden ORD_00277 desde R05
[18:19:57] [INFO   ] Nueva orden ORD_00278 desde R22
[18:19:57] [INFO   ] Nueva orden ORD_00279 desde R13
[18:19:57] [INFO   ] Nueva orden ORD_00280 desde R18
[18:19:57] [INFO   ] Nueva orden ORD_00281 desde R03
[18:19:57] [INFO   ] Nueva orden ORD_00282 desde R16
[18:19:57] [INFO   ] Nueva orden ORD_00283 desde R12
[18:19:57] [INFO   ] Nueva orden ORD_00284 desde R05
[18:19:57] [INFO   ] Nueva orden ORD_00285 desde R18
[18:19:57] [INFO   ] Nueva orden ORD_00286 desde R21
[18:19:57] [INFO   ] Nueva orden ORD_00287 desde R11
[18:19:57] [INFO   ] Nueva orden ORD_00288 desde R09
[18:19:57] [INFO   ] Nueva orden ORD_00289 desde R24
[18:19:57] [INFO   ] Nueva orden ORD_00290 desde R20
[18:19:57] [INFO   ] Nueva orden ORD_00291 desde R24
[18:19:57] [INFO   ] Nueva orden ORD_00292 desde R02
[18:19:57] [INFO   ] Nueva orden ORD_00293 desde R10
[18:19:57] [INFO   ] Nueva orden ORD_00294 desde R15
[18:19:57] [INFO   ] Nueva orden ORD_00295 desde R17
[18:19:58] [INFO   ] Nueva orden ORD_00296 desde R17
[18:19:58] [INFO   ] Nueva orden ORD_00297 desde R24
[18:19:58] [INFO   ] Nueva orden ORD_00298 desde R24
[18:19:58] [INFO   ] Nueva orden ORD_00299 desde R11
[18:19:58] [INFO   ] Nueva orden ORD_00300 desde R08
[18:19:58] [INFO   ] Nueva orden ORD_00301 desde R08
[18:19:58] [INFO   ] Nueva orden ORD_00302 desde R17
[18:19:58] [INFO   ] Nueva orden ORD_00303 desde R22
[18:19:58] [INFO   ] Nueva orden ORD_00304 desde R23
[18:19:58] [INFO   ] Nueva orden ORD_00305 desde R03
[18:19:58] [INFO   ] Nueva orden ORD_00306 desde R17
[18:19:58] [INFO   ] Nueva orden ORD_00307 desde R10
[18:19:58] [INFO   ] Nueva orden ORD_00308 desde R03
[18:19:58] [INFO   ] Nueva orden ORD_00309 desde R24
[18:19:58] [INFO   ] Nueva orden ORD_00310 desde R25
[18:19:58] [INFO   ] Nueva orden ORD_00311 desde R15
[18:19:58] [INFO   ] Nueva orden ORD_00312 desde R02
[18:19:58] [INFO   ] Nueva orden ORD_00313 desde R01
[18:19:58] [INFO   ] Nueva orden ORD_00314 desde R15
[18:19:58] [INFO   ] Nueva orden ORD_00315 desde R10
[18:19:58] [INFO   ] Nueva orden ORD_00316 desde R05
[18:19:58] [INFO   ] Nueva orden ORD_00317 desde R06
[18:19:58] [INFO   ] Nueva orden ORD_00318 desde R02
[18:19:58] [INFO   ] Nueva orden ORD_00319 desde R20
[18:19:58] [INFO   ] Nueva orden ORD_00320 desde R19
[18:19:58] [INFO   ] Nueva orden ORD_00321 desde R12
[18:19:58] [INFO   ] Nueva orden ORD_00322 desde R12
[18:19:58] [INFO   ] Nueva orden ORD_00323 desde R13
[18:19:58] [INFO   ] Nueva orden ORD_00324 desde R15
[18:19:58] [INFO   ] Nueva orden ORD_00325 desde R22
[18:19:58] [INFO   ] Nueva orden ORD_00326 desde R17
[18:19:58] [INFO   ] Nueva orden ORD_00327 desde R01
[18:19:58] [INFO   ] Nueva orden ORD_00328 desde R23
[18:19:58] [INFO   ] Nueva orden ORD_00329 desde R17
[18:19:58] [INFO   ] Nueva orden ORD_00330 desde R06
[18:19:58] [INFO   ] Nueva orden ORD_00331 desde R06
[18:19:58] [INFO   ] Nueva orden ORD_00332 desde R05
[18:19:58] [INFO   ] Nueva orden ORD_00333 desde R08
[18:19:58] [INFO   ] Nueva orden ORD_00334 desde R18
[18:19:58] [INFO   ] Nueva orden ORD_00335 desde R24
[18:19:58] [INFO   ] Nueva orden ORD_00336 desde R17
[18:19:58] [INFO   ] Nueva orden ORD_00337 desde R10
[18:19:59] [INFO   ] Nueva orden ORD_00338 desde R18
[18:19:59] [INFO   ] Nueva orden ORD_00339 desde R10
[18:19:59] [INFO   ] Nueva orden ORD_00340 desde R05
[18:19:59] [INFO   ] Nueva orden ORD_00341 desde R09
[18:19:59] [INFO   ] Nueva orden ORD_00342 desde R01
[18:19:59] [INFO   ] Nueva orden ORD_00343 desde R12
[18:19:59] [INFO   ] Nueva orden ORD_00344 desde R01
[18:19:59] [INFO   ] Nueva orden ORD_00345 desde R02
[18:19:59] [INFO   ] Nueva orden ORD_00346 desde R12
[18:19:59] [INFO   ] Nueva orden ORD_00347 desde R10
[18:19:59] [INFO   ] Nueva orden ORD_00348 desde R18
[18:19:59] [INFO   ] Nueva orden ORD_00349 desde R03
[18:19:59] [INFO   ] Nueva orden ORD_00350 desde R01
[18:19:59] [INFO   ] Nueva orden ORD_00351 desde R12
[18:19:59] [INFO   ] Nueva orden ORD_00352 desde R10
[18:19:59] [INFO   ] Nueva orden ORD_00353 desde R19
[18:19:59] [INFO   ] Nueva orden ORD_00354 desde R14
[18:19:59] [INFO   ] Nueva orden ORD_00355 desde R18
[18:19:59] [INFO   ] Nueva orden ORD_00356 desde R07
[18:19:59] [INFO   ] Nueva orden ORD_00357 desde R17
[18:19:59] [INFO   ] Nueva orden ORD_00358 desde R05
[18:20:00] [INFO   ] Nueva orden ORD_00359 desde R04
[18:20:00] [INFO   ] Nueva orden ORD_00360 desde R16
[18:20:00] [INFO   ] Nueva orden ORD_00361 desde R10
[18:20:00] [INFO   ] Nueva orden ORD_00362 desde R14
[18:20:00] [INFO   ] Nueva orden ORD_00363 desde R14
[18:20:00] [INFO   ] Nueva orden ORD_00364 desde R10
[18:20:00] [INFO   ] Nueva orden ORD_00365 desde R23
[18:20:00] [INFO   ] Nueva orden ORD_00366 desde R02
[18:20:00] [INFO   ] Nueva orden ORD_00367 desde R16
[18:20:00] [INFO   ] Nueva orden ORD_00368 desde R18
[18:20:00] [INFO   ] Nueva orden ORD_00369 desde R16
[18:20:00] [INFO   ] Nueva orden ORD_00370 desde R16
[18:20:00] [INFO   ] Nueva orden ORD_00371 desde R19
[18:20:00] [INFO   ] Nueva orden ORD_00372 desde R08
[18:20:00] [INFO   ] Nueva orden ORD_00373 desde R21
[18:20:00] [INFO   ] Nueva orden ORD_00374 desde R14
[18:20:00] [INFO   ] Nueva orden ORD_00375 desde R16
[18:20:00] [INFO   ] Nueva orden ORD_00376 desde R12
[18:20:00] [INFO   ] Nueva orden ORD_00377 desde R07
[18:20:00] [INFO   ] Nueva orden ORD_00378 desde R22
[18:20:00] [INFO   ] Nueva orden ORD_00379 desde R10
[18:20:01] [INFO   ] Nueva orden ORD_00380 desde R11
[18:20:01] [INFO   ] Nueva orden ORD_00381 desde R15
[18:20:01] [INFO   ] Nueva orden ORD_00382 desde R06
[18:20:01] [INFO   ] Nueva orden ORD_00383 desde R14
[18:20:01] [INFO   ] Nueva orden ORD_00384 desde R21
[18:20:01] [INFO   ] Nueva orden ORD_00385 desde R16
[18:20:01] [INFO   ] Nueva orden ORD_00386 desde R05
[18:20:01] [INFO   ] Nueva orden ORD_00387 desde R25
[18:20:01] [INFO   ] Nueva orden ORD_00388 desde R04
[18:20:01] [INFO   ] Nueva orden ORD_00389 desde R16
[18:20:01] [INFO   ] Nueva orden ORD_00390 desde R10
[18:20:01] [INFO   ] Nueva orden ORD_00391 desde R16
[18:20:01] [INFO   ] Nueva orden ORD_00392 desde R15
[18:20:01] [INFO   ] Nueva orden ORD_00393 desde R20
[18:20:01] [INFO   ] Nueva orden ORD_00394 desde R11
[18:20:01] [INFO   ] Nueva orden ORD_00395 desde R07
[18:20:01] [INFO   ] Nueva orden ORD_00396 desde R22
[18:20:01] [INFO   ] Nueva orden ORD_00397 desde R11
[18:20:01] [INFO   ] Nueva orden ORD_00398 desde R23
[18:20:01] [INFO   ] Nueva orden ORD_00399 desde R20
[18:20:01] [INFO   ] Nueva orden ORD_00400 desde R15
[18:20:02] [INFO   ] Nueva orden ORD_00401 desde R11
[18:20:02] [INFO   ] Nueva orden ORD_00402 desde R14
[18:20:02] [INFO   ] Nueva orden ORD_00403 desde R12
[18:20:02] [INFO   ] Nueva orden ORD_00404 desde R25
[18:20:02] [INFO   ] Nueva orden ORD_00405 desde R21
[18:20:02] [INFO   ] Nueva orden ORD_00406 desde R20
[18:20:02] [INFO   ] Nueva orden ORD_00407 desde R07
[18:20:02] [INFO   ] Nueva orden ORD_00408 desde R05
[18:20:02] [INFO   ] Nueva orden ORD_00409 desde R06
[18:20:02] [INFO   ] Nueva orden ORD_00410 desde R08
[18:20:02] [INFO   ] Nueva orden ORD_00411 desde R05
[18:20:02] [INFO   ] Nueva orden ORD_00412 desde R25
[18:20:02] [INFO   ] Nueva orden ORD_00413 desde R18
[18:20:02] [INFO   ] Nueva orden ORD_00414 desde R20
[18:20:02] [INFO   ] Nueva orden ORD_00415 desde R04
[18:20:02] [INFO   ] Nueva orden ORD_00416 desde R21
[18:20:02] [INFO   ] Nueva orden ORD_00417 desde R14
[18:20:02] [INFO   ] Nueva orden ORD_00418 desde R17
[18:20:02] [INFO   ] Nueva orden ORD_00419 desde R13
[18:20:02] [INFO   ] Nueva orden ORD_00420 desde R09
[18:20:02] [INFO   ] Nueva orden ORD_00421 desde R23
[18:20:02] [INFO   ] Nueva orden ORD_00422 desde R18
[18:20:02] [INFO   ] Nueva orden ORD_00423 desde R02
[18:20:02] [INFO   ] Nueva orden ORD_00424 desde R15
[18:20:02] [INFO   ] Nueva orden ORD_00425 desde R04
[18:20:03] [INFO   ] Nueva orden ORD_00426 desde R11
[18:20:03] [INFO   ] Nueva orden ORD_00427 desde R07
[18:20:03] [INFO   ] Nueva orden ORD_00428 desde R15
[18:20:03] [INFO   ] Nueva orden ORD_00429 desde R01
[18:20:03] [INFO   ] Nueva orden ORD_00430 desde R18
[18:20:03] [INFO   ] Nueva orden ORD_00431 desde R19
[18:20:03] [INFO   ] Nueva orden ORD_00432 desde R16
[18:20:03] [INFO   ] Nueva orden ORD_00433 desde R12
[18:20:03] [INFO   ] Nueva orden ORD_00434 desde R10
[18:20:03] [INFO   ] Nueva orden ORD_00435 desde R18
[18:20:03] [INFO   ] Nueva orden ORD_00436 desde R24
[18:20:03] [INFO   ] Nueva orden ORD_00437 desde R05
[18:20:03] [INFO   ] Nueva orden ORD_00438 desde R25
[18:20:03] [INFO   ] Nueva orden ORD_00439 desde R24
[18:20:03] [INFO   ] Nueva orden ORD_00440 desde R12
[18:20:03] [INFO   ] Nueva orden ORD_00441 desde R20
[18:20:03] [INFO   ] Nueva orden ORD_00442 desde R04
[18:20:03] [INFO   ] Nueva orden ORD_00443 desde R17
[18:20:03] [INFO   ] Nueva orden ORD_00444 desde R16
[18:20:03] [INFO   ] Nueva orden ORD_00445 desde R21
[18:20:03] [INFO   ] Nueva orden ORD_00446 desde R25
[18:20:03] [INFO   ] Nueva orden ORD_00447 desde R12
[18:20:03] [INFO   ] Nueva orden ORD_00448 desde R16
[18:20:03] [INFO   ] Nueva orden ORD_00449 desde R10
[18:20:03] [INFO   ] Nueva orden ORD_00450 desde R07
[18:20:03] [INFO   ] Nueva orden ORD_00451 desde R12
[18:20:03] [INFO   ] Nueva orden ORD_00452 desde R09
[18:20:03] [INFO   ] Nueva orden ORD_00453 desde R13
[18:20:03] [INFO   ] Nueva orden ORD_00454 desde R01
[18:20:03] [INFO   ] Nueva orden ORD_00455 desde R12
[18:20:03] [INFO   ] Nueva orden ORD_00456 desde R21
[18:20:03] [INFO   ] Nueva orden ORD_00457 desde R06
[18:20:03] [INFO   ] Nueva orden ORD_00458 desde R25
[18:20:03] [INFO   ] Nueva orden ORD_00459 desde R14
[18:20:03] [INFO   ] Nueva orden ORD_00460 desde R05
[18:20:03] [INFO   ] Nueva orden ORD_00461 desde R21
[18:20:03] [INFO   ] Nueva orden ORD_00462 desde R20
[18:20:03] [INFO   ] Nueva orden ORD_00463 desde R11
[18:20:03] [INFO   ] Nueva orden ORD_00464 desde R02
[18:20:03] [INFO   ] Nueva orden ORD_00465 desde R02
[18:20:03] [INFO   ] Nueva orden ORD_00466 desde R23
[18:20:04] [INFO   ] Nueva orden ORD_00467 desde R05
[18:20:04] [INFO   ] Nueva orden ORD_00468 desde R10
[18:20:04] [INFO   ] Nueva orden ORD_00469 desde R24
[18:20:04] [INFO   ] Nueva orden ORD_00470 desde R16
[18:20:04] [INFO   ] Nueva orden ORD_00471 desde R01
[18:20:04] [INFO   ] Nueva orden ORD_00472 desde R01
[18:20:04] [INFO   ] Nueva orden ORD_00473 desde R10
[18:20:04] [INFO   ] Nueva orden ORD_00474 desde R03
[18:20:04] [INFO   ] Nueva orden ORD_00475 desde R05
[18:20:04] [INFO   ] Nueva orden ORD_00476 desde R23
[18:20:04] [INFO   ] Nueva orden ORD_00477 desde R22
[18:20:04] [INFO   ] Nueva orden ORD_00478 desde R10
[18:20:04] [INFO   ] Nueva orden ORD_00479 desde R16
[18:20:04] [INFO   ] Nueva orden ORD_00480 desde R07
[18:20:04] [INFO   ] Nueva orden ORD_00481 desde R18
[18:20:04] [INFO   ] Nueva orden ORD_00482 desde R23
[18:20:04] [INFO   ] Nueva orden ORD_00483 desde R15
[18:20:04] [INFO   ] Nueva orden ORD_00484 desde R06
[18:20:04] [INFO   ] Nueva orden ORD_00485 desde R11
[18:20:04] [INFO   ] Nueva orden ORD_00486 desde R19
[18:20:04] [INFO   ] Nueva orden ORD_00487 desde R03
[18:20:04] [INFO   ] Nueva orden ORD_00488 desde R03
[18:20:04] [INFO   ] Nueva orden ORD_00489 desde R10
[18:20:04] [INFO   ] Nueva orden ORD_00490 desde R16
[18:20:04] [INFO   ] Nueva orden ORD_00491 desde R20
[18:20:04] [INFO   ] Nueva orden ORD_00492 desde R15
[18:20:04] [INFO   ] Nueva orden ORD_00493 desde R10
[18:20:04] [INFO   ] Nueva orden ORD_00494 desde R11
[18:20:04] [INFO   ] Nueva orden ORD_00495 desde R23
[18:20:04] [INFO   ] Nueva orden ORD_00496 desde R14
[18:20:04] [INFO   ] Nueva orden ORD_00497 desde R15
[18:20:04] [INFO   ] Nueva orden ORD_00498 desde R12
[18:20:04] [INFO   ] Nueva orden ORD_00499 desde R25
[18:20:04] [INFO   ] Nueva orden ORD_00500 desde R09
[18:20:04] [INFO   ] Nueva orden ORD_00501 desde R14
[18:20:04] [INFO   ] Nueva orden ORD_00502 desde R15
[18:20:04] [INFO   ] Nueva orden ORD_00503 desde R07
[18:20:04] [INFO   ] Nueva orden ORD_00504 desde R22
[18:20:04] [INFO   ] Nueva orden ORD_00505 desde R18
[18:20:04] [INFO   ] Nueva orden ORD_00506 desde R01
[18:20:04] [INFO   ] Nueva orden ORD_00507 desde R17
[18:20:04] [INFO   ] Nueva orden ORD_00508 desde R12
[18:20:04] [INFO   ] Nueva orden ORD_00509 desde R18
[18:20:04] [INFO   ] Nueva orden ORD_00510 desde R22
[18:20:04] [INFO   ] Nueva orden ORD_00511 desde R18
[18:20:04] [INFO   ] Nueva orden ORD_00512 desde R06
[18:20:04] [INFO   ] Nueva orden ORD_00513 desde R10
[18:20:04] [INFO   ] Nueva orden ORD_00514 desde R16
[18:20:04] [INFO   ] Nueva orden ORD_00515 desde R13
[18:20:04] [INFO   ] Nueva orden ORD_00516 desde R22
[18:20:04] [INFO   ] Nueva orden ORD_00517 desde R07
[18:20:04] [INFO   ] Nueva orden ORD_00518 desde R09
[18:20:04] [INFO   ] Nueva orden ORD_00519 desde R05
[18:20:04] [INFO   ] Nueva orden ORD_00520 desde R16
[18:20:05] [INFO   ] Nueva orden ORD_00521 desde R20
[18:20:05] [INFO   ] Nueva orden ORD_00522 desde R19
[18:20:05] [INFO   ] Nueva orden ORD_00523 desde R21
[18:20:05] [INFO   ] Nueva orden ORD_00524 desde R12
[18:20:05] [INFO   ] Nueva orden ORD_00525 desde R12
[18:20:05] [INFO   ] Nueva orden ORD_00526 desde R09
[18:20:05] [INFO   ] Nueva orden ORD_00527 desde R14
[18:20:05] [INFO   ] Nueva orden ORD_00528 desde R16
[18:20:05] [INFO   ] Nueva orden ORD_00529 desde R23
[18:20:05] [INFO   ] Nueva orden ORD_00530 desde R05
[18:20:05] [INFO   ] Nueva orden ORD_00531 desde R22
[18:20:05] [INFO   ] Nueva orden ORD_00532 desde R03
[18:20:05] [INFO   ] Nueva orden ORD_00533 desde R20
[18:20:05] [INFO   ] Nueva orden ORD_00534 desde R02
[18:20:05] [INFO   ] Nueva orden ORD_00535 desde R08
[18:20:05] [INFO   ] Nueva orden ORD_00536 desde R19
[18:20:05] [INFO   ] Nueva orden ORD_00537 desde R19
[18:20:05] [INFO   ] Nueva orden ORD_00538 desde R10
[18:20:05] [INFO   ] Nueva orden ORD_00539 desde R03
[18:20:05] [INFO   ] Nueva orden ORD_00540 desde R08
[18:20:05] [INFO   ] Nueva orden ORD_00541 desde R23
[18:20:05] [INFO   ] Nueva orden ORD_00542 desde R07
[18:20:05] [INFO   ] Nueva orden ORD_00543 desde R09
[18:20:05] [INFO   ] Nueva orden ORD_00544 desde R21
[18:20:05] [INFO   ] Nueva orden ORD_00545 desde R03
[18:20:05] [INFO   ] Nueva orden ORD_00546 desde R01
[18:20:05] [INFO   ] Nueva orden ORD_00547 desde R13
[18:20:05] [INFO   ] Nueva orden ORD_00548 desde R23
[18:20:05] [INFO   ] Nueva orden ORD_00549 desde R25
[18:20:05] [INFO   ] Nueva orden ORD_00550 desde R07
[18:20:05] [INFO   ] Nueva orden ORD_00551 desde R06
[18:20:05] [INFO   ] Nueva orden ORD_00552 desde R06
[18:20:05] [INFO   ] Nueva orden ORD_00553 desde R24
[18:20:05] [INFO   ] Nueva orden ORD_00554 desde R06
[18:20:05] [INFO   ] Nueva orden ORD_00555 desde R14
[18:20:05] [INFO   ] Nueva orden ORD_00556 desde R22
[18:20:05] [INFO   ] Nueva orden ORD_00557 desde R03
[18:20:05] [INFO   ] Nueva orden ORD_00558 desde R13
[18:20:05] [INFO   ] Nueva orden ORD_00559 desde R17
[18:20:05] [INFO   ] Nueva orden ORD_00560 desde R08
[18:20:05] [INFO   ] Nueva orden ORD_00561 desde R22
[18:20:05] [INFO   ] Nueva orden ORD_00562 desde R20
[18:20:05] [INFO   ] Nueva orden ORD_00563 desde R14
[18:20:05] [INFO   ] Nueva orden ORD_00564 desde R04
[18:20:05] [INFO   ] Nueva orden ORD_00565 desde R09
[18:20:05] [INFO   ] Nueva orden ORD_00566 desde R24
[18:20:05] [INFO   ] Nueva orden ORD_00567 desde R15
[18:20:05] [INFO   ] Nueva orden ORD_00568 desde R19
[18:20:05] [INFO   ] Nueva orden ORD_00569 desde R08
[18:20:05] [INFO   ] Nueva orden ORD_00570 desde R14
[18:20:05] [INFO   ] Nueva orden ORD_00571 desde R16
[18:20:05] [INFO   ] Nueva orden ORD_00572 desde R05
[18:20:05] [INFO   ] Nueva orden ORD_00573 desde R18
[18:20:05] [INFO   ] Nueva orden ORD_00574 desde R09
[18:20:06] [INFO   ] Nueva orden ORD_00575 desde R17
[18:20:06] [INFO   ] Nueva orden ORD_00576 desde R15
[18:20:06] [INFO   ] Nueva orden ORD_00577 desde R10
[18:20:06] [INFO   ] Nueva orden ORD_00578 desde R20
[18:20:06] [INFO   ] Nueva orden ORD_00579 desde R25
[18:20:06] [INFO   ] Nueva orden ORD_00580 desde R19
[18:20:06] [INFO   ] Nueva orden ORD_00581 desde R04
[18:20:06] [INFO   ] Nueva orden ORD_00582 desde R06
[18:20:06] [INFO   ] Nueva orden ORD_00583 desde R02
[18:20:06] [INFO   ] Nueva orden ORD_00584 desde R09
[18:20:06] [INFO   ] Nueva orden ORD_00585 desde R08
[18:20:06] [INFO   ] Nueva orden ORD_00586 desde R21
[18:20:06] [INFO   ] Nueva orden ORD_00587 desde R21
[18:20:06] [INFO   ] Nueva orden ORD_00588 desde R12
[18:20:06] [INFO   ] Nueva orden ORD_00589 desde R10
[18:20:06] [INFO   ] Nueva orden ORD_00590 desde R04
[18:20:06] [INFO   ] Nueva orden ORD_00591 desde R12
[18:20:06] [INFO   ] Nueva orden ORD_00592 desde R02
[18:20:06] [INFO   ] Nueva orden ORD_00593 desde R13
[18:20:06] [INFO   ] Nueva orden ORD_00594 desde R21
[18:20:06] [INFO   ] Nueva orden ORD_00595 desde R16
[18:20:06] [INFO   ] Nueva orden ORD_00596 desde R07
[18:20:06] [INFO   ] Nueva orden ORD_00597 desde R08
[18:20:06] [INFO   ] Nueva orden ORD_00598 desde R23
[18:20:06] [INFO   ] Nueva orden ORD_00599 desde R19
[18:20:06] [INFO   ] Nueva orden ORD_00600 desde R15
[18:20:06] [INFO   ] Nueva orden ORD_00601 desde R16
[18:20:06] [INFO   ] Nueva orden ORD_00602 desde R08
[18:20:06] [INFO   ] Nueva orden ORD_00603 desde R14
[18:20:06] [INFO   ] Nueva orden ORD_00604 desde R17
[18:20:06] [INFO   ] Nueva orden ORD_00605 desde R06
[18:20:06] [INFO   ] Nueva orden ORD_00606 desde R23
[18:20:06] [INFO   ] Nueva orden ORD_00607 desde R01
[18:20:06] [INFO   ] Nueva orden ORD_00608 desde R06
[18:20:06] [INFO   ] Nueva orden ORD_00609 desde R18
[18:20:06] [INFO   ] Nueva orden ORD_00610 desde R21
[18:20:07] [INFO   ] Nueva orden ORD_00611 desde R08
[18:20:07] [INFO   ] Nueva orden ORD_00612 desde R11
[18:20:07] [INFO   ] Nueva orden ORD_00613 desde R16
[18:20:07] [INFO   ] Nueva orden ORD_00614 desde R22
[18:20:07] [INFO   ] Nueva orden ORD_00615 desde R25
[18:20:07] [INFO   ] Nueva orden ORD_00616 desde R21
[18:20:07] [INFO   ] Nueva orden ORD_00617 desde R25
[18:20:07] [INFO   ] Nueva orden ORD_00618 desde R21
[18:20:07] [INFO   ] Nueva orden ORD_00619 desde R03
[18:20:07] [INFO   ] Nueva orden ORD_00620 desde R19
[18:20:07] [INFO   ] Nueva orden ORD_00621 desde R21
[18:20:07] [INFO   ] Nueva orden ORD_00622 desde R16
[18:20:07] [INFO   ] Nueva orden ORD_00623 desde R10
[18:20:07] [INFO   ] Nueva orden ORD_00624 desde R06
[18:20:07] [INFO   ] Nueva orden ORD_00625 desde R06
[18:20:08] [INFO   ] Nueva orden ORD_00626 desde R12
[18:20:08] [INFO   ] Nueva orden ORD_00627 desde R07
[18:20:08] [INFO   ] Nueva orden ORD_00628 desde R11
[18:20:08] [INFO   ] Nueva orden ORD_00629 desde R01
[18:20:08] [INFO   ] Nueva orden ORD_00630 desde R14
[18:20:08] [INFO   ] Nueva orden ORD_00631 desde R16
[18:20:08] [INFO   ] Nueva orden ORD_00632 desde R13
[18:20:08] [INFO   ] Nueva orden ORD_00633 desde R13
[18:20:08] [INFO   ] Nueva orden ORD_00634 desde R14
[18:20:08] [INFO   ] Nueva orden ORD_00635 desde R04
[18:20:08] [INFO   ] Nueva orden ORD_00636 desde R04
[18:20:09] [INFO   ] Nueva orden ORD_00637 desde R13
[18:20:09] [INFO   ] Nueva orden ORD_00638 desde R21
[18:20:09] [INFO   ] Nueva orden ORD_00639 desde R13
[18:20:09] [INFO   ] Nueva orden ORD_00640 desde R13
[18:20:09] [INFO   ] Nueva orden ORD_00641 desde R23
[18:20:09] [INFO   ] Nueva orden ORD_00642 desde R22
[18:20:10] [INFO   ] Nueva orden ORD_00643 desde R09
[18:20:10] [INFO   ] Nueva orden ORD_00644 desde R11
[18:20:10] [INFO   ] Nueva orden ORD_00645 desde R22
[18:20:10] [INFO   ] Nueva orden ORD_00646 desde R23
[18:20:10] [INFO   ] Nueva orden ORD_00647 desde R07
[18:20:10] [INFO   ] Nueva orden ORD_00648 desde R08
[18:20:11] [INFO   ] Nueva orden ORD_00649 desde R17
[18:20:11] [INFO   ] Nueva orden ORD_00650 desde R19
[18:20:11] [INFO   ] Nueva orden ORD_00651 desde R03
[18:20:11] [INFO   ] Nueva orden ORD_00652 desde R14
[18:20:11] [INFO   ] Nueva orden ORD_00653 desde R14
[18:20:11] [INFO   ] Nueva orden ORD_00654 desde R05
[18:20:12] [INFO   ] Nueva orden ORD_00655 desde R03
[18:20:12] [INFO   ] Nueva orden ORD_00656 desde R22
[18:20:12] [INFO   ] Nueva orden ORD_00657 desde R04
[18:20:12] [INFO   ] Nueva orden ORD_00658 desde R19
[18:20:12] [INFO   ] Nueva orden ORD_00659 desde R21
[18:20:13] [INFO   ] Nueva orden ORD_00660 desde R10
[18:20:13] [INFO   ] Nueva orden ORD_00661 desde R10
[18:20:13] [INFO   ] Nueva orden ORD_00662 desde R01
[18:20:13] [INFO   ] Nueva orden ORD_00663 desde R03
[18:20:13] [INFO   ] Nueva orden ORD_00664 desde R05
[18:20:14] [INFO   ] Nueva orden ORD_00665 desde R01
[18:20:14] [INFO   ] Nueva orden ORD_00666 desde R12
[18:20:15] [INFO   ] Nueva orden ORD_00667 desde R23
[18:20:15] [INFO   ] Nueva orden ORD_00668 desde R05
[18:20:22] [INFO   ] Nueva orden ORD_00669 desde R01
[18:20:30] [INFO   ] VousCommandez cerrado.
[18:25:18] [INFO   ] Logger inicializado — VousCommandez
[18:25:18] [INFO   ] Iniciando VousCommandez...
[18:25:18] [INFO   ] Grafo cargado: 78 nodos, 290 aristas
[18:25:18] [INFO   ] Verificando nodos de dealers...
[18:25:18] [INFO   ] Simulator configurado. Iniciando render...
[18:25:19] [INFO   ] RendererSFML inicializado — ventana 1280x720
[18:25:19] [INFO   ] Nueva orden ORD_00001 desde R04
[18:25:19] [INFO   ] Nueva orden ORD_00002 desde R01
[18:25:19] [INFO   ] Nueva orden ORD_00003 desde R18
[18:25:19] [INFO   ] Nueva orden ORD_00004 desde R06
[18:25:19] [INFO   ] Nueva orden ORD_00005 desde R14
[18:25:19] [INFO   ] Nueva orden ORD_00006 desde R02
[18:25:20] [INFO   ] Nueva orden ORD_00007 desde R12
[18:25:20] [INFO   ] Nueva orden ORD_00008 desde R12
[18:25:20] [INFO   ] Nueva orden ORD_00009 desde R20
[18:25:20] [INFO   ] Nueva orden ORD_00010 desde R16
[18:25:20] [INFO   ] Nueva orden ORD_00011 desde R25
[18:25:20] [INFO   ] Nueva orden ORD_00012 desde R17
[18:25:21] [INFO   ] Nueva orden ORD_00013 desde R24
[18:25:21] [INFO   ] Nueva orden ORD_00014 desde R10
[18:25:21] [INFO   ] Nueva orden ORD_00015 desde R25
[18:25:21] [INFO   ] Nueva orden ORD_00016 desde R09
[18:25:21] [INFO   ] Nueva orden ORD_00017 desde R18
[18:25:21] [INFO   ] Nueva orden ORD_00018 desde R10
[18:25:22] [INFO   ] Nueva orden ORD_00019 desde R23
[18:25:22] [INFO   ] Nueva orden ORD_00020 desde R18
[18:25:22] [INFO   ] Nueva orden ORD_00021 desde R03
[18:25:22] [INFO   ] Nueva orden ORD_00022 desde R01
[18:25:22] [INFO   ] Nueva orden ORD_00023 desde R09
[18:25:22] [INFO   ] Nueva orden ORD_00024 desde R25
[18:25:23] [INFO   ] Nueva orden ORD_00025 desde R15
[18:25:23] [INFO   ] Nueva orden ORD_00026 desde R14
[18:25:23] [INFO   ] Nueva orden ORD_00027 desde R23
[18:25:23] [INFO   ] Nueva orden ORD_00028 desde R16
[18:25:23] [INFO   ] Nueva orden ORD_00029 desde R20
[18:25:23] [INFO   ] Nueva orden ORD_00030 desde R17
[18:25:24] [INFO   ] Nueva orden ORD_00031 desde R04
[18:25:24] [INFO   ] Nueva orden ORD_00032 desde R14
[18:25:24] [INFO   ] Nueva orden ORD_00033 desde R21
[18:25:24] [INFO   ] Nueva orden ORD_00034 desde R21
[18:25:24] [INFO   ] Nueva orden ORD_00035 desde R15
[18:25:42] [INFO   ] Nueva orden ORD_00036 desde R25
[18:25:42] [INFO   ] Nueva orden ORD_00037 desde R20
[18:25:42] [INFO   ] Nueva orden ORD_00038 desde R16
[18:25:42] [INFO   ] Nueva orden ORD_00039 desde R22
[18:25:42] [INFO   ] Nueva orden ORD_00040 desde R10
[18:25:42] [INFO   ] Nueva orden ORD_00041 desde R07
[18:25:42] [INFO   ] Nueva orden ORD_00042 desde R23
[18:25:42] [INFO   ] Nueva orden ORD_00043 desde R17
[18:25:42] [INFO   ] Nueva orden ORD_00044 desde R02
[18:25:42] [INFO   ] Nueva orden ORD_00045 desde R14
[18:25:43] [INFO   ] Nueva orden ORD_00046 desde R04
[18:25:43] [INFO   ] Nueva orden ORD_00047 desde R19
[18:25:43] [INFO   ] Nueva orden ORD_00048 desde R17
[18:25:43] [INFO   ] Nueva orden ORD_00049 desde R23
[18:25:43] [INFO   ] Nueva orden ORD_00050 desde R15
[18:25:43] [INFO   ] Nueva orden ORD_00051 desde R10
[18:25:43] [INFO   ] Nueva orden ORD_00052 desde R03
[18:25:43] [INFO   ] Nueva orden ORD_00053 desde R01
[18:25:43] [INFO   ] Nueva orden ORD_00054 desde R07
[18:25:43] [INFO   ] Nueva orden ORD_00055 desde R24
[18:25:44] [INFO   ] Nueva orden ORD_00056 desde R04
[18:25:44] [INFO   ] Nueva orden ORD_00057 desde R02
[18:25:44] [INFO   ] Nueva orden ORD_00058 desde R19
[18:25:44] [INFO   ] Nueva orden ORD_00059 desde R19
[18:25:44] [INFO   ] Nueva orden ORD_00060 desde R14
[18:25:44] [INFO   ] Nueva orden ORD_00061 desde R24
[18:25:44] [INFO   ] Nueva orden ORD_00062 desde R18
[18:25:44] [INFO   ] Nueva orden ORD_00063 desde R14
[18:25:44] [INFO   ] Nueva orden ORD_00064 desde R23
[18:25:44] [INFO   ] Nueva orden ORD_00065 desde R22
[18:25:45] [INFO   ] Nueva orden ORD_00066 desde R17
[18:25:47] [INFO   ] Nueva orden ORD_00067 desde R09
[18:25:47] [INFO   ] Nueva orden ORD_00068 desde R23
[18:25:47] [INFO   ] Nueva orden ORD_00069 desde R02
[18:25:47] [INFO   ] Nueva orden ORD_00070 desde R07
[18:25:48] [INFO   ] Nueva orden ORD_00071 desde R17
[18:25:48] [INFO   ] Nueva orden ORD_00072 desde R17
[18:25:48] [INFO   ] Nueva orden ORD_00073 desde R21
[18:25:48] [INFO   ] Nueva orden ORD_00074 desde R16
[18:25:48] [INFO   ] Nueva orden ORD_00075 desde R22
[18:25:48] [INFO   ] Nueva orden ORD_00076 desde R08
[18:25:48] [INFO   ] Nueva orden ORD_00077 desde R04
[18:25:48] [INFO   ] Nueva orden ORD_00078 desde R03
[18:25:48] [INFO   ] Nueva orden ORD_00079 desde R10
[18:25:48] [INFO   ] Nueva orden ORD_00080 desde R18
[18:25:49] [INFO   ] Nueva orden ORD_00081 desde R23
[18:25:49] [INFO   ] Nueva orden ORD_00082 desde R16
[18:25:49] [INFO   ] Nueva orden ORD_00083 desde R08
[18:25:49] [INFO   ] Nueva orden ORD_00084 desde R16
[18:25:49] [INFO   ] Nueva orden ORD_00085 desde R16
[18:25:49] [INFO   ] Nueva orden ORD_00086 desde R24
[18:25:49] [INFO   ] Nueva orden ORD_00087 desde R06
[18:25:49] [INFO   ] Nueva orden ORD_00088 desde R15
[18:25:49] [INFO   ] Nueva orden ORD_00089 desde R19
[18:25:49] [INFO   ] Nueva orden ORD_00090 desde R09
[18:25:50] [INFO   ] Nueva orden ORD_00091 desde R24
[18:25:50] [INFO   ] Nueva orden ORD_00092 desde R24
[18:27:23] [INFO   ] VousCommandez cerrado.
[18:37:33] [INFO   ] Logger inicializado — VousCommandez
[18:37:33] [INFO   ] Iniciando VousCommandez...
[18:37:33] [INFO   ] Grafo cargado: 78 nodos, 290 aristas
[18:37:33] [INFO   ] Verificando nodos de dealers...
[18:37:33] [INFO   ] Simulator configurado. Iniciando render...
[18:37:33] [INFO   ] RendererSFML inicializado — ventana 1280x720
[18:37:33] [INFO   ] Nueva orden ORD_00001 desde R24
[18:37:33] [INFO   ] Nueva orden ORD_00002 desde R17
[18:37:33] [INFO   ] Nueva orden ORD_00003 desde R10
[18:37:34] [INFO   ] Nueva orden ORD_00004 desde R19
[18:37:34] [INFO   ] Nueva orden ORD_00005 desde R12
[18:37:34] [INFO   ] Nueva orden ORD_00006 desde R22
[18:37:34] [INFO   ] Nueva orden ORD_00007 desde R21
[18:37:34] [INFO   ] Nueva orden ORD_00008 desde R23
[18:37:34] [INFO   ] Nueva orden ORD_00009 desde R05
[18:37:35] [INFO   ] Nueva orden ORD_00010 desde R20
[18:37:35] [INFO   ] Nueva orden ORD_00011 desde R06
[18:37:35] [INFO   ] Nueva orden ORD_00012 desde R03
[18:37:35] [INFO   ] Nueva orden ORD_00013 desde R13
[18:37:35] [INFO   ] Nueva orden ORD_00014 desde R21
[18:37:35] [INFO   ] Nueva orden ORD_00015 desde R15
[18:37:35] [INFO   ] Nueva orden ORD_00016 desde R16
[18:37:36] [INFO   ] Nueva orden ORD_00017 desde R24
[18:37:36] [INFO   ] Nueva orden ORD_00018 desde R06
[18:37:36] [INFO   ] Nueva orden ORD_00019 desde R19
[18:37:36] [INFO   ] Nueva orden ORD_00020 desde R04
[18:37:36] [INFO   ] Nueva orden ORD_00021 desde R21
[18:37:36] [INFO   ] Nueva orden ORD_00022 desde R09
[18:37:37] [INFO   ] Nueva orden ORD_00023 desde R19
[18:37:37] [INFO   ] Nueva orden ORD_00024 desde R25
[18:37:37] [INFO   ] Nueva orden ORD_00025 desde R04
[18:37:37] [INFO   ] Nueva orden ORD_00026 desde R06
[18:37:44] [INFO   ] Nueva orden ORD_00027 desde R08
[18:37:45] [INFO   ] Nueva orden ORD_00028 desde R24
[18:37:45] [INFO   ] Nueva orden ORD_00029 desde R06
[18:37:45] [INFO   ] Nueva orden ORD_00030 desde R04
[18:37:45] [INFO   ] Nueva orden ORD_00031 desde R17
[18:37:45] [INFO   ] Nueva orden ORD_00032 desde R17
[18:37:45] [INFO   ] Nueva orden ORD_00033 desde R21
[18:37:48] [INFO   ] Nueva orden ORD_00034 desde R08
[18:37:48] [INFO   ] Nueva orden ORD_00035 desde R14
[18:37:49] [INFO   ] Nueva orden ORD_00036 desde R25
[18:37:49] [INFO   ] Nueva orden ORD_00037 desde R11
[18:37:49] [INFO   ] Nueva orden ORD_00038 desde R04
[18:37:49] [INFO   ] Nueva orden ORD_00039 desde R15
[18:37:49] [INFO   ] Nueva orden ORD_00040 desde R15
[18:37:49] [INFO   ] Nueva orden ORD_00041 desde R06
[18:37:49] [INFO   ] Nueva orden ORD_00042 desde R01
[18:37:49] [INFO   ] Nueva orden ORD_00043 desde R06
[18:37:49] [INFO   ] Nueva orden ORD_00044 desde R04
[18:37:49] [INFO   ] Nueva orden ORD_00045 desde R11
[18:37:49] [INFO   ] Nueva orden ORD_00046 desde R01
[18:37:49] [INFO   ] Nueva orden ORD_00047 desde R19
[18:37:49] [INFO   ] Nueva orden ORD_00048 desde R22
[18:37:50] [INFO   ] Nueva orden ORD_00049 desde R01
[18:37:51] [INFO   ] Nueva orden ORD_00050 desde R13
[18:37:52] [INFO   ] Nueva orden ORD_00051 desde R01
[18:37:53] [INFO   ] Nueva orden ORD_00052 desde R18
[18:37:54] [INFO   ] Nueva orden ORD_00053 desde R01
[18:37:55] [INFO   ] Nueva orden ORD_00054 desde R23
[18:37:56] [INFO   ] Nueva orden ORD_00055 desde R07
[18:37:57] [INFO   ] Nueva orden ORD_00056 desde R06
[18:37:58] [INFO   ] Nueva orden ORD_00057 desde R25
[18:37:59] [INFO   ] Nueva orden ORD_00058 desde R16
[18:38:00] [INFO   ] Nueva orden ORD_00059 desde R06
[18:38:01] [INFO   ] Nueva orden ORD_00060 desde R17
[18:38:02] [INFO   ] Nueva orden ORD_00061 desde R08
[18:38:03] [INFO   ] Nueva orden ORD_00062 desde R21
[18:38:04] [INFO   ] Nueva orden ORD_00063 desde R19
[18:38:05] [INFO   ] Nueva orden ORD_00064 desde R12
[18:38:06] [INFO   ] Nueva orden ORD_00065 desde R25
[18:38:07] [INFO   ] Nueva orden ORD_00066 desde R10
[18:38:08] [INFO   ] Nueva orden ORD_00067 desde R16
[18:38:09] [INFO   ] Nueva orden ORD_00068 desde R15
[18:38:10] [INFO   ] Nueva orden ORD_00069 desde R19
[18:38:11] [INFO   ] Nueva orden ORD_00070 desde R14
[18:38:12] [INFO   ] Nueva orden ORD_00071 desde R04
[18:38:13] [INFO   ] Nueva orden ORD_00072 desde R17
[18:38:14] [INFO   ] Nueva orden ORD_00073 desde R25
[18:38:15] [INFO   ] Nueva orden ORD_00074 desde R18
[18:38:16] [INFO   ] Nueva orden ORD_00075 desde R23
[18:38:17] [INFO   ] Nueva orden ORD_00076 desde R06
[18:38:18] [INFO   ] Nueva orden ORD_00077 desde R09
[18:38:19] [INFO   ] Nueva orden ORD_00078 desde R09
[18:38:20] [INFO   ] Nueva orden ORD_00079 desde R12
[18:38:21] [INFO   ] Nueva orden ORD_00080 desde R06
[18:38:22] [INFO   ] Nueva orden ORD_00081 desde R02
[18:38:23] [INFO   ] Nueva orden ORD_00082 desde R11
[18:38:24] [INFO   ] Nueva orden ORD_00083 desde R03
[18:38:25] [INFO   ] Nueva orden ORD_00084 desde R23
[18:38:26] [INFO   ] Nueva orden ORD_00085 desde R19
[18:38:27] [INFO   ] Nueva orden ORD_00086 desde R12
[18:38:28] [INFO   ] Nueva orden ORD_00087 desde R23
[18:38:29] [INFO   ] Nueva orden ORD_00088 desde R13
[18:38:30] [INFO   ] Nueva orden ORD_00089 desde R12
[18:38:31] [INFO   ] Nueva orden ORD_00090 desde R12
[18:38:32] [INFO   ] Nueva orden ORD_00091 desde R25
[18:38:33] [INFO   ] Nueva orden ORD_00092 desde R01
[18:38:34] [INFO   ] Nueva orden ORD_00093 desde R18
[18:38:35] [INFO   ] Nueva orden ORD_00094 desde R11
[18:38:36] [INFO   ] Nueva orden ORD_00095 desde R22
[18:38:37] [INFO   ] Nueva orden ORD_00096 desde R07
[18:38:38] [INFO   ] Nueva orden ORD_00097 desde R20
[18:38:39] [INFO   ] Nueva orden ORD_00098 desde R17
[18:38:40] [INFO   ] Nueva orden ORD_00099 desde R10
[18:38:41] [INFO   ] Nueva orden ORD_00100 desde R13
[18:38:42] [INFO   ] Nueva orden ORD_00101 desde R16
[18:38:43] [INFO   ] Nueva orden ORD_00102 desde R08
[18:38:44] [INFO   ] Nueva orden ORD_00103 desde R13
[18:38:45] [INFO   ] Nueva orden ORD_00104 desde R12
[18:38:46] [INFO   ] Nueva orden ORD_00105 desde R21
[18:38:47] [INFO   ] Nueva orden ORD_00106 desde R11
[18:38:48] [INFO   ] Nueva orden ORD_00107 desde R24
[18:38:49] [INFO   ] Nueva orden ORD_00108 desde R17
[18:38:50] [INFO   ] Nueva orden ORD_00109 desde R02
[18:38:51] [INFO   ] Nueva orden ORD_00110 desde R22
[18:38:52] [INFO   ] Nueva orden ORD_00111 desde R02
[18:38:53] [INFO   ] Nueva orden ORD_00112 desde R18
[18:38:54] [INFO   ] Nueva orden ORD_00113 desde R11
[18:38:55] [INFO   ] Nueva orden ORD_00114 desde R13
[18:38:56] [INFO   ] Nueva orden ORD_00115 desde R22
[18:38:57] [INFO   ] Nueva orden ORD_00116 desde R05
[18:38:58] [INFO   ] Nueva orden ORD_00117 desde R20
[18:38:59] [INFO   ] Nueva orden ORD_00118 desde R24
[18:39:00] [INFO   ] Nueva orden ORD_00119 desde R20
[18:39:01] [INFO   ] Nueva orden ORD_00120 desde R05
[18:39:02] [INFO   ] Nueva orden ORD_00121 desde R08
[18:39:03] [INFO   ] VousCommandez cerrado.
[18:40:25] [INFO   ] Logger inicializado — VousCommandez
[18:40:25] [INFO   ] Iniciando VousCommandez...
[18:40:25] [INFO   ] Grafo cargado: 78 nodos, 290 aristas
[18:40:25] [INFO   ] Verificando nodos de dealers...
[18:40:25] [INFO   ] Simulator configurado. Iniciando render...
[18:40:26] [INFO   ] RendererSFML inicializado — ventana 1280x720
[18:40:26] [INFO   ] Nueva orden ORD_00001 desde R14
[18:40:26] [INFO   ] Nueva orden ORD_00002 desde R01
[18:40:26] [INFO   ] Nueva orden ORD_00003 desde R10
[18:40:26] [INFO   ] Nueva orden ORD_00004 desde R24
[18:40:26] [INFO   ] Nueva orden ORD_00005 desde R02
[18:40:26] [INFO   ] Nueva orden ORD_00006 desde R24
[18:40:27] [INFO   ] Nueva orden ORD_00007 desde R08
[18:40:27] [INFO   ] Nueva orden ORD_00008 desde R03
[18:40:27] [INFO   ] Nueva orden ORD_00009 desde R13
[18:40:27] [INFO   ] Nueva orden ORD_00010 desde R24
[18:40:27] [INFO   ] Nueva orden ORD_00011 desde R11
[18:40:27] [INFO   ] Nueva orden ORD_00012 desde R05
[18:40:28] [INFO   ] Nueva orden ORD_00013 desde R20
[18:40:28] [INFO   ] Nueva orden ORD_00014 desde R11
[18:40:28] [INFO   ] Nueva orden ORD_00015 desde R25
[18:40:28] [INFO   ] Nueva orden ORD_00016 desde R01
[18:40:28] [INFO   ] Nueva orden ORD_00017 desde R04
[18:40:28] [INFO   ] Nueva orden ORD_00018 desde R25
[18:40:29] [INFO   ] Nueva orden ORD_00019 desde R03
[18:40:29] [INFO   ] Nueva orden ORD_00020 desde R08
[18:40:29] [INFO   ] Nueva orden ORD_00021 desde R04
[18:40:29] [INFO   ] Nueva orden ORD_00022 desde R04
[18:40:32] [INFO   ] Nueva orden ORD_00023 desde R13
[18:40:37] [INFO   ] Nueva orden ORD_00024 desde R03
[18:40:42] [INFO   ] Nueva orden ORD_00025 desde R08
[18:40:47] [INFO   ] Nueva orden ORD_00026 desde R22
[18:40:52] [INFO   ] Nueva orden ORD_00027 desde R09
[18:40:57] [INFO   ] Nueva orden ORD_00028 desde R12
[18:41:02] [INFO   ] Nueva orden ORD_00029 desde R19
[18:41:07] [INFO   ] Nueva orden ORD_00030 desde R18
[18:41:12] [INFO   ] Nueva orden ORD_00031 desde R13
[18:41:22] [INFO   ] Nueva orden ORD_00032 desde R03
[18:41:27] [INFO   ] Nueva orden ORD_00033 desde R18
[18:41:32] [INFO   ] Nueva orden ORD_00034 desde R08
[18:41:37] [INFO   ] Nueva orden ORD_00035 desde R09
[18:41:41] [INFO   ] VousCommandez cerrado.
[18:42:12] [INFO   ] Logger inicializado — VousCommandez
[18:42:12] [INFO   ] Iniciando VousCommandez...
[18:42:12] [INFO   ] Grafo cargado: 78 nodos, 290 aristas
[18:42:12] [INFO   ] Verificando nodos de dealers...
[18:42:12] [INFO   ] Simulator configurado. Iniciando render...
[18:42:13] [INFO   ] RendererSFML inicializado — ventana 1280x720
[18:42:13] [INFO   ] Nueva orden ORD_00001 desde R23
[18:42:13] [INFO   ] Nueva orden ORD_00002 desde R11
[18:42:13] [INFO   ] Nueva orden ORD_00003 desde R25
[18:42:13] [INFO   ] Nueva orden ORD_00004 desde R17
[18:42:13] [INFO   ] Nueva orden ORD_00005 desde R05
[18:42:13] [INFO   ] Nueva orden ORD_00006 desde R09
[18:42:13] [INFO   ] Nueva orden ORD_00007 desde R19
[18:42:14] [INFO   ] Nueva orden ORD_00008 desde R06
[18:42:14] [INFO   ] Nueva orden ORD_00009 desde R01
[18:42:14] [INFO   ] Nueva orden ORD_00010 desde R06
[18:42:14] [INFO   ] Nueva orden ORD_00011 desde R07
[18:42:14] [INFO   ] Nueva orden ORD_00012 desde R03
[18:42:14] [INFO   ] Nueva orden ORD_00013 desde R03
[18:42:15] [INFO   ] Nueva orden ORD_00014 desde R10
[18:42:15] [INFO   ] Nueva orden ORD_00015 desde R12
[18:42:15] [INFO   ] Nueva orden ORD_00016 desde R24
[18:42:15] [INFO   ] Nueva orden ORD_00017 desde R07
[18:42:15] [INFO   ] Nueva orden ORD_00018 desde R03
[18:42:15] [INFO   ] Nueva orden ORD_00019 desde R21
[18:42:16] [INFO   ] Nueva orden ORD_00020 desde R19
[18:42:16] [INFO   ] Nueva orden ORD_00021 desde R10
[18:42:16] [INFO   ] Nueva orden ORD_00022 desde R23
[18:42:16] [INFO   ] Nueva orden ORD_00023 desde R08
[18:42:16] [INFO   ] Nueva orden ORD_00024 desde R04
[18:42:16] [INFO   ] Nueva orden ORD_00025 desde R06
[18:42:17] [INFO   ] Nueva orden ORD_00026 desde R25
[18:42:17] [INFO   ] Nueva orden ORD_00027 desde R12
[18:42:17] [INFO   ] Nueva orden ORD_00028 desde R10
[18:42:17] [INFO   ] Nueva orden ORD_00029 desde R16
[18:42:22] [INFO   ] Nueva orden ORD_00030 desde R11
[18:42:27] [INFO   ] Nueva orden ORD_00031 desde R17
[18:42:32] [INFO   ] Nueva orden ORD_00032 desde R02
[18:42:41] [INFO   ] Nueva orden ORD_00033 desde R12
[18:42:46] [INFO   ] Nueva orden ORD_00034 desde R08
[18:42:51] [INFO   ] Nueva orden ORD_00035 desde R20
[18:42:56] [INFO   ] Nueva orden ORD_00036 desde R10
[18:42:56] [INFO   ] Nueva orden ORD_00037 desde R02
[18:42:56] [INFO   ] Nueva orden ORD_00038 desde R19
[18:42:56] [INFO   ] Nueva orden ORD_00039 desde R10
[18:42:56] [INFO   ] Nueva orden ORD_00040 desde R20
[18:42:57] [INFO   ] Nueva orden ORD_00041 desde R19
[18:42:58] [INFO   ] Nueva orden ORD_00042 desde R07
[18:42:59] [INFO   ] Nueva orden ORD_00043 desde R08
[18:43:00] [INFO   ] Nueva orden ORD_00044 desde R20
[18:43:01] [INFO   ] Nueva orden ORD_00045 desde R01
[18:43:02] [INFO   ] Nueva orden ORD_00046 desde R21
[18:43:03] [INFO   ] Nueva orden ORD_00047 desde R22
[18:43:04] [INFO   ] Nueva orden ORD_00048 desde R02
[18:43:05] [INFO   ] Nueva orden ORD_00049 desde R04
[18:43:06] [INFO   ] VousCommandez cerrado.
[18:53:26] [INFO   ] Logger inicializado — VousCommandez
[18:53:26] [INFO   ] Iniciando VousCommandez...
[18:53:26] [INFO   ] Grafo cargado: 78 nodos, 290 aristas
[18:53:26] [INFO   ] Verificando nodos de dealers...
[18:53:26] [INFO   ] Simulator configurado. Iniciando render...
[18:53:26] [INFO   ] RendererSFML inicializado — ventana 1280x720
[18:53:26] [INFO   ] Nueva orden ORD_00001 desde R23
[18:53:27] [INFO   ] Nueva orden ORD_00002 desde R22
[18:53:27] [INFO   ] Nueva orden ORD_00003 desde R14
[18:53:27] [INFO   ] Nueva orden ORD_00004 desde R25
[18:53:27] [INFO   ] Nueva orden ORD_00005 desde R09
[18:53:27] [INFO   ] Nueva orden ORD_00006 desde R20
[18:53:27] [INFO   ] Nueva orden ORD_00007 desde R08
[18:53:28] [INFO   ] Nueva orden ORD_00008 desde R13
[18:53:28] [INFO   ] Nueva orden ORD_00009 desde R14
[18:53:28] [INFO   ] Nueva orden ORD_00010 desde R16
[18:53:28] [INFO   ] Nueva orden ORD_00011 desde R17
[18:53:28] [INFO   ] Nueva orden ORD_00012 desde R11
[18:53:28] [INFO   ] Nueva orden ORD_00013 desde R06
[18:53:29] [INFO   ] Nueva orden ORD_00014 desde R18
[18:53:29] [INFO   ] Nueva orden ORD_00015 desde R24
[18:53:29] [INFO   ] Nueva orden ORD_00016 desde R20
[18:53:29] [INFO   ] Nueva orden ORD_00017 desde R01
[18:53:29] [INFO   ] Nueva orden ORD_00018 desde R03
[18:53:29] [INFO   ] Nueva orden ORD_00019 desde R20
[18:53:29] [INFO   ] Nueva orden ORD_00020 desde R11
[18:53:30] [INFO   ] Nueva orden ORD_00021 desde R19
[18:53:30] [INFO   ] Nueva orden ORD_00022 desde R16
[18:53:30] [INFO   ] Nueva orden ORD_00023 desde R15
[18:53:30] [INFO   ] Nueva orden ORD_00024 desde R25
[18:53:30] [INFO   ] Nueva orden ORD_00025 desde R16
[18:53:30] [INFO   ] Nueva orden ORD_00026 desde R21
[18:53:31] [INFO   ] Nueva orden ORD_00027 desde R09
[18:53:31] [INFO   ] Nueva orden ORD_00028 desde R02
[18:53:31] [INFO   ] Nueva orden ORD_00029 desde R13
[18:53:31] [INFO   ] Nueva orden ORD_00030 desde R05
[18:53:31] [INFO   ] Nueva orden ORD_00031 desde R14
[18:53:31] [INFO   ] Nueva orden ORD_00032 desde R13
[18:53:32] [INFO   ] Nueva orden ORD_00033 desde R14
[18:53:32] [INFO   ] Nueva orden ORD_00034 desde R09
[18:53:32] [INFO   ] Nueva orden ORD_00035 desde R14
[18:53:32] [INFO   ] Nueva orden ORD_00036 desde R18
[18:53:32] [INFO   ] Nueva orden ORD_00037 desde R10
[18:53:32] [INFO   ] Nueva orden ORD_00038 desde R24
[18:53:32] [INFO   ] Nueva orden ORD_00039 desde R14
[18:53:32] [INFO   ] Nueva orden ORD_00040 desde R11
[18:53:32] [INFO   ] Nueva orden ORD_00041 desde R06
[18:53:32] [INFO   ] Nueva orden ORD_00042 desde R17
[18:53:32] [INFO   ] Nueva orden ORD_00043 desde R08
[18:53:32] [INFO   ] Nueva orden ORD_00044 desde R18
[18:53:32] [INFO   ] Nueva orden ORD_00045 desde R22
[18:53:32] [INFO   ] Nueva orden ORD_00046 desde R21
[18:53:32] [INFO   ] Nueva orden ORD_00047 desde R12
[18:53:33] [INFO   ] Nueva orden ORD_00048 desde R20
[18:53:34] [INFO   ] Nueva orden ORD_00049 desde R05
[18:53:35] [INFO   ] Nueva orden ORD_00050 desde R04
[18:53:36] [INFO   ] Nueva orden ORD_00051 desde R04
[18:53:37] [INFO   ] Nueva orden ORD_00052 desde R22
[18:53:38] [INFO   ] Nueva orden ORD_00053 desde R25
[18:53:39] [INFO   ] Nueva orden ORD_00054 desde R03
[18:53:40] [INFO   ] Nueva orden ORD_00055 desde R01
[18:53:41] [INFO   ] Nueva orden ORD_00056 desde R20
[18:53:42] [INFO   ] Nueva orden ORD_00057 desde R13
[18:53:43] [INFO   ] Nueva orden ORD_00058 desde R01
[18:53:44] [INFO   ] Nueva orden ORD_00059 desde R03
[18:53:45] [INFO   ] Nueva orden ORD_00060 desde R16
[18:53:46] [INFO   ] Nueva orden ORD_00061 desde R23
[18:53:47] [INFO   ] Nueva orden ORD_00062 desde R07
[18:53:48] [INFO   ] Nueva orden ORD_00063 desde R19
[18:53:49] [INFO   ] Nueva orden ORD_00064 desde R06
[18:53:50] [INFO   ] Nueva orden ORD_00065 desde R20
[18:53:51] [INFO   ] Nueva orden ORD_00066 desde R13
[18:53:52] [INFO   ] Nueva orden ORD_00067 desde R01
[18:53:53] [INFO   ] Nueva orden ORD_00068 desde R07
[18:53:54] [INFO   ] Nueva orden ORD_00069 desde R19
[18:53:55] [INFO   ] Nueva orden ORD_00070 desde R10
[18:53:56] [INFO   ] Nueva orden ORD_00071 desde R16
[18:53:57] [INFO   ] Nueva orden ORD_00072 desde R18
[18:53:58] [INFO   ] Nueva orden ORD_00073 desde R20
[18:53:59] [INFO   ] Nueva orden ORD_00074 desde R24
[18:54:00] [INFO   ] Nueva orden ORD_00075 desde R23
[18:54:01] [INFO   ] Nueva orden ORD_00076 desde R25
[18:54:02] [INFO   ] Nueva orden ORD_00077 desde R05
[18:54:03] [INFO   ] Nueva orden ORD_00078 desde R16
[18:54:04] [INFO   ] Nueva orden ORD_00079 desde R13
[18:54:05] [INFO   ] Nueva orden ORD_00080 desde R21
[18:54:06] [INFO   ] Nueva orden ORD_00081 desde R07
[18:54:07] [INFO   ] Nueva orden ORD_00082 desde R21
[18:54:08] [INFO   ] Nueva orden ORD_00083 desde R17
[18:54:09] [INFO   ] Nueva orden ORD_00084 desde R03
[18:54:10] [INFO   ] Nueva orden ORD_00085 desde R04
[18:54:11] [INFO   ] Nueva orden ORD_00086 desde R25
[18:54:12] [INFO   ] Nueva orden ORD_00087 desde R12
[18:54:13] [INFO   ] Nueva orden ORD_00088 desde R14
[18:54:14] [INFO   ] Nueva orden ORD_00089 desde R11
[18:54:15] [INFO   ] Nueva orden ORD_00090 desde R23
[18:54:16] [INFO   ] Nueva orden ORD_00091 desde R12
[18:54:17] [INFO   ] Nueva orden ORD_00092 desde R02
[18:54:18] [INFO   ] Nueva orden ORD_00093 desde R22
[18:54:19] [INFO   ] Nueva orden ORD_00094 desde R17
[18:54:20] [INFO   ] Nueva orden ORD_00095 desde R01
[18:54:21] [INFO   ] Nueva orden ORD_00096 desde R20
[18:54:22] [INFO   ] Nueva orden ORD_00097 desde R06
[18:54:23] [INFO   ] Nueva orden ORD_00098 desde R05
[18:54:24] [INFO   ] Nueva orden ORD_00099 desde R02
[18:54:25] [INFO   ] Nueva orden ORD_00100 desde R01
[18:54:26] [INFO   ] Nueva orden ORD_00101 desde R19
[18:54:27] [INFO   ] Nueva orden ORD_00102 desde R04
[18:54:28] [INFO   ] Nueva orden ORD_00103 desde R10
[18:54:29] [INFO   ] Nueva orden ORD_00104 desde R09
[18:54:30] [INFO   ] Nueva orden ORD_00105 desde R08
[18:54:31] [INFO   ] Nueva orden ORD_00106 desde R16
[18:54:32] [INFO   ] Nueva orden ORD_00107 desde R08
[18:54:33] [INFO   ] Nueva orden ORD_00108 desde R21
[18:54:34] [INFO   ] Nueva orden ORD_00109 desde R24
[18:54:35] [INFO   ] VousCommandez cerrado.
[18:55:14] [INFO   ] Logger inicializado — VousCommandez
[18:55:14] [INFO   ] Iniciando VousCommandez...
[18:55:14] [INFO   ] Grafo cargado: 78 nodos, 290 aristas
[18:55:14] [INFO   ] Verificando nodos de dealers...
[18:55:14] [INFO   ] Simulator configurado. Iniciando render...
[18:55:15] [INFO   ] RendererSFML inicializado — ventana 1280x720
[18:55:15] [INFO   ] Nueva orden ORD_00001 desde R20
[18:55:15] [INFO   ] Nueva orden ORD_00002 desde R22
[18:55:15] [INFO   ] Nueva orden ORD_00003 desde R02
[18:55:15] [INFO   ] Nueva orden ORD_00004 desde R13
[18:55:15] [INFO   ] Nueva orden ORD_00005 desde R07
[18:55:15] [INFO   ] Nueva orden ORD_00006 desde R17
[18:55:16] [INFO   ] Nueva orden ORD_00007 desde R19
[18:55:16] [INFO   ] Nueva orden ORD_00008 desde R19
[18:55:16] [INFO   ] Nueva orden ORD_00009 desde R04
[18:55:16] [INFO   ] Nueva orden ORD_00010 desde R17
[18:55:16] [INFO   ] Nueva orden ORD_00011 desde R14
[18:55:16] [INFO   ] Nueva orden ORD_00012 desde R15
[18:55:17] [INFO   ] Nueva orden ORD_00013 desde R15
[18:55:17] [INFO   ] Nueva orden ORD_00014 desde R11
[18:55:17] [INFO   ] Nueva orden ORD_00015 desde R12
[18:55:17] [INFO   ] Nueva orden ORD_00016 desde R24
[18:55:17] [INFO   ] Nueva orden ORD_00017 desde R02
[18:55:17] [INFO   ] Nueva orden ORD_00018 desde R10
[18:55:18] [INFO   ] Nueva orden ORD_00019 desde R21
[18:55:18] [INFO   ] Nueva orden ORD_00020 desde R04
[18:55:18] [INFO   ] Nueva orden ORD_00021 desde R04
[18:55:18] [INFO   ] Nueva orden ORD_00022 desde R01
[18:55:18] [INFO   ] Nueva orden ORD_00023 desde R20
[18:55:18] [INFO   ] Nueva orden ORD_00024 desde R14
[18:55:19] [INFO   ] Nueva orden ORD_00025 desde R19
[18:55:19] [INFO   ] Nueva orden ORD_00026 desde R16
[18:55:19] [INFO   ] Nueva orden ORD_00027 desde R19
[18:55:19] [INFO   ] Nueva orden ORD_00028 desde R01
[18:55:24] [INFO   ] Nueva orden ORD_00029 desde R18
[18:55:29] [INFO   ] Nueva orden ORD_00030 desde R01
[18:55:34] [INFO   ] Nueva orden ORD_00031 desde R24
[18:55:39] [INFO   ] Nueva orden ORD_00032 desde R13
[18:55:41] [INFO   ] VousCommandez cerrado.
[19:03:34] [INFO   ] Logger inicializado — VousCommandez
[19:03:34] [INFO   ] Iniciando VousCommandez...
[19:03:34] [INFO   ] Grafo cargado: 78 nodos, 290 aristas
[19:03:34] [INFO   ] Verificando nodos de dealers...
[19:03:34] [INFO   ] Simulator configurado. Iniciando render...
[19:03:35] [INFO   ] RendererSFML inicializado — ventana 1280x720
[19:03:35] [INFO   ] Nueva orden ORD_00001 desde R04
[19:03:35] [INFO   ] Nueva orden ORD_00002 desde R14
[19:03:35] [INFO   ] Nueva orden ORD_00003 desde R19
[19:03:35] [INFO   ] Nueva orden ORD_00004 desde R14
[19:03:35] [INFO   ] Nueva orden ORD_00005 desde R01
[19:03:35] [INFO   ] Nueva orden ORD_00006 desde R05
[19:03:36] [INFO   ] Nueva orden ORD_00007 desde R24
[19:03:36] [INFO   ] Nueva orden ORD_00008 desde R24
[19:03:36] [INFO   ] Nueva orden ORD_00009 desde R08
[19:03:36] [INFO   ] Nueva orden ORD_00010 desde R25
[19:03:36] [INFO   ] Nueva orden ORD_00011 desde R13
[19:03:36] [INFO   ] Nueva orden ORD_00012 desde R22
[19:03:37] [INFO   ] Nueva orden ORD_00013 desde R03
[19:03:37] [INFO   ] Nueva orden ORD_00014 desde R18
[19:03:37] [INFO   ] Nueva orden ORD_00015 desde R02
[19:03:42] [INFO   ] Nueva orden ORD_00016 desde R22
[19:03:48] [INFO   ] Nueva orden ORD_00017 desde R15
[19:03:53] [INFO   ] Nueva orden ORD_00018 desde R25
[19:03:58] [INFO   ] Nueva orden ORD_00019 desde R15
[19:04:03] [INFO   ] Nueva orden ORD_00020 desde R22
[19:04:08] [INFO   ] Nueva orden ORD_00021 desde R12
[19:04:13] [INFO   ] Nueva orden ORD_00022 desde R23
[19:04:18] [INFO   ] Nueva orden ORD_00023 desde R22
[19:04:23] [INFO   ] Nueva orden ORD_00024 desde R25
[19:04:28] [INFO   ] Nueva orden ORD_00025 desde R21
[19:04:33] [INFO   ] Nueva orden ORD_00026 desde R06
[19:04:37] [INFO   ] Nueva orden ORD_00027 desde R05
[19:04:37] [INFO   ] Nueva orden ORD_00028 desde R13
[19:04:38] [INFO   ] Nueva orden ORD_00029 desde R09
[19:04:38] [INFO   ] Nueva orden ORD_00030 desde R05
[19:04:39] [INFO   ] Nueva orden ORD_00031 desde R16
[19:04:39] [INFO   ] Nueva orden ORD_00032 desde R16
[19:04:40] [INFO   ] Nueva orden ORD_00033 desde R03
[19:04:40] [INFO   ] Nueva orden ORD_00034 desde R08
[19:04:41] [INFO   ] Nueva orden ORD_00035 desde R14
[19:04:41] [INFO   ] Nueva orden ORD_00036 desde R08
[19:04:41] [INFO   ] Nueva orden ORD_00037 desde R24
[19:04:41] [INFO   ] Nueva orden ORD_00038 desde R13
[19:04:41] [INFO   ] Nueva orden ORD_00039 desde R05
[19:04:41] [INFO   ] Nueva orden ORD_00040 desde R20
[19:04:41] [INFO   ] Nueva orden ORD_00041 desde R16
[19:04:41] [INFO   ] Nueva orden ORD_00042 desde R19
[19:04:42] [INFO   ] Nueva orden ORD_00043 desde R22
[19:04:42] [INFO   ] Nueva orden ORD_00044 desde R08
[19:04:42] [INFO   ] Nueva orden ORD_00045 desde R16
[19:04:42] [INFO   ] Nueva orden ORD_00046 desde R08
[19:04:42] [INFO   ] Nueva orden ORD_00047 desde R25
[19:04:42] [INFO   ] Nueva orden ORD_00048 desde R08
[19:04:42] [INFO   ] Nueva orden ORD_00049 desde R01
[19:04:42] [INFO   ] Nueva orden ORD_00050 desde R06
[19:04:42] [INFO   ] Nueva orden ORD_00051 desde R16
[19:04:43] [INFO   ] Nueva orden ORD_00052 desde R05
[19:04:43] [INFO   ] Nueva orden ORD_00053 desde R23
[19:04:43] [INFO   ] Nueva orden ORD_00054 desde R16
[19:04:43] [INFO   ] Nueva orden ORD_00055 desde R21
[19:04:43] [INFO   ] Nueva orden ORD_00056 desde R05
[19:04:43] [INFO   ] Nueva orden ORD_00057 desde R13
[19:04:43] [INFO   ] Nueva orden ORD_00058 desde R15
[19:04:43] [INFO   ] Nueva orden ORD_00059 desde R15
[19:04:43] [INFO   ] Nueva orden ORD_00060 desde R19
[19:04:43] [INFO   ] Nueva orden ORD_00061 desde R18
[19:04:43] [INFO   ] Nueva orden ORD_00062 desde R03
[19:04:44] [INFO   ] Nueva orden ORD_00063 desde R18
[19:04:44] [INFO   ] Nueva orden ORD_00064 desde R16
[19:04:44] [INFO   ] Nueva orden ORD_00065 desde R01
[19:04:44] [INFO   ] Nueva orden ORD_00066 desde R02
[19:04:44] [INFO   ] Nueva orden ORD_00067 desde R05
[19:04:44] [INFO   ] Nueva orden ORD_00068 desde R24
[19:04:44] [INFO   ] Nueva orden ORD_00069 desde R21
[19:04:44] [INFO   ] Nueva orden ORD_00070 desde R18
[19:04:44] [INFO   ] Nueva orden ORD_00071 desde R02
[19:04:44] [INFO   ] Nueva orden ORD_00072 desde R19
[19:04:45] [INFO   ] Nueva orden ORD_00073 desde R21
[19:04:45] [INFO   ] Nueva orden ORD_00074 desde R11
[19:04:45] [INFO   ] Nueva orden ORD_00075 desde R02
[19:04:45] [INFO   ] Nueva orden ORD_00076 desde R24
[19:04:45] [INFO   ] Nueva orden ORD_00077 desde R18
[19:04:45] [INFO   ] Nueva orden ORD_00078 desde R03
[19:04:45] [INFO   ] Nueva orden ORD_00079 desde R19
[19:04:45] [INFO   ] Nueva orden ORD_00080 desde R11
[19:04:45] [INFO   ] Nueva orden ORD_00081 desde R16
[19:04:45] [INFO   ] Nueva orden ORD_00082 desde R23
[19:04:46] [INFO   ] Nueva orden ORD_00083 desde R21
[19:04:46] [INFO   ] Nueva orden ORD_00084 desde R06
[19:04:46] [INFO   ] Nueva orden ORD_00085 desde R14
[19:04:46] [INFO   ] Nueva orden ORD_00086 desde R07
[19:04:46] [INFO   ] Nueva orden ORD_00087 desde R21
[19:04:46] [INFO   ] Nueva orden ORD_00088 desde R01
[19:04:46] [INFO   ] Nueva orden ORD_00089 desde R20
[19:04:46] [INFO   ] Nueva orden ORD_00090 desde R08
[19:04:46] [INFO   ] Nueva orden ORD_00091 desde R15
[19:04:46] [INFO   ] Nueva orden ORD_00092 desde R01
[19:04:47] [INFO   ] Nueva orden ORD_00093 desde R05
[19:04:47] [INFO   ] Nueva orden ORD_00094 desde R08
[19:04:47] [INFO   ] Nueva orden ORD_00095 desde R07
[19:04:47] [INFO   ] Nueva orden ORD_00096 desde R02
[19:04:47] [INFO   ] Nueva orden ORD_00097 desde R09
[19:04:47] [INFO   ] Nueva orden ORD_00098 desde R05
[19:04:47] [INFO   ] Nueva orden ORD_00099 desde R12
[19:04:47] [INFO   ] Nueva orden ORD_00100 desde R17
[19:04:47] [INFO   ] Nueva orden ORD_00101 desde R19
[19:04:47] [INFO   ] Nueva orden ORD_00102 desde R16
[19:04:48] [INFO   ] Nueva orden ORD_00103 desde R02
[19:04:48] [INFO   ] Nueva orden ORD_00104 desde R08
[19:04:48] [INFO   ] Nueva orden ORD_00105 desde R17
[19:04:48] [INFO   ] Nueva orden ORD_00106 desde R10
[19:04:48] [INFO   ] Nueva orden ORD_00107 desde R08
[19:04:48] [INFO   ] Nueva orden ORD_00108 desde R02
[19:04:48] [INFO   ] Nueva orden ORD_00109 desde R14
[19:04:48] [INFO   ] Nueva orden ORD_00110 desde R11
[19:04:48] [INFO   ] Nueva orden ORD_00111 desde R08
[19:04:49] [INFO   ] Nueva orden ORD_00112 desde R15
[19:04:49] [INFO   ] Nueva orden ORD_00113 desde R04
[19:04:49] [INFO   ] Nueva orden ORD_00114 desde R14
[19:04:49] [INFO   ] Nueva orden ORD_00115 desde R01
[19:04:49] [INFO   ] Nueva orden ORD_00116 desde R20
[19:04:49] [INFO   ] Nueva orden ORD_00117 desde R25
[19:04:49] [INFO   ] Nueva orden ORD_00118 desde R04
[19:04:49] [INFO   ] Nueva orden ORD_00119 desde R14
[19:04:49] [INFO   ] Nueva orden ORD_00120 desde R19
[19:04:49] [INFO   ] Nueva orden ORD_00121 desde R19
[19:04:49] [INFO   ] Nueva orden ORD_00122 desde R15
[19:04:50] [INFO   ] Nueva orden ORD_00123 desde R21
[19:04:50] [INFO   ] Nueva orden ORD_00124 desde R20
[19:04:50] [INFO   ] Nueva orden ORD_00125 desde R24
[19:04:50] [INFO   ] Nueva orden ORD_00126 desde R08
[19:04:50] [INFO   ] Nueva orden ORD_00127 desde R04
[19:04:50] [INFO   ] Nueva orden ORD_00128 desde R05
[19:04:50] [INFO   ] Nueva orden ORD_00129 desde R08
[19:04:50] [INFO   ] Nueva orden ORD_00130 desde R09
[19:04:50] [INFO   ] Nueva orden ORD_00131 desde R14
[19:04:51] [INFO   ] Nueva orden ORD_00132 desde R17
[19:04:51] [INFO   ] Nueva orden ORD_00133 desde R22
[19:04:51] [INFO   ] VousCommandez cerrado.
[19:10:40] [INFO   ] Logger inicializado — VousCommandez
[19:10:40] [INFO   ] Iniciando VousCommandez...
[19:10:40] [INFO   ] Grafo cargado: 78 nodos, 290 aristas
[19:10:40] [INFO   ] Verificando nodos de dealers...
[19:10:40] [INFO   ] Simulator configurado. Iniciando render...
[19:10:40] [INFO   ] RendererSFML inicializado — ventana 1280x720
[19:10:40] [INFO   ] Nueva orden ORD_00001 desde R21
[19:10:41] [INFO   ] Nueva orden ORD_00002 desde R14
[19:10:41] [INFO   ] Nueva orden ORD_00003 desde R25
[19:10:41] [INFO   ] Nueva orden ORD_00004 desde R19
[19:10:41] [INFO   ] Nueva orden ORD_00005 desde R24
[19:10:41] [INFO   ] Nueva orden ORD_00006 desde R07
[19:10:41] [INFO   ] Nueva orden ORD_00007 desde R18
[19:10:42] [INFO   ] Nueva orden ORD_00008 desde R18
[19:10:42] [INFO   ] Nueva orden ORD_00009 desde R11
[19:10:42] [INFO   ] Nueva orden ORD_00010 desde R04
[19:10:42] [INFO   ] Nueva orden ORD_00011 desde R23
[19:10:42] [INFO   ] Nueva orden ORD_00012 desde R16
[19:10:42] [INFO   ] Nueva orden ORD_00013 desde R19
[19:10:43] [INFO   ] Nueva orden ORD_00014 desde R24
[19:10:43] [INFO   ] Nueva orden ORD_00015 desde R18
[19:10:43] [INFO   ] Nueva orden ORD_00016 desde R10
[19:10:43] [INFO   ] Nueva orden ORD_00017 desde R09
[19:10:43] [INFO   ] Nueva orden ORD_00018 desde R19
[19:10:43] [INFO   ] Nueva orden ORD_00019 desde R08
[19:10:44] [INFO   ] Nueva orden ORD_00020 desde R12
[19:10:44] [INFO   ] Nueva orden ORD_00021 desde R06
[19:10:44] [INFO   ] Nueva orden ORD_00022 desde R09
[19:10:44] [INFO   ] Nueva orden ORD_00023 desde R04
[19:10:49] [INFO   ] Nueva orden ORD_00024 desde R13
[19:10:54] [INFO   ] Nueva orden ORD_00025 desde R08
[19:10:58] [INFO   ] Nueva orden ORD_00026 desde R25
[19:10:59] [INFO   ] Nueva orden ORD_00027 desde R14
[19:10:59] [INFO   ] Nueva orden ORD_00028 desde R10
[19:11:00] [INFO   ] Nueva orden ORD_00029 desde R14
[19:11:00] [INFO   ] Nueva orden ORD_00030 desde R03
[19:11:01] [INFO   ] Nueva orden ORD_00031 desde R11
[19:11:01] [INFO   ] Nueva orden ORD_00032 desde R07
[19:11:02] [INFO   ] Nueva orden ORD_00033 desde R11
[19:11:02] [INFO   ] Nueva orden ORD_00034 desde R09
[19:11:03] [INFO   ] Nueva orden ORD_00035 desde R15
[19:11:03] [INFO   ] Nueva orden ORD_00036 desde R12
[19:11:03] [INFO   ] Nueva orden ORD_00037 desde R06
[19:11:03] [INFO   ] Nueva orden ORD_00038 desde R01
[19:11:03] [INFO   ] Nueva orden ORD_00039 desde R02
[19:11:03] [INFO   ] Nueva orden ORD_00040 desde R24
[19:11:03] [INFO   ] Nueva orden ORD_00041 desde R16
[19:11:03] [INFO   ] Nueva orden ORD_00042 desde R15
[19:11:03] [INFO   ] Nueva orden ORD_00043 desde R03
[19:11:03] [INFO   ] Nueva orden ORD_00044 desde R10
[19:11:04] [INFO   ] Nueva orden ORD_00045 desde R23
[19:11:04] [INFO   ] Nueva orden ORD_00046 desde R18
[19:11:04] [INFO   ] Nueva orden ORD_00047 desde R05
[19:11:04] [INFO   ] Nueva orden ORD_00048 desde R13
[19:11:04] [INFO   ] Nueva orden ORD_00049 desde R01
[19:11:04] [INFO   ] Nueva orden ORD_00050 desde R17
[19:11:04] [INFO   ] Nueva orden ORD_00051 desde R13
[19:11:04] [INFO   ] Nueva orden ORD_00052 desde R08
[19:11:04] [INFO   ] Nueva orden ORD_00053 desde R05
[19:11:04] [INFO   ] Nueva orden ORD_00054 desde R21
[19:11:05] [INFO   ] Nueva orden ORD_00055 desde R07
[19:11:05] [INFO   ] Nueva orden ORD_00056 desde R25
[19:11:05] [INFO   ] Nueva orden ORD_00057 desde R01
[19:11:05] [INFO   ] Nueva orden ORD_00058 desde R02
[19:11:05] [INFO   ] Nueva orden ORD_00059 desde R09
[19:11:05] [INFO   ] Nueva orden ORD_00060 desde R19
[19:11:05] [INFO   ] Nueva orden ORD_00061 desde R20
[19:11:05] [INFO   ] Nueva orden ORD_00062 desde R22
[19:11:05] [INFO   ] Nueva orden ORD_00063 desde R21
[19:11:05] [INFO   ] Nueva orden ORD_00064 desde R04
[19:11:06] [INFO   ] Nueva orden ORD_00065 desde R14
[19:11:06] [INFO   ] Nueva orden ORD_00066 desde R23
[19:11:06] [INFO   ] Nueva orden ORD_00067 desde R09
[19:11:06] [INFO   ] Nueva orden ORD_00068 desde R18
[19:11:06] [INFO   ] Nueva orden ORD_00069 desde R02
[19:11:06] [INFO   ] Nueva orden ORD_00070 desde R22
[19:11:06] [INFO   ] Nueva orden ORD_00071 desde R02
[19:11:06] [INFO   ] Nueva orden ORD_00072 desde R05
[19:11:06] [INFO   ] Nueva orden ORD_00073 desde R16
[19:11:06] [INFO   ] Nueva orden ORD_00074 desde R21
[19:11:07] [INFO   ] Nueva orden ORD_00075 desde R05
[19:11:07] [INFO   ] Nueva orden ORD_00076 desde R20
[19:11:07] [INFO   ] Nueva orden ORD_00077 desde R20
[19:11:07] [INFO   ] Nueva orden ORD_00078 desde R07
[19:11:07] [INFO   ] Nueva orden ORD_00079 desde R21
[19:11:07] [INFO   ] Nueva orden ORD_00080 desde R16
[19:11:07] [INFO   ] Nueva orden ORD_00081 desde R12
[19:11:07] [INFO   ] Nueva orden ORD_00082 desde R19
[19:11:07] [INFO   ] Nueva orden ORD_00083 desde R15
[19:11:07] [INFO   ] Nueva orden ORD_00084 desde R07
[19:11:08] [INFO   ] Nueva orden ORD_00085 desde R10
[19:11:08] [INFO   ] Nueva orden ORD_00086 desde R03
[19:11:08] [INFO   ] Nueva orden ORD_00087 desde R10
[19:11:08] [INFO   ] Nueva orden ORD_00088 desde R07
[19:11:08] [INFO   ] Nueva orden ORD_00089 desde R13
[19:11:08] [INFO   ] Nueva orden ORD_00090 desde R07
[19:11:08] [INFO   ] Nueva orden ORD_00091 desde R06
[19:11:08] [INFO   ] Nueva orden ORD_00092 desde R19
[19:11:08] [INFO   ] Nueva orden ORD_00093 desde R15
[19:11:08] [INFO   ] Nueva orden ORD_00094 desde R22
[19:11:09] [INFO   ] Nueva orden ORD_00095 desde R14
[19:11:09] [INFO   ] Nueva orden ORD_00096 desde R09
[19:11:09] [INFO   ] Nueva orden ORD_00097 desde R18
[19:11:09] [INFO   ] Nueva orden ORD_00098 desde R08
[19:11:09] [INFO   ] Nueva orden ORD_00099 desde R14
[19:11:09] [INFO   ] Nueva orden ORD_00100 desde R13
[19:11:09] [INFO   ] Nueva orden ORD_00101 desde R17
[19:11:09] [INFO   ] Nueva orden ORD_00102 desde R11
[19:11:09] [INFO   ] Nueva orden ORD_00103 desde R04
[19:11:09] [INFO   ] Nueva orden ORD_00104 desde R01
[19:11:10] [INFO   ] Nueva orden ORD_00105 desde R04
[19:11:10] [INFO   ] Nueva orden ORD_00106 desde R09
[19:11:10] [INFO   ] Nueva orden ORD_00107 desde R16
[19:11:10] [INFO   ] Nueva orden ORD_00108 desde R13
[19:11:10] [INFO   ] Nueva orden ORD_00109 desde R19
[19:11:10] [INFO   ] Nueva orden ORD_00110 desde R13
[19:11:10] [INFO   ] Nueva orden ORD_00111 desde R09
[19:11:10] [INFO   ] Nueva orden ORD_00112 desde R04
[19:11:10] [INFO   ] Nueva orden ORD_00113 desde R17
[19:11:10] [INFO   ] Nueva orden ORD_00114 desde R07
[19:11:11] [INFO   ] Nueva orden ORD_00115 desde R05
[19:11:11] [INFO   ] Nueva orden ORD_00116 desde R19
[19:11:11] [INFO   ] Nueva orden ORD_00117 desde R01
[19:11:11] [INFO   ] Nueva orden ORD_00118 desde R09
[19:11:11] [INFO   ] Nueva orden ORD_00119 desde R05
[19:11:11] [INFO   ] Nueva orden ORD_00120 desde R07
[19:11:11] [INFO   ] Nueva orden ORD_00121 desde R10
[19:11:11] [INFO   ] Nueva orden ORD_00122 desde R17
[19:11:11] [INFO   ] Nueva orden ORD_00123 desde R10
[19:11:11] [INFO   ] Nueva orden ORD_00124 desde R23
[19:11:12] [INFO   ] Nueva orden ORD_00125 desde R13
[19:11:12] [INFO   ] Nueva orden ORD_00126 desde R18
[19:11:12] [INFO   ] Nueva orden ORD_00127 desde R06
[19:11:12] [INFO   ] Nueva orden ORD_00128 desde R16
[19:11:12] [INFO   ] Nueva orden ORD_00129 desde R24
[19:11:12] [INFO   ] Nueva orden ORD_00130 desde R02
[19:11:12] [INFO   ] Nueva orden ORD_00131 desde R02
[19:11:12] [INFO   ] Nueva orden ORD_00132 desde R03
[19:11:12] [INFO   ] Nueva orden ORD_00133 desde R08
[19:11:13] [INFO   ] Nueva orden ORD_00134 desde R09
[19:11:13] [INFO   ] Nueva orden ORD_00135 desde R17
[19:11:13] [INFO   ] Nueva orden ORD_00136 desde R12
[19:11:13] [INFO   ] Nueva orden ORD_00137 desde R19
[19:11:13] [INFO   ] Nueva orden ORD_00138 desde R06
[19:11:13] [INFO   ] Nueva orden ORD_00139 desde R03
[19:11:13] [INFO   ] Nueva orden ORD_00140 desde R24
[19:11:13] [INFO   ] Nueva orden ORD_00141 desde R22
[19:11:14] [INFO   ] Nueva orden ORD_00142 desde R07
[19:11:14] [INFO   ] Nueva orden ORD_00143 desde R09
[19:11:14] [INFO   ] VousCommandez cerrado.
[09:50:47] [INFO   ] Logger inicializado — VousCommandez
[09:50:47] [INFO   ] Iniciando VousCommandez...
[09:50:47] [INFO   ] Grafo cargado: 78 nodos, 290 aristas
[09:50:47] [INFO   ] Verificando nodos de dealers...
[09:50:47] [INFO   ] Simulator configurado. Iniciando render...
[09:50:48] [INFO   ] RendererSFML inicializado — ventana 1280x720
[09:50:49] [INFO   ] Nueva orden ORD_00001 desde R17
[09:50:51] [INFO   ] Nueva orden ORD_00002 desde R05
[09:50:53] [INFO   ] Nueva orden ORD_00003 desde R07
[09:50:55] [INFO   ] Nueva orden ORD_00004 desde R08
[09:50:57] [INFO   ] Nueva orden ORD_00005 desde R09
[09:50:58] [INFO   ] Nueva orden ORD_00006 desde R05
[09:50:59] [INFO   ] Nueva orden ORD_00007 desde R15
[09:50:59] [INFO   ] Nueva orden ORD_00008 desde R21
[09:51:00] [INFO   ] Nueva orden ORD_00009 desde R19
[09:51:00] [INFO   ] Nueva orden ORD_00010 desde R17
[09:51:01] [INFO   ] Nueva orden ORD_00011 desde R19
[09:51:01] [INFO   ] Nueva orden ORD_00012 desde R14
[09:51:02] [INFO   ] Nueva orden ORD_00013 desde R23
[09:51:02] [INFO   ] Nueva orden ORD_00014 desde R05
[09:51:03] [INFO   ] Nueva orden ORD_00015 desde R08
[09:51:03] [INFO   ] Nueva orden ORD_00016 desde R07
[09:51:04] [INFO   ] Nueva orden ORD_00017 desde R23
[09:51:04] [INFO   ] Nueva orden ORD_00018 desde R09
[09:51:05] [INFO   ] Nueva orden ORD_00019 desde R09
[09:51:05] [INFO   ] Nueva orden ORD_00020 desde R20
[09:51:06] [INFO   ] Nueva orden ORD_00021 desde R15
[09:51:06] [INFO   ] Nueva orden ORD_00022 desde R22
[09:51:07] [INFO   ] Nueva orden ORD_00023 desde R01
[09:51:07] [INFO   ] Nueva orden ORD_00024 desde R10
[09:51:08] [INFO   ] Nueva orden ORD_00025 desde R08
[09:51:08] [INFO   ] Nueva orden ORD_00026 desde R01
[09:51:09] [INFO   ] Nueva orden ORD_00027 desde R23
[09:51:09] [INFO   ] Nueva orden ORD_00028 desde R23
[09:51:10] [INFO   ] Nueva orden ORD_00029 desde R22
[09:51:10] [INFO   ] Nueva orden ORD_00030 desde R04
[09:51:11] [INFO   ] Nueva orden ORD_00031 desde R22
[09:51:11] [INFO   ] Nueva orden ORD_00032 desde R07
[09:51:12] [INFO   ] Nueva orden ORD_00033 desde R05
[09:51:12] [INFO   ] Nueva orden ORD_00034 desde R12
[09:51:13] [INFO   ] Nueva orden ORD_00035 desde R22
[09:51:13] [INFO   ] Nueva orden ORD_00036 desde R15
[09:51:13] [INFO   ] Nueva orden ORD_00037 desde R20
[09:51:13] [INFO   ] Nueva orden ORD_00038 desde R12
[09:51:13] [INFO   ] Nueva orden ORD_00039 desde R04
[09:51:13] [INFO   ] Nueva orden ORD_00040 desde R19
[09:51:13] [INFO   ] Nueva orden ORD_00041 desde R02
[09:51:14] [INFO   ] Nueva orden ORD_00042 desde R05
[09:51:14] [INFO   ] Nueva orden ORD_00043 desde R04
[09:51:14] [INFO   ] Nueva orden ORD_00044 desde R03
[09:51:14] [INFO   ] Nueva orden ORD_00045 desde R06
[09:51:14] [INFO   ] Nueva orden ORD_00046 desde R20
[09:51:14] [INFO   ] Nueva orden ORD_00047 desde R15
[09:51:14] [INFO   ] Nueva orden ORD_00048 desde R02
[09:51:14] [INFO   ] Nueva orden ORD_00049 desde R14
[09:51:14] [INFO   ] Nueva orden ORD_00050 desde R20
[09:51:14] [INFO   ] Nueva orden ORD_00051 desde R23
[09:51:15] [INFO   ] Nueva orden ORD_00052 desde R05
[09:51:15] [INFO   ] Nueva orden ORD_00053 desde R07
[09:51:15] [INFO   ] Nueva orden ORD_00054 desde R06
[09:51:15] [INFO   ] Nueva orden ORD_00055 desde R08
[09:51:15] [INFO   ] Nueva orden ORD_00056 desde R25
[09:51:15] [INFO   ] Nueva orden ORD_00057 desde R15
[09:51:15] [INFO   ] Nueva orden ORD_00058 desde R02
[09:51:15] [INFO   ] Nueva orden ORD_00059 desde R11
[09:51:15] [INFO   ] Nueva orden ORD_00060 desde R06
[09:51:15] [INFO   ] Nueva orden ORD_00061 desde R14
[09:51:16] [INFO   ] Nueva orden ORD_00062 desde R03
[09:51:16] [INFO   ] Nueva orden ORD_00063 desde R24
[09:51:16] [INFO   ] Nueva orden ORD_00064 desde R16
[09:51:16] [INFO   ] Nueva orden ORD_00065 desde R07
[09:51:16] [INFO   ] Nueva orden ORD_00066 desde R16
[09:51:16] [INFO   ] Nueva orden ORD_00067 desde R04
[09:51:16] [INFO   ] Nueva orden ORD_00068 desde R05
[09:51:16] [INFO   ] Nueva orden ORD_00069 desde R16
[09:51:16] [INFO   ] Nueva orden ORD_00070 desde R25
[09:51:16] [INFO   ] Nueva orden ORD_00071 desde R21
[09:51:17] [INFO   ] Nueva orden ORD_00072 desde R09
[09:51:17] [INFO   ] Nueva orden ORD_00073 desde R07
[09:51:17] [INFO   ] Nueva orden ORD_00074 desde R18
[09:51:17] [INFO   ] Nueva orden ORD_00075 desde R18
[09:51:17] [INFO   ] Nueva orden ORD_00076 desde R24
[09:51:17] [INFO   ] Nueva orden ORD_00077 desde R01
[09:51:17] [INFO   ] Nueva orden ORD_00078 desde R14
[09:51:17] [INFO   ] Nueva orden ORD_00079 desde R01
[09:51:17] [INFO   ] Nueva orden ORD_00080 desde R16
[09:51:17] [INFO   ] Nueva orden ORD_00081 desde R12
[09:51:18] [INFO   ] Nueva orden ORD_00082 desde R15
[09:51:18] [INFO   ] Nueva orden ORD_00083 desde R12
[09:51:18] [INFO   ] Nueva orden ORD_00084 desde R24
[09:51:18] [INFO   ] Nueva orden ORD_00085 desde R22
[09:51:18] [INFO   ] Nueva orden ORD_00086 desde R04
[09:51:18] [INFO   ] Nueva orden ORD_00087 desde R03
[09:51:18] [INFO   ] Nueva orden ORD_00088 desde R19
[09:51:18] [INFO   ] Nueva orden ORD_00089 desde R22
[09:51:18] [INFO   ] Nueva orden ORD_00090 desde R25
[09:51:18] [INFO   ] Nueva orden ORD_00091 desde R12
[09:51:19] [INFO   ] Nueva orden ORD_00092 desde R08
[09:51:19] [INFO   ] Nueva orden ORD_00093 desde R02
[09:51:19] [INFO   ] Nueva orden ORD_00094 desde R08
[09:51:19] [INFO   ] Nueva orden ORD_00095 desde R03
[09:51:19] [INFO   ] Nueva orden ORD_00096 desde R25
[09:51:19] [INFO   ] Nueva orden ORD_00097 desde R25
[09:51:19] [INFO   ] Nueva orden ORD_00098 desde R14
[09:51:19] [INFO   ] Nueva orden ORD_00099 desde R04
[09:51:19] [INFO   ] Nueva orden ORD_00100 desde R15
[09:51:19] [INFO   ] Nueva orden ORD_00101 desde R12
[09:51:20] [INFO   ] Nueva orden ORD_00102 desde R23
[09:51:20] [INFO   ] Nueva orden ORD_00103 desde R14
[09:51:20] [INFO   ] Nueva orden ORD_00104 desde R17
[09:51:20] [INFO   ] Nueva orden ORD_00105 desde R25
[09:51:20] [INFO   ] Nueva orden ORD_00106 desde R03
[09:51:20] [INFO   ] Nueva orden ORD_00107 desde R18
[09:51:20] [INFO   ] Nueva orden ORD_00108 desde R04
[09:51:20] [INFO   ] Nueva orden ORD_00109 desde R19
[09:51:20] [INFO   ] Nueva orden ORD_00110 desde R17
[09:51:20] [INFO   ] Nueva orden ORD_00111 desde R13
[09:51:21] [INFO   ] Nueva orden ORD_00112 desde R05
[09:51:21] [INFO   ] Nueva orden ORD_00113 desde R09
[09:51:21] [INFO   ] Nueva orden ORD_00114 desde R08
[09:51:21] [INFO   ] Nueva orden ORD_00115 desde R18
[09:51:21] [INFO   ] Nueva orden ORD_00116 desde R10
[09:51:21] [INFO   ] Nueva orden ORD_00117 desde R04
[09:51:21] [INFO   ] Nueva orden ORD_00118 desde R25
[09:51:21] [INFO   ] Nueva orden ORD_00119 desde R20
[09:51:21] [INFO   ] Nueva orden ORD_00120 desde R16
[09:51:21] [INFO   ] Nueva orden ORD_00121 desde R10
[09:51:22] [INFO   ] Nueva orden ORD_00122 desde R07
[09:51:22] [INFO   ] Nueva orden ORD_00123 desde R25
[09:51:22] [INFO   ] Nueva orden ORD_00124 desde R19
[09:51:22] [INFO   ] Nueva orden ORD_00125 desde R14
[09:51:22] [INFO   ] Nueva orden ORD_00126 desde R21
[09:51:22] [INFO   ] Nueva orden ORD_00127 desde R04
[09:51:22] [INFO   ] Nueva orden ORD_00128 desde R04
[09:51:22] [INFO   ] Nueva orden ORD_00129 desde R10
[09:51:22] [INFO   ] Nueva orden ORD_00130 desde R04
[09:51:22] [INFO   ] Nueva orden ORD_00131 desde R10
[09:51:23] [INFO   ] Nueva orden ORD_00132 desde R14
[09:51:23] [INFO   ] Nueva orden ORD_00133 desde R14
[09:51:23] [INFO   ] Nueva orden ORD_00134 desde R09
[09:51:23] [INFO   ] Nueva orden ORD_00135 desde R03
[09:51:23] [INFO   ] Nueva orden ORD_00136 desde R15
[09:51:23] [INFO   ] Nueva orden ORD_00137 desde R25
[09:51:23] [INFO   ] Nueva orden ORD_00138 desde R19
[09:51:23] [INFO   ] Nueva orden ORD_00139 desde R19
[09:51:24] [INFO   ] Nueva orden ORD_00140 desde R01
[09:51:24] [INFO   ] Nueva orden ORD_00141 desde R24
[09:51:24] [INFO   ] Nueva orden ORD_00142 desde R19
[09:51:24] [INFO   ] Nueva orden ORD_00143 desde R21
[09:51:24] [INFO   ] Nueva orden ORD_00144 desde R19
[09:51:24] [INFO   ] Nueva orden ORD_00145 desde R22
[09:51:24] [INFO   ] Nueva orden ORD_00146 desde R09
[09:51:24] [INFO   ] Nueva orden ORD_00147 desde R08
[09:51:25] [INFO   ] Nueva orden ORD_00148 desde R10
[09:51:25] [INFO   ] Nueva orden ORD_00149 desde R20
[09:51:25] [INFO   ] Nueva orden ORD_00150 desde R05
[09:51:25] [INFO   ] Nueva orden ORD_00151 desde R15
[09:51:25] [INFO   ] Nueva orden ORD_00152 desde R21
[09:51:25] [INFO   ] Nueva orden ORD_00153 desde R22
[09:51:25] [INFO   ] Nueva orden ORD_00154 desde R24
[09:51:25] [INFO   ] Nueva orden ORD_00155 desde R19
[09:51:26] [INFO   ] Nueva orden ORD_00156 desde R05
[09:51:26] [INFO   ] Nueva orden ORD_00157 desde R05
[09:51:26] [INFO   ] Nueva orden ORD_00158 desde R09
[09:51:26] [INFO   ] Nueva orden ORD_00159 desde R11
[09:51:26] [INFO   ] Nueva orden ORD_00160 desde R04
[09:51:26] [INFO   ] Nueva orden ORD_00161 desde R18
[09:51:26] [INFO   ] Nueva orden ORD_00162 desde R14
[09:51:26] [INFO   ] Nueva orden ORD_00163 desde R05
[09:51:27] [INFO   ] Nueva orden ORD_00164 desde R19
[09:51:27] [INFO   ] Nueva orden ORD_00165 desde R12
[09:51:27] [INFO   ] Nueva orden ORD_00166 desde R23
[09:51:27] [INFO   ] Nueva orden ORD_00167 desde R20
[09:51:27] [INFO   ] Nueva orden ORD_00168 desde R19
[09:51:27] [INFO   ] Nueva orden ORD_00169 desde R24
[09:51:27] [INFO   ] Nueva orden ORD_00170 desde R11
[09:51:27] [INFO   ] Nueva orden ORD_00171 desde R15
[09:51:28] [INFO   ] Nueva orden ORD_00172 desde R23
[09:51:28] [INFO   ] Nueva orden ORD_00173 desde R11
[09:51:28] [INFO   ] Nueva orden ORD_00174 desde R23
[09:51:28] [INFO   ] Nueva orden ORD_00175 desde R20
[09:51:28] [INFO   ] Nueva orden ORD_00176 desde R18
[09:51:28] [INFO   ] Nueva orden ORD_00177 desde R17
[09:51:28] [INFO   ] Nueva orden ORD_00178 desde R05
[09:51:28] [INFO   ] Nueva orden ORD_00179 desde R17
[09:51:29] [INFO   ] Nueva orden ORD_00180 desde R09
[09:51:29] [INFO   ] Nueva orden ORD_00181 desde R07
[09:51:29] [INFO   ] Nueva orden ORD_00182 desde R07
[09:51:29] [INFO   ] Nueva orden ORD_00183 desde R24
[09:51:29] [INFO   ] Nueva orden ORD_00184 desde R17
[09:51:29] [INFO   ] Nueva orden ORD_00185 desde R05
[09:51:29] [INFO   ] Nueva orden ORD_00186 desde R17
[09:51:29] [INFO   ] Nueva orden ORD_00187 desde R16
[09:51:29] [INFO   ] Nueva orden ORD_00188 desde R16
[09:51:29] [INFO   ] Nueva orden ORD_00189 desde R15
[09:51:30] [INFO   ] Nueva orden ORD_00190 desde R22
[09:51:30] [INFO   ] Nueva orden ORD_00191 desde R06
[09:51:30] [INFO   ] Nueva orden ORD_00192 desde R01
[09:51:30] [INFO   ] Nueva orden ORD_00193 desde R09
[09:51:30] [INFO   ] Nueva orden ORD_00194 desde R06
[09:51:30] [INFO   ] Nueva orden ORD_00195 desde R14
[09:51:30] [INFO   ] Nueva orden ORD_00196 desde R15
[09:51:30] [INFO   ] Nueva orden ORD_00197 desde R06
[09:51:30] [INFO   ] Nueva orden ORD_00198 desde R14
[09:51:30] [INFO   ] Nueva orden ORD_00199 desde R01
[09:51:31] [INFO   ] VousCommandez cerrado.
[10:03:02] [INFO   ] Logger inicializado — VousCommandez
[10:03:02] [INFO   ] Iniciando VousCommandez...
[10:03:02] [INFO   ] Grafo cargado: 78 nodos, 290 aristas
[10:03:02] [INFO   ] Verificando nodos de dealers...
[10:03:02] [INFO   ] Simulator configurado. Iniciando render...
[10:03:03] [INFO   ] RendererSFML inicializado — ventana 1280x720
[10:03:04] [INFO   ] Nueva orden ORD_00001 desde R05
[10:03:06] [INFO   ] Nueva orden ORD_00002 desde R09
[10:03:08] [INFO   ] Nueva orden ORD_00003 desde R06
[10:03:10] [INFO   ] Nueva orden ORD_00004 desde R15
[10:03:12] [INFO   ] Nueva orden ORD_00005 desde R07
[10:03:14] [INFO   ] Nueva orden ORD_00006 desde R19
[10:03:16] [INFO   ] Nueva orden ORD_00007 desde R01
[10:03:18] [INFO   ] Nueva orden ORD_00008 desde R02
[10:03:20] [INFO   ] Nueva orden ORD_00009 desde R21
[10:03:24] [INFO   ] Nueva orden ORD_00010 desde R11
[10:03:24] [INFO   ] Nueva orden ORD_00011 desde R14
[10:03:26] [INFO   ] Nueva orden ORD_00012 desde R05
[10:03:28] [INFO   ] Nueva orden ORD_00013 desde R17
[10:03:30] [INFO   ] Nueva orden ORD_00014 desde R15
[10:03:32] [INFO   ] Nueva orden ORD_00015 desde R10
[10:03:35] [INFO   ] Nueva orden ORD_00016 desde R23
[10:03:36] [INFO   ] Nueva orden ORD_00017 desde R17
[10:03:36] [INFO   ] Nueva orden ORD_00018 desde R15
[10:03:37] [INFO   ] Nueva orden ORD_00019 desde R14
[10:03:37] [INFO   ] Nueva orden ORD_00020 desde R18
[10:03:38] [INFO   ] Nueva orden ORD_00021 desde R03
[10:03:38] [INFO   ] Nueva orden ORD_00022 desde R13
[10:03:39] [INFO   ] Nueva orden ORD_00023 desde R12
[10:03:39] [INFO   ] Nueva orden ORD_00024 desde R04
[10:03:40] [INFO   ] Nueva orden ORD_00025 desde R20
[10:03:40] [INFO   ] Nueva orden ORD_00026 desde R14
[10:03:41] [INFO   ] VousCommandez cerrado.
[20:24:50] [INFO   ] Logger inicializado — VousCommandez
[20:24:50] [INFO   ] Iniciando VousCommandez...
[20:24:50] [INFO   ] Grafo cargado: 78 nodos, 290 aristas
[20:24:50] [INFO   ] Verificando nodos de dealers...
[20:24:50] [INFO   ] Simulator configurado. Iniciando render...
[20:24:51] [INFO   ] RendererSFML inicializado - ventana 1280x720
[20:24:53] [INFO   ] Nueva orden ORD_00001 desde R19
[20:24:55] [INFO   ] Nueva orden ORD_00002 desde R10
[20:24:57] [INFO   ] Nueva orden ORD_00003 desde R21
[20:24:59] [INFO   ] Nueva orden ORD_00004 desde R19
[20:25:01] [INFO   ] Nueva orden ORD_00005 desde R05
[20:25:03] [INFO   ] Nueva orden ORD_00006 desde R08
[20:25:05] [INFO   ] Nueva orden ORD_00007 desde R25
[20:25:09] [INFO   ] Nueva orden ORD_00008 desde R17
[20:25:14] [INFO   ] Nueva orden ORD_00009 desde R17
[20:25:19] [INFO   ] Nueva orden ORD_00010 desde R03
[20:25:24] [INFO   ] Nueva orden ORD_00011 desde R21
[20:25:29] [INFO   ] Nueva orden ORD_00012 desde R21
[20:25:32] [INFO   ] Nueva orden ORD_00013 desde R10
[20:25:34] [INFO   ] Nueva orden ORD_00014 desde R01
[20:25:36] [INFO   ] Nueva orden ORD_00015 desde R18
[20:25:38] [INFO   ] Nueva orden ORD_00016 desde R11
[20:25:40] [INFO   ] Nueva orden ORD_00017 desde R11
[20:25:42] [INFO   ] Nueva orden ORD_00018 desde R16
[20:25:44] [INFO   ] Nueva orden ORD_00019 desde R13
[20:25:45] [INFO   ] Nueva orden ORD_00020 desde R06
[20:25:45] [INFO   ] Nueva orden ORD_00021 desde R10
[20:25:46] [INFO   ] Nueva orden ORD_00022 desde R24
[20:25:46] [INFO   ] Nueva orden ORD_00023 desde R13
[20:25:47] [INFO   ] Nueva orden ORD_00024 desde R15
[20:25:47] [INFO   ] Nueva orden ORD_00025 desde R11
[20:25:48] [INFO   ] Nueva orden ORD_00026 desde R14
[20:25:49] [INFO   ] Nueva orden ORD_00027 desde R22
[20:25:54] [INFO   ] Nueva orden ORD_00028 desde R20
[20:25:59] [INFO   ] Nueva orden ORD_00029 desde R03
[20:26:02] [INFO   ] VousCommandez cerrado.
